frame,score,loss
762,-21.0,0
1639,-21.0,0.013150950893759727
2446,-21.0,0.6283543705940247
3296,-20.0,0.0360540896654129
4217,-19.0,0.006706929765641689
5117,-20.0,0.0686350092291832
5966,-21.0,0.011400576680898666
6845,-21.0,0.003829119261354208
7608,-21.0,0.007760857697576284
8386,-21.0,0.0037778259720653296
9349,-19.0,0.010395228862762451
10265,-20.0,0.008040983229875565
11299,-19.0,0.010586323216557503
12210,-21.0,0.0034978757612407207
13094,-20.0,0.0074953543953597546
13853,-21.0,0.006735032424330711
14707,-21.0,0.00620342418551445
15546,-21.0,0.00832437351346016
16448,-20.0,0.002557469764724374
17237,-21.0,0.0014994123484939337
18016,-21.0,0.0017172801308333874
18802,-21.0,0.011997777968645096
19742,-21.0,0.006916395388543606
20561,-21.0,0.003309180261567235
21474,-21.0,0.0024386239238083363
22468,-19.0,0.00959828495979309
23338,-20.0,0.002501459326595068
24554,-17.0,0.00830428022891283
25420,-20.0,0.002231176011264324
26318,-20.0,0.0038505527190864086
27231,-21.0,0.0033932379446923733
28107,-20.0,0.001244322513230145
28870,-21.0,0.015143460594117641
29627,-21.0,0.0019217469962313771
30602,-20.0,0.006411706563085318
31436,-20.0,0.0014208543580025434
32199,-21.0,0.016895249485969543
33018,-21.0,0.010249442420899868
33848,-20.0,0.004871162120252848
34732,-20.0,0.006055766250938177
35650,-19.0,0.0019192507024854422
36471,-21.0,0.003203097265213728
37233,-21.0,0.0017098181415349245
38070,-21.0,0.002050626790151
38966,-20.0,0.0032479511573910713
39878,-20.0,0.008582275360822678
40716,-21.0,0.007306904997676611
41496,-21.0,0.01217612437903881
42379,-21.0,0.03496050834655762
43143,-21.0,0.002042386680841446
43901,-21.0,0.0034915353171527386
44658,-21.0,0.0017895214259624481
45506,-21.0,0.005214696284383535
46270,-21.0,0.0018653933657333255
47053,-21.0,0.00913483090698719
47833,-21.0,0.0025788997299969196
48671,-20.0,0.01022128202021122
49584,-21.0,0.002492254599928856
50436,-21.0,0.0036568751093000174
51422,-19.0,0.0024077980779111385
52393,-21.0,0.0029712505638599396
53172,-21.0,0.0021632963325828314
53991,-21.0,0.0018856414826586843
54867,-20.0,0.0009788399329409003
55719,-21.0,0.003555835457518697
56477,-21.0,0.0030490655917674303
57301,-21.0,0.0022127884440124035
58087,-21.0,0.0014405264519155025
58874,-21.0,0.003667224431410432
59695,-21.0,0.0095047727227211
60586,-20.0,0.002250831574201584
61404,-21.0,0.002765215002000332
62165,-21.0,0.004370570182800293
63011,-21.0,0.008924160152673721
63787,-21.0,0.00321336486376822
64607,-21.0,0.005655303597450256
65491,-21.0,0.015620873309671879
66311,-21.0,0.004390037152916193
67135,-21.0,0.001926962286233902
67957,-21.0,0.00195916835218668
68735,-21.0,0.004123876802623272
69571,-21.0,0.0075980182737112045
70329,-21.0,0.0013572231400758028
71090,-21.0,0.001031957333907485
71914,-21.0,0.001495070056989789
72859,-21.0,0.0899047926068306
73752,-20.0,0.0013727429322898388
74511,-21.0,0.0005272695561870933
75321,-21.0,0.0009703405085019767
76206,-20.0,0.0009616458555683494
77028,-21.0,0.006694613955914974
77939,-21.0,0.0008503575809299946
78778,-20.0,0.0006588775431737304
79628,-21.0,0.0019332809606567025
80544,-20.0,0.0028562527149915695
81306,-21.0,0.061925724148750305
82095,-21.0,0.012164440006017685
82914,-21.0,0.01969200000166893
83674,-21.0,0.003974422812461853
84431,-21.0,0.007956672459840775
85469,-19.0,0.0046487790532410145
86445,-19.0,0.004141082521528006
87268,-21.0,0.0008328566327691078
88212,-21.0,0.0015512531390413642
89091,-21.0,0.0011224272893741727
89940,-21.0,0.0013239161344245076
90699,-21.0,0.03605594485998154
91476,-21.0,0.004854438826441765
92296,-21.0,0.006736838258802891
93177,-21.0,0.001626260462217033
93940,-21.0,0.0025963536463677883
94761,-21.0,0.0011833315948024392
95521,-21.0,0.005707992240786552
96283,-21.0,0.001602214528247714
97043,-21.0,0.0009879065910354257
97885,-20.0,0.0017228268552571535
98704,-21.0,0.0005589044885709882
99635,-21.0,0.000994930393062532
100399,-21.0,0.000982164405286312
101231,-20.0,0.0025000013411045074
102133,-20.0,0.010957370512187481
102968,-20.0,0.005693470127880573
103846,-21.0,0.0040108212269842625
104665,-21.0,0.001872532768175006
105545,-21.0,0.0028766130562871695
106335,-21.0,0.0016247250605374575
107269,-19.0,0.0009360592230223119
108092,-21.0,0.0018540953751653433
108910,-21.0,0.0007939081988297403
109891,-19.0,0.007252512965351343
110708,-21.0,0.0012772288173437119
111550,-21.0,0.003750850213691592
112314,-21.0,0.0019250998739153147
113073,-21.0,0.0018444532761350274
113835,-21.0,0.002168164122849703
114813,-19.0,0.0016174640040844679
115573,-21.0,0.0016713941004127264
116364,-21.0,0.0005436564097180963
117230,-20.0,0.0012309174053370953
118176,-21.0,0.0014004722470417619
118995,-21.0,0.016422774642705917
119834,-21.0,0.00531318224966526
120620,-21.0,0.0012119356542825699
121428,-21.0,0.056487102061510086
122477,-19.0,0.0018238875782117248
123299,-21.0,0.0015417351387441158
124194,-20.0,0.024136917665600777
124957,-21.0,0.0018414407968521118
125721,-21.0,0.003271038644015789
126538,-21.0,0.0028626115527004004
127476,-21.0,0.0019600733648985624
128235,-21.0,0.0013550646835938096
129058,-21.0,0.0020602867007255554
129868,-21.0,0.024934517219662666
130798,-20.0,0.0006039662403054535
131636,-20.0,0.013308919966220856
132595,-19.0,0.001046498422510922
133411,-21.0,0.0013357067946344614
134252,-20.0,0.002902268897742033
135014,-21.0,0.0012045633047819138
135862,-21.0,0.0005539830308407545
136742,-21.0,0.006513028405606747
137566,-21.0,0.004490769933909178
138507,-21.0,0.001298964605666697
139354,-21.0,0.0011163594899699092
140222,-20.0,0.0012911387020722032
141060,-20.0,0.005412921775132418
141954,-20.0,0.0006501438328996301
142848,-20.0,0.0012468050699681044
143668,-21.0,0.006956286728382111
144426,-21.0,0.026224108412861824
145346,-21.0,0.0013148001162335277
146220,-21.0,0.0014264339115470648
147086,-20.0,0.0006475616246461868
147906,-21.0,0.0010131988674402237
148695,-21.0,0.001193565083667636
149535,-20.0,0.0006432610098272562
150345,-21.0,0.0006905972259119153
151277,-19.0,0.0014364855596795678
152171,-20.0,0.007061131298542023
152935,-21.0,0.0005023032426834106
153854,-20.0,0.00029570417245849967
154782,-20.0,0.00042642743210308254
155600,-21.0,0.0048413653858006
156495,-20.0,0.0012032089289277792
157498,-21.0,0.001238793134689331
158257,-21.0,0.013248054310679436
159081,-21.0,0.0012747421860694885
159844,-21.0,0.0012705090921372175
160663,-21.0,0.0006270765443332493
161453,-21.0,0.001649755984544754
162392,-21.0,0.015805372968316078
163408,-20.0,0.025850381702184677
164328,-20.0,0.0014505027793347836
165149,-21.0,0.0022340642753988504
165986,-20.0,0.03783022612333298
166743,-21.0,0.0014887719880789518
167621,-21.0,0.0009028848726302385
168456,-20.0,0.0011502690613269806
169480,-20.0,0.0012716320343315601
170267,-21.0,0.0028064227662980556
171179,-21.0,0.005953415762633085
172027,-21.0,0.0016813809052109718
172934,-21.0,0.0013195464853197336
173797,-20.0,0.0016055535525083542
174725,-20.0,0.009153736755251884
175542,-21.0,0.0014719136524945498
176305,-21.0,0.0012936557177454233
177123,-21.0,0.0014387964038178325
177886,-21.0,0.0013736130204051733
178721,-20.0,0.002541820053011179
179560,-20.0,0.0019449080573394895
180382,-21.0,0.003227533772587776
181205,-21.0,0.015595857985317707
182025,-21.0,0.009621493518352509
183056,-21.0,0.007864410057663918
183820,-21.0,0.00053944974206388
184681,-20.0,0.0010999152436852455
185643,-21.0,0.001860862597823143
186524,-21.0,0.0016190463211387396
187310,-21.0,0.0030927041079849005
188096,-21.0,0.0026483836118131876
188991,-20.0,0.0016311407089233398
189827,-20.0,0.0035630299244076014
190808,-20.0,0.003308531828224659
191750,-19.0,0.029192568734288216
192589,-20.0,0.0009068141225725412
193351,-21.0,0.0031452069524675608
194168,-21.0,0.0009351728949695826
194948,-21.0,0.0023186763282865286
195932,-21.0,0.002981246681883931
196751,-21.0,0.0011545619927346706
197538,-21.0,0.007987884804606438
198394,-20.0,0.0046657053753733635
199181,-21.0,0.0008664079359732568
200031,-21.0,0.0008864097762852907
200895,-20.0,0.0013045014347881079
201717,-21.0,0.008219672366976738
202779,-18.0,0.013706863857805729
203584,-21.0,0.0027298962231725454
204396,-21.0,0.03098621591925621
205412,-19.0,0.0011106237070634961
206247,-20.0,0.002073338720947504
207099,-21.0,0.004057019483298063
207937,-21.0,0.0016235909424722195
208715,-21.0,0.03180726617574692
209567,-21.0,0.0016645214054733515
210324,-21.0,0.0017035508062690496
211307,-19.0,0.004380823113024235
212265,-21.0,0.03460776060819626
213106,-21.0,0.001886208658106625
213944,-21.0,0.002130943350493908
214826,-21.0,0.00259748799726367
215618,-21.0,0.0032825805246829987
216525,-21.0,0.004501578398048878
217503,-20.0,0.004326484631747007
218475,-19.0,0.004593995399773121
219261,-21.0,0.0014798538759350777
220111,-21.0,0.0017218234715983272
221079,-21.0,0.0023309914395213127
221950,-20.0,0.0005451214965432882
222761,-21.0,0.01763634942471981
223644,-20.0,0.0014944717986509204
224655,-20.0,0.0009677318157628179
225496,-21.0,0.002644026419147849
226374,-21.0,0.0033268770202994347
227361,-20.0,0.0015453974483534694
228214,-20.0,0.006862431764602661
229012,-21.0,0.0017614599782973528
230074,-21.0,0.000587530666962266
230852,-21.0,0.0016098329797387123
231910,-20.0,0.0009097792208194733
232869,-20.0,0.03410406783223152
233692,-21.0,0.0013053284492343664
234941,-20.0,0.002752195578068495
235912,-21.0,0.0016613523475825787
236733,-21.0,0.0030166693031787872
237637,-20.0,0.01584157720208168
238536,-20.0,0.001637629116885364
239356,-21.0,0.02829560823738575
240175,-21.0,0.0016104963142424822
241195,-20.0,0.015442795120179653
242015,-21.0,0.005421314388513565
242897,-21.0,0.002116302028298378
243749,-21.0,0.002088197972625494
244631,-21.0,0.0014812852023169398
245388,-21.0,0.00454339012503624
246256,-20.0,0.009145458228886127
247406,-19.0,0.004095563665032387
248398,-21.0,0.0010660482803359628
249208,-21.0,0.016466068103909492
250250,-19.0,0.003100445494055748
251226,-19.0,0.0021959792356938124
252183,-20.0,0.007179927080869675
253349,-17.0,0.01451957318931818
254194,-21.0,0.00327053340151906
255078,-21.0,0.002768115606158972
256114,-20.0,0.005223987624049187
257092,-19.0,0.002682140562683344
257931,-20.0,0.20799006521701813
258812,-21.0,0.005669496022164822
259873,-18.0,0.0077587394043803215
260967,-19.0,0.007288056425750256
261787,-21.0,0.007435989566147327
262870,-18.0,0.016283761709928513
263830,-19.0,0.002995808143168688
264704,-21.0,0.0013946992112323642
265601,-20.0,0.0037132203578948975
266579,-19.0,0.004686387255787849
267419,-20.0,0.00810153130441904
268486,-19.0,0.0016617784276604652
269455,-20.0,0.015460741706192493
270354,-20.0,0.0019404080230742693
271301,-21.0,0.01279816310852766
272116,-21.0,0.0224147979170084
273116,-19.0,0.02405405044555664
273934,-21.0,0.0020226645283401012
274851,-20.0,0.0033835454378277063
275687,-20.0,0.0022033806890249252
276704,-20.0,0.0020121661946177483
277784,-19.0,0.003249378874897957
278836,-19.0,0.002853868994861841
279839,-21.0,0.0042177168652415276
280719,-21.0,0.005177441518753767
281812,-20.0,0.014888460747897625
282750,-21.0,0.009448890574276447
283509,-21.0,0.0027193340938538313
284346,-21.0,0.0014766009990125895
285376,-21.0,0.0019109414424747229
286257,-21.0,0.007851086556911469
287233,-19.0,0.0016100918874144554
288131,-20.0,0.005445749498903751
289000,-20.0,0.0014399518258869648
289962,-20.0,0.0012002279981970787
290721,-21.0,0.005669146776199341
291563,-20.0,0.04084658622741699
292513,-20.0,0.0019026377703994513
293384,-21.0,0.0021743974648416042
294232,-21.0,0.001626679440960288
295056,-21.0,0.00286860391497612
295961,-20.0,0.002078146440908313
296784,-21.0,0.0019398774020373821
297542,-21.0,0.0016947841504588723
298366,-21.0,0.002220210386440158
299128,-21.0,0.00515637407079339
300010,-21.0,0.012415774166584015
300967,-20.0,0.00210839556530118
301835,-20.0,0.004189519211649895
302677,-20.0,0.0062140487134456635
303574,-20.0,0.010712903924286366
304453,-21.0,0.003688658121973276
305469,-21.0,0.004111414775252342
306360,-20.0,0.003945890814065933
307273,-20.0,0.008942044340074062
308119,-21.0,0.003802630817517638
309046,-20.0,0.001639347756281495
309883,-20.0,0.002293654717504978
310724,-20.0,0.00939076766371727
311606,-21.0,0.0009000353165902197
312491,-21.0,0.001780178165063262
313435,-21.0,0.008084389381110668
314216,-21.0,0.0022476171143352985
315098,-21.0,0.0020142262801527977
315878,-21.0,0.021008223295211792
316731,-21.0,0.0031644534319639206
317738,-21.0,0.004754022695124149
318775,-20.0,0.0011259396560490131
319729,-20.0,0.006147465668618679
320693,-20.0,0.0024758069775998592
321590,-20.0,0.026248406618833542
322414,-21.0,0.003625463228672743
323273,-20.0,0.006851314567029476
324261,-20.0,0.0034413477405905724
325462,-20.0,0.006278244778513908
326356,-20.0,0.0031905462965369225
327201,-21.0,0.005578722804784775
328138,-21.0,0.0059720417484641075
328973,-20.0,0.0016294496599584818
329907,-21.0,0.0004697221447713673
330778,-20.0,0.002053737873211503
331793,-20.0,0.011514446698129177
332671,-21.0,0.0017516922671347857
333678,-20.0,0.004886320326477289
334527,-21.0,0.004762694239616394
335349,-21.0,0.002186424331739545
336173,-21.0,0.01275559887290001
336991,-21.0,0.0074109104461967945
337831,-20.0,0.015762317925691605
338820,-20.0,0.003462285501882434
339642,-21.0,0.0016268901526927948
340419,-21.0,0.034863054752349854
341258,-20.0,0.02506338432431221
342198,-21.0,0.013948015868663788
343037,-20.0,0.002063984517008066
343875,-20.0,0.0026416240725666285
345029,-17.0,0.001904378179460764
345847,-21.0,0.0007718619308434427
346743,-20.0,0.0011138060363009572
347630,-20.0,0.004790247417986393
348453,-21.0,0.0022025741636753082
349272,-21.0,0.0026054761838167906
350272,-21.0,0.003397890366613865
351093,-21.0,0.001299200113862753
351913,-21.0,0.001353009487502277
352701,-21.0,0.002006412949413061
353855,-19.0,0.0031550368294119835
354720,-20.0,0.04446921497583389
355540,-21.0,0.01056261919438839
356532,-21.0,0.004001203924417496
357701,-21.0,0.007181352004408836
358598,-20.0,0.0032763504423201084
359436,-20.0,0.0027173273265361786
360273,-20.0,0.008073432371020317
361090,-21.0,0.028780251741409302
361960,-20.0,0.01180608756840229
362877,-20.0,0.002232927829027176
364123,-19.0,0.012971527874469757
365120,-21.0,0.0022255212534219027
366155,-20.0,0.0033157477155327797
367111,-20.0,0.023841675370931625
368066,-19.0,0.00368939689360559
369105,-19.0,0.011181129142642021
369963,-20.0,0.004817646462470293
370752,-21.0,0.0024238035548478365
371714,-20.0,0.004783503711223602
372539,-21.0,0.016601791605353355
373590,-19.0,0.0023927330039441586
374413,-21.0,0.016811193898320198
375309,-21.0,0.0018998689483851194
376487,-19.0,0.0009626940009184182
377337,-21.0,0.0029455965850502253
378356,-20.0,0.002392654772847891
379148,-21.0,0.008288861252367496
379968,-21.0,0.0011787215480580926
380806,-20.0,0.0009127645753324032
381629,-21.0,0.01224939338862896
382715,-17.0,0.0018736306810751557
383797,-19.0,0.0025716505479067564
384780,-20.0,0.004987870343029499
385776,-19.0,0.006730208173394203
386793,-20.0,0.009982706047594547
387789,-19.0,0.003483698470517993
388713,-20.0,0.008600348606705666
389844,-19.0,0.014657490886747837
390604,-21.0,0.004736955743283033
391604,-19.0,0.0022588397841900587
392559,-20.0,0.0033323282841593027
393505,-19.0,0.0038430015556514263
394499,-20.0,0.006062293890863657
395368,-20.0,0.005235743708908558
396214,-21.0,0.0013316073454916477
397293,-19.0,0.0011396645568311214
398143,-21.0,0.0018838250543922186
399291,-19.0,0.0067830015905201435
400108,-21.0,0.007118073292076588
401142,-20.0,0.009215669706463814
402284,-18.0,0.020660515874624252
403148,-21.0,0.0029754573479294777
404152,-21.0,0.03000512160360813
405089,-21.0,0.006495942827314138
405881,-21.0,0.009199121966958046
406946,-20.0,0.012159322388470173
407904,-21.0,0.0011958591639995575
409000,-18.0,0.00730679277330637
409846,-21.0,0.0032287687063217163
410666,-21.0,0.007753266021609306
411555,-20.0,0.007525402586907148
412388,-21.0,0.0015229842392727733
413238,-21.0,0.003514548996463418
414060,-21.0,0.0026578300166875124
414941,-21.0,0.040109023451805115
415808,-20.0,0.018801186233758926
416570,-21.0,0.012184563092887402
417587,-20.0,0.002053127158433199
418349,-21.0,0.005981698632240295
419113,-21.0,0.011768353171646595
419877,-21.0,0.006520255468785763
420855,-20.0,0.12198351323604584
421848,-20.0,0.006428314372897148
422816,-21.0,0.001985176932066679
423769,-20.0,0.007853994145989418
424604,-20.0,0.002049218863248825
425450,-21.0,0.007286341395229101
426362,-20.0,0.01690586842596531
427213,-21.0,0.0011815113248303533
428032,-21.0,0.01020143274217844
428932,-20.0,0.017153345048427582
429722,-21.0,0.005246075801551342
430602,-21.0,0.003739678766578436
431482,-21.0,0.024145308881998062
432362,-21.0,0.0026998769026249647
433182,-21.0,0.004671871662139893
434018,-20.0,0.001830442575737834
434910,-20.0,0.005788610782474279
435924,-20.0,0.0020663542672991753
436835,-21.0,0.0045196013525128365
437745,-21.0,0.0040601398795843124
438593,-21.0,0.002226518699899316
439463,-20.0,0.0011794976890087128
440540,-19.0,0.003986661322414875
441376,-21.0,0.008290165103971958
442225,-21.0,0.008862107992172241
443238,-19.0,0.008075203746557236
444378,-19.0,0.0034748611506074667
445316,-21.0,0.004125375300645828
446184,-20.0,0.0040109725669026375
447266,-20.0,0.0027788400184363127
448205,-21.0,0.0015850432682782412
449050,-21.0,0.001938588684424758
450078,-21.0,0.002567125018686056
450975,-21.0,0.002541008871048689
451762,-21.0,0.008592930622398853
452582,-21.0,0.010447950102388859
453447,-20.0,0.01749732717871666
454225,-21.0,0.0024973039980977774
455123,-20.0,0.006062862928956747
455912,-21.0,0.0014520530821755528
456867,-21.0,0.02202216163277626
457734,-20.0,0.0034791389480233192
458634,-20.0,0.003181039122864604
459414,-21.0,0.004107071086764336
460299,-20.0,0.009107274934649467
461289,-20.0,0.00561005063354969
462389,-20.0,0.004290178418159485
463298,-21.0,0.004899859894067049
464164,-20.0,0.006125664804130793
465246,-18.0,0.0018289664294570684
466095,-21.0,0.0012837608810514212
466948,-21.0,0.00123106490354985
467769,-21.0,0.0031689333263784647
468972,-19.0,0.0022855554707348347
469960,-21.0,0.013758592307567596
470885,-20.0,0.01569432206451893
471885,-21.0,0.009250380098819733
472766,-21.0,0.00440625287592411
473753,-20.0,0.008352098986506462
474719,-21.0,0.005105569027364254
475603,-20.0,0.008966902270913124
476515,-20.0,0.0033896109089255333
477515,-21.0,0.004424808546900749
478393,-21.0,0.004526462871581316
479229,-20.0,0.00138196034822613
480127,-20.0,0.006218354683369398
480963,-20.0,0.006636901758611202
482068,-19.0,0.004802555311471224
482943,-21.0,0.005747764836996794
484078,-20.0,0.0036970041692256927
485248,-19.0,0.007931331172585487
486230,-20.0,0.0068063377402722836
487271,-20.0,0.014325877651572227
488121,-21.0,0.005669895093888044
489015,-21.0,0.010933252982795238
490073,-20.0,0.003318238537758589
491044,-21.0,0.0039412956684827805
491892,-21.0,0.011191336438059807
492985,-19.0,0.0037449528463184834
494086,-19.0,0.008043571375310421
495059,-21.0,0.004786650650203228
495996,-19.0,0.0022047567181289196
497030,-19.0,0.01905875653028488
498166,-20.0,0.002873931545764208
499007,-20.0,0.006327598821371794
499873,-20.0,0.007618634030222893
500723,-21.0,0.02818407118320465
501623,-21.0,0.0025529616978019476
502563,-21.0,0.0027590508107095957
503999,-16.0,0.002355105010792613
505212,-19.0,0.18444082140922546
506233,-19.0,0.006432211026549339
507131,-20.0,0.004951726645231247
508303,-20.0,0.02157997339963913
509319,-20.0,0.02136320061981678
510379,-20.0,0.0030293751042336226
511352,-21.0,0.007831737399101257
512719,-18.0,0.010686121881008148
513595,-21.0,0.08030195534229279
514652,-19.0,0.002504704985767603
515717,-20.0,0.005442904774099588
516838,-19.0,0.0007994109182618558
517876,-19.0,0.012902388349175453
518980,-21.0,0.002559543587267399
520067,-19.0,0.006436572410166264
520975,-21.0,0.01016199216246605
521976,-19.0,0.004446299280971289
522989,-19.0,0.02150164544582367
524144,-20.0,0.0027584959752857685
524986,-20.0,0.0034370855428278446
525862,-21.0,0.016682960093021393
526959,-19.0,0.019184667617082596
527857,-21.0,0.03587294742465019
529034,-18.0,0.009341076016426086
530165,-19.0,0.005773746408522129
531239,-21.0,0.0019177019130438566
532376,-18.0,0.00439810287207365
533168,-21.0,0.0030666047241538763
534292,-19.0,0.0032826047390699387
535328,-19.0,0.007769700605422258
536426,-21.0,0.005499027669429779
537329,-20.0,0.003366334829479456
538192,-21.0,0.06276192516088486
539164,-20.0,0.011078564450144768
540428,-17.0,0.003215086180716753
541577,-18.0,0.002056366065517068
542536,-21.0,0.0010368982329964638
543511,-20.0,0.021184738725423813
544351,-21.0,0.00200484087690711
545395,-19.0,0.005010402761399746
546359,-21.0,0.001990905497223139
547504,-19.0,0.00473534781485796
548432,-19.0,0.0022507451940327883
549374,-20.0,0.005491308867931366
550297,-20.0,0.01525202114135027
551190,-20.0,0.0019897781312465668
552137,-20.0,0.0029893158935010433
553022,-21.0,0.0048472024500370026
554089,-19.0,0.010585973039269447
554913,-21.0,0.007892775349318981
555883,-21.0,0.006874373182654381
557079,-18.0,0.01724790781736374
558126,-20.0,0.08546604216098785
558908,-21.0,0.002420577220618725
559840,-20.0,0.004825622774660587
560775,-21.0,0.0021767024882137775
561809,-19.0,0.010493965819478035
562798,-20.0,0.003347050165757537
563894,-18.0,0.002572827972471714
564793,-21.0,0.018597833812236786
565570,-21.0,0.0024037673138082027
566675,-18.0,0.004085259046405554
567457,-21.0,0.008727540262043476
568459,-20.0,0.0023040128871798515
569515,-20.0,0.0035557299852371216
570566,-20.0,0.004755645990371704
571667,-18.0,0.0061406781896948814
572526,-21.0,0.0036288246046751738
573448,-21.0,0.008063427172601223
574519,-20.0,0.005973525810986757
575423,-21.0,0.012736768461763859
576449,-21.0,0.002431066706776619
577471,-21.0,0.0075255162082612514
578676,-17.0,0.00735342875123024
579768,-20.0,0.0014113131910562515
580771,-19.0,0.003999252803623676
581973,-17.0,0.011163728311657906
582921,-19.0,0.006155773065984249
583969,-21.0,0.001629530917853117
584834,-21.0,0.003158746287226677
585712,-21.0,0.006501330528408289
586748,-19.0,0.010124770924448967
587839,-19.0,0.005725995637476444
588702,-20.0,0.011522617191076279
589827,-18.0,0.0011536472011357546
590758,-20.0,0.0038535231724381447
591987,-20.0,0.0039167338982224464
592933,-19.0,0.003043197561055422
594033,-19.0,0.00406914297491312
594938,-21.0,0.004708470776677132
596026,-19.0,0.0016475204611197114
597048,-20.0,0.004715536255389452
597996,-21.0,0.0014149595517665148
598862,-21.0,0.005166737362742424
600023,-20.0,0.0016470993869006634
601276,-19.0,0.012629617005586624
602141,-20.0,0.009708017110824585
603247,-20.0,0.006495327688753605
604226,-21.0,0.003113332437351346
605408,-20.0,0.0047251335345208645
606360,-21.0,0.010430965572595596
607462,-20.0,0.0011256163707002997
608467,-20.0,0.00413083378225565
609588,-20.0,0.030557870864868164
610549,-20.0,0.006256559398025274
611432,-21.0,0.008446273393929005
612300,-21.0,0.0022814793046563864
613306,-20.0,0.0030747875571250916
614225,-20.0,0.002805070485919714
615304,-19.0,0.003953314386308193
616108,-21.0,0.004096244461834431
617132,-21.0,0.010213682428002357
618029,-21.0,0.011068005114793777
619189,-20.0,0.002244573784992099
620242,-20.0,0.022431954741477966
621208,-21.0,0.0016085619572550058
622026,-21.0,0.004816815722733736
623061,-19.0,0.0022517042234539986
624184,-19.0,0.0052759358659386635
625051,-21.0,0.026616962626576424
625893,-20.0,0.006676807068288326
627048,-17.0,0.00296783703379333
628010,-20.0,0.001455827383324504
629079,-19.0,0.008240449242293835
629987,-21.0,0.004102272912859917
631100,-19.0,0.00536967720836401
632097,-19.0,0.0009115732973441482
632974,-21.0,0.004970165900886059
633819,-21.0,0.004035972058773041
634942,-18.0,0.0014578575501218438
636071,-20.0,0.007656947709619999
637000,-21.0,0.0010624276474118233
637934,-20.0,0.008956065401434898
639079,-19.0,0.0012533143162727356
640293,-17.0,0.0033164294436573982
641301,-19.0,0.006729576736688614
642435,-19.0,0.008151547983288765
643472,-20.0,0.0058911750093102455
644668,-17.0,0.006561584305018187
645757,-18.0,0.012449821457266808
646852,-20.0,0.007307793013751507
648055,-19.0,0.006936340127140284
649118,-18.0,0.004833690822124481
649991,-20.0,0.024950042366981506
651120,-18.0,0.003185451962053776
652018,-20.0,0.006740993820130825
652905,-21.0,0.008347924798727036
654067,-20.0,0.0030273268930613995
655101,-20.0,0.005565265193581581
656134,-19.0,0.007911251857876778
657274,-19.0,0.004327093251049519
658297,-19.0,0.001418229308910668
659210,-21.0,0.006108678877353668
660618,-17.0,0.0028414595872163773
661646,-21.0,0.0013793690595775843
662745,-20.0,0.005379135720431805
663907,-20.0,0.004423278849571943
664975,-20.0,0.0013788302894681692
665901,-20.0,0.0038043793756514788
667081,-19.0,0.0050527965649962425
668365,-18.0,0.002839951077476144
669260,-20.0,0.004358556121587753
670414,-19.0,0.01332896389067173
671719,-19.0,0.002381289843469858
672847,-20.0,0.01044362410902977
673929,-21.0,0.0022804297041147947
675126,-19.0,0.012864415533840656
676407,-19.0,0.0036898143589496613
677473,-21.0,0.026192812249064445
678956,-19.0,0.014565146528184414
679945,-20.0,0.029842065647244453
681006,-21.0,0.03855180740356445
682202,-20.0,0.01584494113922119
683182,-21.0,0.00869053415954113
684129,-21.0,0.032433923333883286
685330,-19.0,0.005420726258307695
686539,-19.0,0.002041296800598502
687711,-20.0,0.0038925944827497005
688776,-21.0,0.010346652939915657
689901,-19.0,0.02211383543908596
690967,-20.0,0.00883355550467968
691940,-21.0,0.0023361570201814175
692999,-21.0,0.0028798202984035015
693897,-21.0,0.010030938312411308
694866,-21.0,0.0077748666517436504
695871,-20.0,0.033671967685222626
697338,-19.0,0.006745800841599703
698414,-21.0,0.008375179953873158
699584,-21.0,0.007376743480563164
700483,-20.0,0.0030344128608703613
701533,-19.0,0.004899540450423956
702805,-17.0,0.0023509846068918705
703901,-21.0,0.003459217958152294
704748,-21.0,0.00729926023632288
705590,-21.0,0.009180151857435703
706553,-19.0,0.024051368236541748
707692,-20.0,0.0036390009336173534
708796,-19.0,0.003025260753929615
709910,-20.0,0.0012302647810429335
711105,-19.0,0.008661980740725994
711994,-21.0,0.0049047283828258514
713023,-19.0,0.008119413629174232
714017,-20.0,0.011462816968560219
715045,-19.0,0.005815498530864716
716121,-21.0,0.006475620903074741
717240,-20.0,0.0029938924126327038
718358,-19.0,0.03679385408759117
719364,-20.0,0.007243205793201923
720592,-21.0,0.0037636435590684414
721793,-19.0,0.022492647171020508
722752,-21.0,0.004065132234245539
723875,-20.0,0.013064101338386536
724997,-20.0,0.002979178912937641
725883,-20.0,0.004242714960128069
727046,-19.0,0.011380945332348347
728333,-19.0,0.015423523262143135
729262,-20.0,0.005413624458014965
730395,-18.0,0.006042083725333214
731558,-18.0,0.004147224593907595
732795,-16.0,0.004672479350119829
733824,-20.0,0.009377118200063705
734979,-19.0,0.005207524634897709
736173,-17.0,0.03741781786084175
737527,-20.0,0.006168889347463846
738662,-20.0,0.012987220659852028
740086,-19.0,0.011959446594119072
741449,-18.0,0.004111186601221561
742538,-20.0,0.009821057319641113
743588,-20.0,0.012187142856419086
744762,-20.0,0.003540521254763007
745843,-20.0,0.005542676895856857
746920,-21.0,0.0041107432916760445
748297,-20.0,0.00606404896825552
749561,-18.0,0.004049345850944519
750758,-19.0,0.00566916773095727
751972,-18.0,0.007612520828843117
753037,-20.0,0.005200331564992666
754068,-21.0,0.0064734891057014465
755266,-18.0,0.0060747284442186356
756348,-21.0,0.015583609230816364
757226,-21.0,0.0026359213516116142
758395,-21.0,0.021549390628933907
759615,-20.0,0.005170872434973717
760618,-21.0,0.007520407438278198
761770,-21.0,0.07216612994670868
762981,-18.0,0.03756139054894447
764143,-21.0,0.014713267795741558
765041,-21.0,0.010419667698442936
766105,-21.0,0.035418394953012466
767374,-18.0,0.031196750700473785
768531,-19.0,0.04087412357330322
769546,-21.0,0.00986400991678238
770678,-21.0,0.00686289370059967
771726,-21.0,0.009401967748999596
773074,-19.0,0.016254834830760956
774226,-20.0,0.014876516535878181
775482,-18.0,0.014638113789260387
776469,-20.0,0.006105398293584585
777486,-21.0,0.0035112539771944284
778716,-19.0,0.026801010593771935
779864,-19.0,0.014179600402712822
781219,-16.0,0.020792068913578987
782162,-21.0,0.03529699146747589
783374,-20.0,0.013116427697241306
784461,-20.0,0.005736896768212318
785517,-19.0,0.0029385376255959272
786730,-20.0,0.0215375367552042
787997,-19.0,0.005703928880393505
789315,-18.0,0.027206139639019966
790556,-21.0,0.004419890232384205
791822,-19.0,0.008395807817578316
792895,-19.0,0.015464597381651402
793771,-20.0,0.021182818338274956
794702,-20.0,0.007382503245025873
795844,-18.0,0.0072093866765499115
797056,-20.0,0.04598178341984749
798453,-15.0,0.12001130729913712
799828,-18.0,0.01683429628610611
801272,-17.0,0.01302601769566536
802541,-16.0,0.045953668653964996
803678,-20.0,0.008479508571326733
804713,-20.0,0.015570792369544506
805758,-21.0,0.0057920245453715324
806657,-20.0,0.02554919198155403
807617,-20.0,0.009640544652938843
808929,-15.0,0.011464908719062805
809894,-19.0,0.04033472388982773
810844,-20.0,0.012841416522860527
811994,-19.0,0.010311276651918888
813091,-20.0,0.007789136841893196
814355,-17.0,0.02167002484202385
815614,-21.0,0.02704310044646263
816727,-19.0,0.005097361747175455
817649,-20.0,0.007477826438844204
818661,-20.0,0.0060252901166677475
820085,-17.0,0.018748285248875618
821039,-21.0,0.05406542122364044
822229,-21.0,0.019023941829800606
823390,-19.0,0.010233884677290916
824423,-20.0,0.008641253225505352
825807,-18.0,0.0040262555703520775
826988,-18.0,0.014098484069108963
828055,-19.0,0.020827513188123703
829412,-19.0,0.27166512608528137
830811,-17.0,0.014243271201848984
831929,-18.0,0.042308371514081955
833440,-19.0,0.02379307895898819
834539,-20.0,0.02338315360248089
835788,-19.0,0.026503991335630417
836833,-19.0,0.010215415619313717
837840,-20.0,0.03273085504770279
838850,-20.0,0.005232863128185272
839835,-19.0,0.013287950307130814
840831,-20.0,0.0698314756155014
842120,-17.0,0.010258477181196213
843859,-13.0,0.013324127532541752
844984,-20.0,0.005678266286849976
846235,-20.0,0.0050953528843820095
847269,-20.0,0.07818422466516495
848362,-19.0,0.23591703176498413
849360,-20.0,0.016027558594942093
850602,-18.0,0.0203876793384552
851782,-17.0,0.021077588200569153
852843,-18.0,0.009319812059402466
854214,-18.0,0.007203222718089819
855574,-19.0,0.011220843531191349
856521,-20.0,0.01786591112613678
857711,-19.0,0.012930383905768394
858940,-20.0,0.02543659508228302
860075,-20.0,0.0038950378075242043
861511,-21.0,0.005390208214521408
862913,-20.0,0.0523422509431839
864098,-20.0,0.011439529247581959
865393,-19.0,0.024112466722726822
866787,-19.0,0.026763098314404488
867769,-20.0,0.009348565712571144
869023,-19.0,0.0030269911512732506
870254,-17.0,0.028053319081664085
871498,-20.0,0.009349210187792778
872694,-19.0,0.04098726809024811
873730,-21.0,0.008843428455293179
875380,-16.0,0.006403718143701553
876501,-21.0,0.019139103591442108
877879,-18.0,0.0071831452660262585
879216,-19.0,0.03219287469983101
880311,-19.0,0.008713200688362122
881554,-18.0,0.008338190615177155
882622,-19.0,0.007427580188959837
883844,-20.0,0.037735842168331146
885021,-20.0,0.005801391787827015
886141,-20.0,0.031720951199531555
887297,-21.0,0.02135646343231201
888884,-17.0,0.013352828100323677
890104,-17.0,0.01722131483256817
891237,-21.0,0.009770559147000313
892561,-18.0,0.009868979454040527
893772,-21.0,0.05507149547338486
894843,-21.0,0.020854126662015915
896073,-19.0,0.025853391736745834
897282,-20.0,0.007595470175147057
898282,-20.0,0.010934346355497837
899386,-20.0,0.038466453552246094
900579,-18.0,0.006169385276734829
902046,-20.0,0.18813444674015045
903243,-20.0,0.013453910127282143
904498,-19.0,0.057650744915008545
905693,-19.0,0.2274555265903473
907239,-19.0,0.01561084296554327
908471,-21.0,0.019226275384426117
909946,-18.0,0.029351308941841125
910976,-21.0,0.011258128099143505
912480,-19.0,0.009313060902059078
913856,-18.0,0.019879784435033798
915310,-18.0,0.009828457608819008
916863,-18.0,0.012271619401872158
918091,-21.0,0.01823183335363865
919196,-21.0,0.004202151671051979
920302,-20.0,0.027361523360013962
921380,-20.0,0.0186903215944767
922656,-19.0,0.034013886004686356
923824,-20.0,0.009548179805278778
924761,-19.0,0.20270371437072754
926083,-19.0,0.02005174569785595
927382,-20.0,0.03639904409646988
928650,-20.0,0.01588061824440956
929988,-17.0,0.007120837457478046
931239,-20.0,0.007022922858595848
932539,-18.0,0.003949814476072788
934017,-19.0,0.0032775774598121643
935428,-17.0,0.015796232968568802
936596,-21.0,0.021522562950849533
937750,-20.0,0.2511412501335144
938944,-20.0,0.062086280435323715
940176,-18.0,0.023493025451898575
941314,-20.0,0.012996680103242397
942603,-20.0,0.005105405114591122
944111,-18.0,0.016278281807899475
945369,-18.0,0.006524235941469669
946573,-20.0,0.0035821297205984592
947936,-19.0,0.01976107247173786
949380,-17.0,0.009596779942512512
950871,-17.0,0.016523202881217003
952191,-20.0,0.016403764486312866
953279,-20.0,0.009107890538871288
954644,-17.0,0.007751672528684139
955763,-20.0,0.03487810492515564
956916,-21.0,0.01910436898469925
958234,-19.0,0.04438222944736481
959475,-20.0,0.024424880743026733
960764,-16.0,0.03341454267501831
962023,-20.0,0.02399677410721779
963639,-17.0,0.03154020011425018
964916,-18.0,0.00522956158965826
966109,-19.0,0.014809361658990383
967575,-17.0,0.008680319413542747
969178,-16.0,0.006078334990888834
970923,-17.0,0.020746028050780296
972385,-20.0,0.009562392719089985
973616,-20.0,0.023709243163466454
975151,-18.0,0.015403343364596367
976512,-20.0,0.010273180902004242
977892,-19.0,0.004548265598714352
978985,-19.0,0.012346199713647366
980617,-19.0,0.006287232972681522
982076,-19.0,0.007644545286893845
983683,-18.0,0.014257676899433136
984903,-19.0,0.013254521414637566
986205,-21.0,0.020901814103126526
987430,-19.0,0.015599523670971394
988534,-19.0,0.008609822951257229
989801,-17.0,0.007850286550819874
991132,-20.0,0.002733954694122076
992327,-21.0,0.015205263160169125
993542,-20.0,0.022540071979165077
994786,-18.0,0.011959157884120941
995769,-21.0,0.32688745856285095
997099,-18.0,0.04120561480522156
998417,-19.0,0.004408916924148798
999646,-19.0,0.023726973682641983
1000586,-20.0,0.02446390874683857
1001910,-18.0,0.13199695944786072
1003431,-17.0,0.022162916138768196
1005096,-17.0,0.022245455533266068
1006711,-18.0,0.02174452133476734
1008129,-18.0,0.016697421669960022
1009617,-17.0,0.01792076975107193
1010773,-19.0,0.22441639006137848
1012083,-19.0,0.0051921880804002285
1013457,-21.0,0.006397843360900879
1014914,-19.0,0.1079481989145279
1016194,-20.0,0.007171105593442917
1017804,-19.0,0.012945531867444515
1019108,-19.0,0.016458146274089813
1020476,-18.0,0.006458203308284283
1021691,-18.0,0.008185219019651413
1022873,-20.0,0.03011442720890045
1024314,-17.0,0.007858367636799812
1025577,-17.0,0.01581387221813202
1027025,-18.0,0.010145021602511406
1028391,-19.0,0.017078984528779984
1030051,-18.0,0.01203244086354971
1031351,-19.0,0.004949243739247322
1032741,-18.0,0.005825298372656107
1034228,-18.0,0.018178999423980713
1035555,-20.0,0.019271276891231537
1037011,-19.0,0.03205055743455887
1038629,-17.0,0.009002430364489555
1040260,-17.0,0.013095630332827568
1041557,-21.0,0.015100892633199692
1042885,-19.0,0.01704339124262333
1044270,-17.0,0.0181257426738739
1045725,-19.0,0.008016832172870636
1047031,-18.0,0.018700122833251953
1048545,-17.0,0.009425251744687557
1049917,-18.0,0.024719085544347763
1051239,-18.0,0.02997308038175106
1052327,-18.0,0.0020697305444628
1053966,-17.0,0.005730397067964077
1055048,-20.0,0.025340091437101364
1056385,-19.0,0.03537476807832718
1057964,-16.0,0.008360440842807293
1059491,-19.0,0.008589962497353554
1060758,-19.0,0.020814888179302216
1061873,-18.0,0.0023028177674859762
1063209,-17.0,0.0035099831875413656
1064588,-18.0,0.022475942969322205
1065839,-21.0,0.047553129494190216
1067279,-17.0,0.00915504340082407
1068627,-19.0,0.014594340696930885
1069919,-19.0,0.010851912200450897
1071214,-20.0,0.10148598998785019
1073016,-15.0,0.00638594152405858
1074279,-18.0,0.01129969209432602
1075480,-18.0,0.01038273423910141
1076927,-21.0,0.008801351301372051
1078243,-21.0,0.011558224447071552
1079614,-18.0,0.004725993610918522
1081163,-18.0,0.013713929802179337
1082391,-19.0,0.029469462111592293
1083818,-21.0,0.03189197555184364
1085414,-19.0,0.005886104889214039
1087189,-13.0,0.0165109820663929
1088403,-19.0,0.013931406661868095
1089858,-19.0,0.015118522569537163
1091509,-18.0,0.017165333032608032
1092953,-16.0,0.008367715403437614
1094527,-16.0,0.01627970114350319
1095678,-20.0,0.05049428716301918
1097551,-14.0,0.0039302590303123
1099047,-16.0,0.0228221844881773
1100519,-17.0,0.012411774136126041
1101804,-18.0,0.008469099178910255
1102825,-20.0,0.0028381720185279846
1104126,-20.0,0.0171249657869339
1105503,-19.0,0.011660020798444748
1106832,-20.0,0.00613031443208456
1107871,-20.0,0.022019360214471817
1109220,-18.0,0.03069918602705002
1110930,-20.0,0.02517015114426613
1112738,-14.0,0.006860166322439909
1113963,-21.0,0.011880758218467236
1115326,-20.0,0.03477582335472107
1116415,-18.0,0.010005420073866844
1117817,-19.0,0.005498726852238178
1119025,-17.0,0.004639160819351673
1120397,-20.0,0.01452483981847763
1121431,-20.0,0.022886399179697037
1123147,-17.0,0.034182339906692505
1124556,-17.0,0.010709150694310665
1126068,-16.0,0.021106991916894913
1127478,-20.0,0.01935482583940029
1129292,-17.0,0.01772676780819893
1131113,-19.0,0.008785171434283257
1132790,-16.0,0.02247428335249424
1134301,-17.0,0.022346435114741325
1135850,-16.0,0.027558421716094017
1136978,-18.0,0.04430212825536728
1138862,-15.0,0.01689794845879078
1140498,-18.0,0.017768437042832375
1141894,-18.0,0.01686621829867363
1143567,-17.0,0.005242456682026386
1144907,-19.0,0.04071493074297905
1146330,-19.0,0.009765677154064178
1147648,-20.0,0.010949118062853813
1148959,-19.0,0.018693994730710983
1150305,-18.0,0.011745046824216843
1151577,-20.0,0.01798555999994278
1153060,-19.0,0.009761812165379524
1154238,-19.0,0.007532848045229912
1155592,-20.0,0.0061571006663143635
1157115,-19.0,0.04470760375261307
1158214,-19.0,0.03915507718920708
1159454,-21.0,0.015049940906465054
1160940,-19.0,0.01279341522604227
1162354,-20.0,0.015559814870357513
1163644,-20.0,0.02286957949399948
1164951,-18.0,0.03744441270828247
1166614,-20.0,0.01569388434290886
1168268,-15.0,0.00862655509263277
1170074,-16.0,0.007846705615520477
1171656,-15.0,0.008084847591817379
1173211,-18.0,0.04821532964706421
1174447,-21.0,0.021689889952540398
1175992,-18.0,0.006259879097342491
1177337,-19.0,0.013773143291473389
1178837,-19.0,0.01801523193717003
1180613,-17.0,0.023347824811935425
1181927,-20.0,0.005973776802420616
1183265,-20.0,0.012302286922931671
1184909,-14.0,0.014333776198327541
1186352,-20.0,0.018803320825099945
1188061,-18.0,0.007683807052671909
1189829,-14.0,0.01817934215068817
1191357,-17.0,0.008966431953012943
1192919,-17.0,0.011018323712050915
1194347,-19.0,0.07320527732372284
1195603,-20.0,0.005096901673823595
1197353,-18.0,0.016077972948551178
1199276,-16.0,0.02633037604391575
1200647,-19.0,0.02280789241194725
1202256,-17.0,0.3396841287612915
1203688,-20.0,0.0113995261490345
1205332,-19.0,0.008958222344517708
1206986,-18.0,0.03314615786075592
1208587,-18.0,0.11020930856466293
1210033,-17.0,0.02111836150288582
1211656,-19.0,0.010772946290671825
1213445,-15.0,0.00974813848733902
1215173,-18.0,0.019464828073978424
1216649,-18.0,0.03364820405840874
1218084,-19.0,0.015600721351802349
1219072,-21.0,0.019333045929670334
1220672,-18.0,0.015751894563436508
1221919,-18.0,0.011552929878234863
1223775,-12.0,0.01312530692666769
1225100,-20.0,0.005363667383790016
1226894,-19.0,0.00779329938814044
1228957,-11.0,0.014332391321659088
1230696,-16.0,0.024245990440249443
1232585,-20.0,0.007980282418429852
1234221,-20.0,0.020323332399129868
1235799,-19.0,0.024434342980384827
1237547,-18.0,0.09900183975696564
1238842,-21.0,0.029504835605621338
1239978,-20.0,0.006348818074911833
1241511,-19.0,0.041107505559921265
1243321,-18.0,0.044937990605831146
1245181,-13.0,0.023401370272040367
1246881,-20.0,0.010971926152706146
1248866,-16.0,0.019319303333759308
1250719,-16.0,0.015086044557392597
1252729,-15.0,0.1166846752166748
1254424,-14.0,0.004987340420484543
1256000,-15.0,0.02313796803355217
1257480,-18.0,0.012968339957296848
1259309,-19.0,0.010206412523984909
1260963,-18.0,0.016259759664535522
1262744,-11.0,0.00940784253180027
1264179,-21.0,0.011247025802731514
1265743,-20.0,0.008993350900709629
1267698,-16.0,0.01519344374537468
1269219,-19.0,0.015360953286290169
1270831,-18.0,0.008630970492959023
1272754,-18.0,0.009896781295537949
1274467,-16.0,0.02419287897646427
1276235,-17.0,0.009799896739423275
1277728,-18.0,0.0323309525847435
1279808,-16.0,0.25536954402923584
1281598,-19.0,0.01302478276193142
1283047,-18.0,0.014478667639195919
1284704,-18.0,0.01210846845060587
1286200,-20.0,0.004267295356839895
1288075,-13.0,0.010407103225588799
1289632,-19.0,0.006467954721301794
1290883,-20.0,0.007020395249128342
1292519,-18.0,0.05813799798488617
1294479,-16.0,0.03629244863986969
1295927,-16.0,0.020927123725414276
1297486,-17.0,0.0035262841265648603
1299037,-18.0,0.008271508850157261
1300507,-17.0,0.0037723747082054615
1301997,-21.0,0.042486950755119324
1303886,-15.0,0.009025443345308304
1305169,-20.0,0.007023311220109463
1306639,-16.0,0.0778438001871109
1308086,-19.0,0.08680489659309387
1309557,-17.0,0.011523767374455929
1311136,-18.0,0.011096915230154991
1312659,-15.0,0.01770513877272606
1314115,-19.0,0.0026308163069188595
1315549,-19.0,0.012858035042881966
1316642,-20.0,0.08030001819133759
1318027,-18.0,0.01105540618300438
1319794,-17.0,0.025104068219661713
1321598,-17.0,0.019062282517552376
1323071,-19.0,0.010842382907867432
1325202,-14.0,0.021034397184848785
1326649,-21.0,0.015081978403031826
1328184,-19.0,0.020227398723363876
1329763,-17.0,0.01131095178425312
1331058,-20.0,0.031403519213199615
1332375,-20.0,0.023269250988960266
1333857,-19.0,0.004987901076674461
1335680,-17.0,0.007751792669296265
1337162,-16.0,0.006092376075685024
1338368,-20.0,0.016659382730722427
1339997,-14.0,0.01760191097855568
1341564,-19.0,0.010488681495189667
1342995,-18.0,0.009959192015230656
1344615,-16.0,0.009590339846909046
1345927,-18.0,0.02129892073571682
1347423,-18.0,0.005542297847568989
1349178,-13.0,0.010385055094957352
1350803,-16.0,0.05326150730252266
1352174,-17.0,0.007148283533751965
1353612,-19.0,0.02052556723356247
1354799,-20.0,0.00574432173743844
1356338,-18.0,0.012048076838254929
1358202,-17.0,0.03096272423863411
1359322,-19.0,0.021023955196142197
1360856,-17.0,0.04116867110133171
1362157,-17.0,0.004733108915388584
1363358,-20.0,0.013605337589979172
1364671,-20.0,0.00629699882119894
1366397,-18.0,0.005491551011800766
1368201,-17.0,0.006657351739704609
1369802,-18.0,0.02202640101313591
1371685,-15.0,0.012019086629152298
1373059,-20.0,0.00817621685564518
1374675,-18.0,0.008634847588837147
1376352,-14.0,0.007969748228788376
1378102,-14.0,0.012691345997154713
1379931,-11.0,0.009280444122850895
1381206,-20.0,0.0033275228925049305
1383053,-14.0,0.008893011137843132
1384616,-18.0,0.019032444804906845
1385978,-19.0,0.010907044634222984
1387487,-18.0,0.045072272419929504
1388687,-19.0,0.005562201142311096
1390477,-12.0,0.015551479533314705
1391997,-17.0,0.008097408339381218
1393617,-14.0,0.006645430810749531
1395324,-16.0,0.01569993421435356
1397061,-13.0,0.018241018056869507
1398790,-18.0,0.027071544900536537
1400099,-19.0,0.006935087963938713
1401890,-11.0,0.016973968595266342
1403375,-19.0,0.018125876784324646
1405150,-16.0,0.0050218072719872
1406431,-20.0,0.010491184890270233
1407893,-17.0,0.007890989072620869
1409377,-19.0,0.007300791330635548
1411289,-14.0,0.010871050879359245
1412750,-18.0,0.019216345623135567
1414167,-16.0,0.005176804028451443
1415914,-14.0,0.028167199343442917
1417610,-16.0,0.006655086763203144
1419262,-14.0,0.1125703752040863
1420910,-16.0,0.017051421105861664
1422183,-21.0,0.01977970451116562
1423621,-17.0,0.01868337392807007
1425790,-17.0,0.07150716334581375
1427482,-18.0,0.006332061253488064
1429142,-19.0,0.006062621250748634
1430945,-14.0,0.016298431903123856
1431934,-20.0,0.02699955180287361
1433361,-18.0,0.0393206812441349
1434717,-18.0,0.00846766121685505
1436612,-12.0,0.010526750236749649
1438224,-20.0,0.007630565203726292
1439646,-19.0,0.014537783339619637
1440980,-19.0,0.028060991317033768
1442568,-18.0,0.005964179523289204
1444023,-15.0,0.006595358718186617
1445841,-15.0,0.019923197105526924
1447639,-16.0,0.013431534171104431
1449254,-14.0,0.021322917193174362
1450830,-15.0,0.007599519565701485
1451929,-20.0,0.02597939968109131
1453131,-18.0,0.00782840047031641
1455000,-15.0,0.005033905617892742
1456207,-17.0,0.006841194350272417
1457956,-15.0,0.034276530146598816
1459592,-14.0,0.02690269611775875
1461337,-16.0,0.014648554846644402
1462662,-19.0,0.00571164395660162
1464508,-14.0,0.0037012798711657524
1466306,-19.0,0.008325202390551567
1467973,-17.0,0.018497977405786514
1469705,-18.0,0.026044107973575592
1471645,-12.0,0.009652753360569477
1473307,-17.0,0.03484003618359566
1474948,-17.0,0.04794067516922951
1476859,-16.0,0.02277698926627636
1478697,-18.0,0.006618443410843611
1480482,-15.0,0.021422967314720154
1482295,-13.0,0.007361751981079578
1483735,-17.0,0.008730812929570675
1485429,-15.0,0.01819656789302826
1487238,-14.0,0.006585591472685337
1488350,-19.0,0.02276507019996643
1489663,-18.0,0.017324071377515793
1490500,-20.0,0.0067252106964588165
1491517,-20.0,0.024193208664655685
1493208,-14.0,0.05147291719913483
1495076,-13.0,0.023527318611741066
1496416,-16.0,0.008680125698447227
1498043,-15.0,0.009549393318593502
1499695,-18.0,0.006555253639817238
1501043,-19.0,0.015009977854788303
1502263,-20.0,0.015871554613113403
1503487,-20.0,0.1258406639099121
1504889,-18.0,0.007398647256195545
1506628,-19.0,0.01359182596206665
1507961,-17.0,0.008053405210375786
1509402,-19.0,0.009969260543584824
1511175,-16.0,0.030787402763962746
1512502,-19.0,0.012344766408205032
1513976,-18.0,0.01210275012999773
1515299,-19.0,0.03444216027855873
1516826,-20.0,0.0043490296229720116
1518105,-19.0,0.03671438992023468
1519653,-19.0,0.007017721422016621
1520725,-20.0,0.00401589460670948
1522100,-20.0,0.011300076730549335
1523354,-20.0,0.005522707011550665
1524824,-17.0,0.015711799263954163
1526018,-20.0,0.015593241900205612
1527737,-17.0,0.012579139322042465
1528518,-21.0,0.027168910950422287
1529959,-17.0,0.034378863871097565
1531123,-18.0,0.04781591147184372
1532264,-18.0,0.0146187674254179
1533734,-16.0,0.012912129983305931
1535092,-18.0,0.0111512066796422
1536168,-19.0,0.011297831311821938
1537617,-17.0,0.04985285550355911
1538678,-19.0,0.011732705868780613
1540360,-16.0,0.0025951361749321222
1541846,-20.0,0.024389028549194336
1544151,-13.0,0.024726133793592453
1545702,-16.0,0.008410312235355377
1547025,-18.0,0.031157884746789932
1548564,-18.0,0.012017907574772835
1550134,-15.0,0.007708976976573467
1551715,-14.0,0.005040139891207218
1552859,-21.0,0.019513113424181938
1554200,-17.0,0.008019357919692993
1556281,-10.0,0.014634859748184681
1557837,-16.0,0.002553884871304035
1559053,-20.0,0.014667751267552376
1560437,-19.0,0.05570411682128906
1562330,-12.0,0.016201352700591087
1563744,-17.0,0.02262178435921669
1565095,-19.0,0.005229071713984013
1567116,-16.0,0.05554711073637009
1568857,-19.0,0.022485893219709396
1570579,-16.0,0.00586681067943573
1572131,-18.0,0.008075433783233166
1573575,-18.0,0.015933571383357048
1574931,-17.0,0.0050847032107412815
1576445,-19.0,0.017997175455093384
1577835,-17.0,0.0033018141984939575
1579866,-16.0,0.03294772654771805
1581450,-16.0,0.024349622428417206
1583416,-17.0,0.00894076842814684
1585161,-17.0,0.025378918275237083
1586677,-17.0,0.015975864604115486
1588678,-16.0,0.010943999513983727
1589960,-20.0,0.004063920117914677
1591375,-19.0,0.049116797745227814
1592597,-21.0,0.007236892357468605
1594542,-13.0,0.003603138029575348
1596158,-17.0,0.02093903347849846
1597857,-14.0,0.004545560106635094
1599852,-14.0,0.05517008900642395
1601341,-19.0,0.019039737060666084
1602855,-18.0,0.031963348388671875
1604456,-16.0,0.008117206394672394
1606164,-20.0,0.25716909766197205
1607421,-20.0,0.022806525230407715
1608689,-19.0,0.02002064883708954
1609955,-20.0,0.003629980841651559
1611606,-15.0,0.02820928394794464
1613215,-16.0,0.027137743309140205
1614795,-17.0,0.0276491641998291
1616354,-19.0,0.011056752875447273
1617845,-16.0,0.006954031065106392
1619318,-16.0,0.013140427879989147
1621050,-16.0,0.00897509790956974
1622910,-13.0,0.004558275919407606
1625134,-12.0,0.01194576546549797
1627255,-12.0,0.0050807856023311615
1628745,-17.0,0.009303041733801365
1630755,-12.0,0.005784854292869568
1632370,-16.0,0.005877118557691574
1633745,-17.0,0.017224378883838654
1635076,-20.0,0.0117346765473485
1636538,-18.0,0.011760871857404709
1638090,-18.0,0.01970604434609413
1639600,-20.0,0.021560315042734146
1640899,-19.0,0.007876611314713955
1642533,-16.0,0.01207597553730011
1644156,-18.0,0.014493318274617195
1645773,-17.0,0.027434827759861946
1647429,-18.0,0.004552680067718029
1649002,-20.0,0.016111737117171288
1650938,-11.0,0.010960467159748077
1652506,-17.0,0.006430379115045071
1654488,-12.0,0.021586064249277115
1655770,-20.0,0.012405233457684517
1657492,-16.0,0.016042841598391533
1659123,-14.0,0.05281045287847519
1660248,-20.0,0.01426053699105978
1661921,-16.0,0.0338774099946022
1663424,-15.0,0.03341566398739815
1665043,-13.0,0.013985722325742245
1666516,-18.0,0.015268982388079166
1668676,-8.0,0.02957194298505783
1670309,-15.0,0.027931375429034233
1671774,-17.0,0.011994889937341213
1673719,-13.0,0.009428458288311958
1675358,-15.0,0.005616178270429373
1677052,-13.0,0.054321229457855225
1678617,-17.0,0.004930992145091295
1680405,-14.0,0.06678285449743271
1682280,-11.0,0.016023119911551476
1683693,-15.0,0.008228308521211147
1685295,-17.0,0.023562567308545113
1687073,-17.0,0.012282880954444408
1688879,-13.0,0.010121842846274376
1690621,-16.0,0.015477225184440613
1692276,-16.0,0.017036816105246544
1693772,-20.0,0.010720238089561462
1695175,-17.0,0.010406745597720146
1696836,-16.0,0.006361435167491436
1698297,-19.0,0.012013880535960197
1699890,-19.0,0.009565482847392559
1701274,-16.0,0.0051004840061068535
1702854,-19.0,0.005862314719706774
1704512,-18.0,0.017295219004154205
1705910,-18.0,0.011056442745029926
1707485,-16.0,0.005299033597111702
1709406,-15.0,0.005910642445087433
1711306,-18.0,0.014659862034022808
1712976,-15.0,0.00678393105044961
1713992,-20.0,0.0072739203460514545
1715420,-18.0,0.016034215688705444
1716817,-21.0,0.013498003594577312
1717991,-20.0,0.022401515394449234
1719550,-17.0,0.014110537245869637
1721359,-14.0,0.024182375520467758
1722714,-18.0,0.021004892885684967
1724363,-17.0,0.012514850124716759
1725721,-20.0,0.017092552036046982
1727795,-11.0,0.07410526275634766
1729213,-19.0,0.025128990411758423
1731254,-16.0,0.03059503436088562
1732482,-19.0,0.007888664491474628
1734245,-13.0,0.012600955553352833
1736266,-17.0,0.012573295272886753
1738022,-15.0,0.018717490136623383
1739411,-18.0,0.009030395187437534
1740684,-19.0,0.009987377561628819
1742831,-12.0,0.013874994590878487
1744547,-15.0,0.023634590208530426
1746063,-18.0,0.012687554582953453
1747897,-12.0,0.013786353170871735
1749749,-16.0,0.007477675098925829
1751313,-19.0,0.00395605294033885
1752912,-17.0,0.009254531934857368
1754850,-13.0,0.004079202190041542
1756747,-11.0,0.007403825409710407
1758243,-18.0,0.02101181633770466
1759985,-15.0,0.008178018033504486
1761730,-18.0,0.010178564116358757
1764005,-10.0,0.004211584106087685
1765560,-16.0,0.00826902687549591
1766973,-19.0,0.02037784829735756
1768296,-20.0,0.012268571183085442
1769828,-19.0,0.012126556597650051
1771263,-18.0,0.003970266319811344
1772748,-18.0,0.012148171663284302
1774235,-16.0,0.0189021248370409
1776415,-6.0,0.009728910401463509
1778470,-13.0,0.027862712740898132
1779839,-20.0,0.00812248233705759
1781721,-12.0,0.016835417598485947
1783586,-12.0,0.017330612987279892
1785550,-11.0,0.0208943709731102
1786873,-19.0,0.008482418023049831
1789094,-10.0,0.0346616692841053
1790722,-14.0,0.01747891493141651
1792199,-18.0,0.0054384623654186726
1793622,-19.0,0.017932724207639694
1795452,-16.0,0.01004780363291502
1796646,-20.0,0.025509294122457504
1797918,-18.0,0.026025407016277313
1799479,-18.0,0.008856469765305519
1801470,-11.0,0.05803971737623215
1802998,-16.0,0.015186740085482597
1804544,-16.0,0.008903862908482552
1805949,-18.0,0.012721512466669083
1807650,-19.0,0.011091486550867558
1809612,-13.0,0.01043810322880745
1811686,-13.0,0.008212391287088394
1813616,-15.0,0.035018060356378555
1815273,-17.0,0.016151882708072662
1817480,-12.0,0.008335958234965801
1819426,-13.0,0.019639087840914726
1820972,-17.0,0.048637472093105316
1822806,-13.0,0.028733693063259125
1824365,-19.0,0.021342579275369644
1826262,-13.0,0.013305969536304474
1828033,-18.0,0.02544078603386879
1830177,-12.0,0.027033764868974686
1832495,-13.0,0.00610688142478466
1834232,-16.0,0.0046996260061860085
1836013,-18.0,0.01115673128515482
1838228,-11.0,0.03020971640944481
1840344,-14.0,0.011583574116230011
1841918,-15.0,0.03565116226673126
1843964,-11.0,0.015177813358604908
1846048,-12.0,0.10676803439855576
1847717,-18.0,0.006995914038270712
1849109,-18.0,0.1628720760345459
1851210,-11.0,0.006318878848105669
1853910,-9.0,0.01529465988278389
1855866,-15.0,0.11006408929824829
1858549,-7.0,0.03944934904575348
1860764,-9.0,0.018806302919983864
1862566,-17.0,0.01816699095070362
1865123,-7.0,0.010869967751204967
1866646,-18.0,0.016808830201625824
1868616,-17.0,0.006336051970720291
1870933,-15.0,0.026710674166679382
1873348,-15.0,0.013643180951476097
1875092,-16.0,0.1201314926147461
1877082,-16.0,0.008530682884156704
1878939,-16.0,0.030610017478466034
1880563,-18.0,0.03655696660280228
1882226,-16.0,0.011239009909331799
1884013,-16.0,0.038364823907613754
1886215,-11.0,0.028385981917381287
1888384,-12.0,0.07356192916631699
1890353,-11.0,0.008673961274325848
1891945,-17.0,0.020342279225587845
1893997,-13.0,0.004225531592965126
1895604,-17.0,0.008914667181670666
1897697,-8.0,0.01685376837849617
1899295,-16.0,0.011206947267055511
1901072,-16.0,0.02105545997619629
1902776,-18.0,0.02431679330766201
1904397,-18.0,0.05337384343147278
1905751,-19.0,0.032892245799303055
1907674,-16.0,0.004108073189854622
1909109,-19.0,0.012395201250910759
1910902,-17.0,0.027597306296229362
1912684,-18.0,0.01343781128525734
1914428,-14.0,0.00403991574421525
1916344,-13.0,0.036471642553806305
1917897,-19.0,0.020098432898521423
1919421,-17.0,0.00480897119268775
1921142,-19.0,0.0610579252243042
1922644,-16.0,0.010490331798791885
1924541,-10.0,0.01418071798980236
1926351,-19.0,0.012459835037589073
1928350,-15.0,0.013513442128896713
1930553,-11.0,0.0358499214053154
1932214,-18.0,0.015151810832321644
1934437,-8.0,0.037518322467803955
1936243,-13.0,0.010081525892019272
1937725,-19.0,0.021614771336317062
1939413,-17.0,0.0428643599152565
1940861,-19.0,0.005069519393146038
1942961,-15.0,0.03209548816084862
1945073,-13.0,0.020604178309440613
1946677,-18.0,0.003613577224314213
1947977,-19.0,0.1613377332687378
1950083,-14.0,0.007092579267919064
1951755,-19.0,0.005424825940281153
1953222,-16.0,0.01662745513021946
1954612,-18.0,0.02270905300974846
1956333,-15.0,0.0347745344042778
1958161,-14.0,0.021091565489768982
1960638,-12.0,0.03901681303977966
1962288,-15.0,0.008756540715694427
1964141,-15.0,0.028197363018989563
1965371,-20.0,0.02049115113914013
1966452,-21.0,0.03547762706875801
1968246,-14.0,0.05751657858490944
1970338,-15.0,0.009661680087447166
1972411,-15.0,0.019920017570257187
1974092,-19.0,0.028061892837285995
1975301,-19.0,0.01781480759382248
1977247,-12.0,0.02131527103483677
1979462,-11.0,0.005779367871582508
1981048,-15.0,0.017712751403450966
1983285,-12.0,0.23106834292411804
1985135,-18.0,0.007975960150361061
1986906,-14.0,0.015407171100378036
1989390,-8.0,0.008008160628378391
1991220,-17.0,0.009312218055129051
1992633,-19.0,0.026569979265332222
1994791,-12.0,0.013081063516438007
1996482,-15.0,0.017385153099894524
1998412,-13.0,0.009996646083891392
2000923,-11.0,0.018679942935705185
2002288,-19.0,0.016537213698029518
2004284,-12.0,0.017213786020874977
2006130,-14.0,0.006534224841743708
2007791,-16.0,0.026550069451332092
2009765,-14.0,0.01101137138903141
2011467,-17.0,0.009676511399447918
2014049,-9.0,0.06996430456638336
2016393,-9.0,0.005875215400010347
2019307,-8.0,0.017154408618807793
2020684,-19.0,0.018170565366744995
2022328,-14.0,0.018067363649606705
2024024,-19.0,0.013772901147603989
2026011,-13.0,0.023376770317554474
2027346,-20.0,0.09131073206663132
2029060,-15.0,0.014602924697101116
2030761,-18.0,0.02686018869280815
2032237,-18.0,0.019502071663737297
2033680,-20.0,0.019205324351787567
2035811,-12.0,0.06859595328569412
2037202,-17.0,0.003774025710299611
2038722,-16.0,0.028515780344605446
2040474,-15.0,0.006380995735526085
2042093,-14.0,0.01324646919965744
2044072,-12.0,0.037089526653289795
2046579,-10.0,0.027925830334424973
2048472,-14.0,0.02924313209950924
2050335,-14.0,0.018706148490309715
2052668,-9.0,0.012944847345352173
2054075,-19.0,0.01789918914437294
2055938,-15.0,0.04724736511707306
2057712,-15.0,0.020723190158605576
2058861,-19.0,0.031730666756629944
2060567,-13.0,0.03894061595201492
2062831,-11.0,0.014786610379815102
2064999,-10.0,0.021682286635041237
2066992,-12.0,0.019437067210674286
2069451,-8.0,0.027575621381402016
2071336,-14.0,0.04129825532436371
2073728,-9.0,0.009359262883663177
2075407,-15.0,0.016962355002760887
2077290,-16.0,0.014710943214595318
2078789,-18.0,0.018749885261058807
2080766,-14.0,0.02717936784029007
2083143,-10.0,0.01696467213332653
2085449,-11.0,0.014722231775522232
2087828,-13.0,0.025089599192142487
2089904,-15.0,0.007020751480013132
2091977,-15.0,0.021317243576049805
2093665,-18.0,0.04813551902770996
2095612,-15.0,0.0077085718512535095
2097294,-17.0,0.013610338792204857
2099820,-7.0,0.08881986141204834
2101417,-18.0,0.01550617441534996
2103209,-17.0,0.01573704369366169
2105124,-12.0,0.00928067322820425
2107530,-10.0,0.004318679682910442
2108837,-19.0,0.014597618952393532
2110301,-20.0,0.004290351178497076
2111908,-19.0,0.033056966960430145
2113792,-13.0,0.02306060865521431
2115330,-19.0,0.007229824084788561
2116747,-19.0,0.003354113083332777
2118269,-18.0,0.016812147572636604
2120197,-14.0,0.029080446809530258
2122182,-15.0,0.058385126292705536
2124210,-15.0,0.015735143795609474
2125546,-19.0,0.026884183287620544
2126838,-20.0,0.02279617264866829
2128804,-14.0,0.010594608262181282
2129960,-21.0,0.003664992284029722
2131624,-20.0,0.010127265937626362
2132879,-18.0,0.009494518861174583
2134403,-15.0,0.015925927087664604
2135938,-17.0,0.02688204124569893
2137852,-14.0,0.014203714206814766
2139813,-16.0,0.01442297175526619
2141303,-18.0,0.019802019000053406
2143190,-15.0,0.006773395463824272
2144594,-18.0,0.015425208024680614
2146611,-15.0,0.003741091350093484
2148438,-17.0,0.015300577506422997
2150389,-14.0,0.027389250695705414
2152288,-16.0,0.010274655185639858
2154510,-15.0,0.009285840205848217
2156219,-17.0,0.031124195083975792
2158327,-11.0,0.014965444803237915
2160333,-13.0,0.008936503902077675
2162428,-12.0,0.015983358025550842
2164287,-16.0,0.020065193995833397
2166067,-15.0,0.0601113885641098
2167975,-16.0,0.015246093273162842
2169640,-18.0,0.008155882358551025
2171228,-17.0,0.014978690072894096
2173232,-13.0,0.038110822439193726
2174511,-19.0,0.015573972836136818
2176197,-16.0,0.007877198979258537
2178195,-15.0,0.005514634307473898
2180019,-16.0,0.0073467157781124115
2181623,-19.0,0.013688787817955017
2183768,-12.0,0.012113435193896294
2185630,-13.0,0.010584843344986439
2187562,-16.0,0.010515286587178707
2189561,-16.0,0.0030662647914141417
2191315,-18.0,0.00466115353628993
2193270,-16.0,0.009618387557566166
2195216,-13.0,0.006340856663882732
2197003,-20.0,0.009176618419587612
2199099,-13.0,0.023789959028363228
2200661,-16.0,0.003122016554698348
2202542,-17.0,0.014666887000203133
2203877,-20.0,0.018252728506922722
2205699,-13.0,0.0075108930468559265
2207693,-11.0,0.008359963074326515
2209472,-18.0,0.01098749227821827
2211129,-15.0,0.011809252202510834
2212825,-18.0,0.005753645207732916
2214711,-19.0,0.02260424755513668
2215998,-17.0,0.012846938334405422
2217924,-15.0,0.011085812002420425
2219906,-16.0,0.005583650432527065
2221730,-17.0,0.016216108575463295
2223512,-14.0,0.008798964321613312
2225645,-10.0,0.012596430256962776
2227497,-16.0,0.04084298759698868
2229106,-17.0,0.006036297418177128
2230319,-20.0,0.025316819548606873
2232032,-13.0,0.01257316954433918
2233516,-20.0,0.030865788459777832
2235440,-15.0,0.006301430519670248
2237255,-15.0,0.028572387993335724
2239409,-12.0,0.01324405986815691
2241372,-14.0,0.016466746106743813
2242838,-17.0,0.018128927797079086
2244308,-18.0,0.014209086075425148
2246219,-16.0,0.008315466344356537
2247392,-18.0,0.006256291642785072
2248836,-18.0,0.02257954701781273
2251072,-11.0,0.0063418312929570675
2252259,-20.0,0.03551816940307617
2254210,-15.0,0.019357576966285706
2255741,-17.0,0.009692723862826824
2257203,-19.0,0.010393302887678146
2259397,-13.0,0.009337745606899261
2261798,-11.0,0.009781768545508385
2264065,-12.0,0.019275495782494545
2265688,-16.0,0.010289516299962997
2267531,-14.0,0.0062531521543860435
2269534,-14.0,0.025704549625515938
2271655,-12.0,0.020335273817181587
2273952,-14.0,0.014691578224301338
2275570,-19.0,0.02926696091890335
2277883,-13.0,0.012340457178652287
2279613,-15.0,0.030418477952480316
2281659,-15.0,0.026767272502183914
2284198,-10.0,0.020039912313222885
2286119,-13.0,0.009425241500139236
2287855,-16.0,0.03771118074655533
2289719,-16.0,0.01348680816590786
2291713,-14.0,0.006051982287317514
2293469,-15.0,0.00871226005256176
2295255,-16.0,0.054577991366386414
2297316,-14.0,0.02927432395517826
2299287,-18.0,0.012942837551236153
2301216,-16.0,0.0346878245472908
2303295,-15.0,0.022319506853818893
2305189,-14.0,0.00828421302139759
2306958,-15.0,0.005969866178929806
2308876,-15.0,0.12995830178260803
2311286,-8.0,0.004154962487518787
2313333,-10.0,0.005695053841918707
2315307,-13.0,0.024935074150562286
2317864,-10.0,0.01751977950334549
2320266,-11.0,0.042076803743839264
2321864,-15.0,0.01704743504524231
2324479,-11.0,0.016441689804196358
2326575,-13.0,0.03386250510811806
2328945,-12.0,0.007985856384038925
2330728,-15.0,0.023451969027519226
2332875,-12.0,0.027805592864751816
2334616,-19.0,0.005515403114259243
2336622,-16.0,0.027976609766483307
2338621,-13.0,0.019484134390950203
2340992,-9.0,0.017132915556430817
2342669,-18.0,0.015457043424248695
2344322,-15.0,0.018130427226424217
2346503,-13.0,0.011901844292879105
2348790,-13.0,0.008441910147666931
2350172,-19.0,0.015367625281214714
2351884,-13.0,0.008377021178603172
2353617,-16.0,0.02058672159910202
2355171,-18.0,0.0219629667699337
2356808,-17.0,0.006453088950365782
2358837,-15.0,0.015525810420513153
2360880,-13.0,0.01665997877717018
2362951,-17.0,0.007376756519079208
2365165,-14.0,0.04516299068927765
2367097,-15.0,0.019842885434627533
2368793,-18.0,0.007675544358789921
2370303,-18.0,0.008337987586855888
2372175,-15.0,0.009220076724886894
2373861,-19.0,0.03622383996844292
2375500,-16.0,0.01989176496863365
2377370,-16.0,0.053725481033325195
2379461,-15.0,0.008469821885228157
2381225,-17.0,0.009109806269407272
2383373,-10.0,0.05938117206096649
2385311,-15.0,0.013467882759869099
2387081,-16.0,0.0036829093005508184
2388726,-15.0,0.006551195867359638
2390200,-16.0,0.005354831460863352
2392042,-14.0,0.004029473289847374
2393575,-18.0,0.016225218772888184
2395126,-17.0,0.006302340887486935
2396584,-19.0,0.014310208149254322
2398100,-19.0,0.008700236678123474
2399865,-17.0,0.021148286759853363
2401764,-18.0,0.017024708911776543
2403483,-16.0,0.02375224605202675
2405310,-15.0,0.006758250296115875
2406790,-18.0,0.004849432036280632
2408363,-15.0,0.014746165834367275
2410379,-15.0,0.0074170054867863655
2411930,-16.0,0.01413350272923708
2413869,-14.0,0.010064022615551949
2416687,-6.0,0.03108169324696064
2418885,-13.0,0.012721337378025055
2420669,-17.0,0.0077589997090399265
2421950,-20.0,0.025617875158786774
2423860,-14.0,0.009793183766305447
2425350,-17.0,0.032542482018470764
2426793,-19.0,0.016983570531010628
2428320,-19.0,0.005445512011647224
2430332,-13.0,0.009045770391821861
2431945,-14.0,0.006582803092896938
2433792,-18.0,0.007231583818793297
2435752,-15.0,0.009372749365866184
2437431,-19.0,0.02082292176783085
2439210,-17.0,0.006154896225780249
2440819,-17.0,0.03850111737847328
2442220,-19.0,0.014432731084525585
2444060,-20.0,0.01847105287015438
2446242,-16.0,0.011253992095589638
2448409,-13.0,0.03589539974927902
2450087,-17.0,0.028791770339012146
2451718,-19.0,0.005620506126433611
2452969,-20.0,0.008556606248021126
2455705,-11.0,0.01150917261838913
2457312,-18.0,0.01068837195634842
2458716,-19.0,0.004569488577544689
2460143,-17.0,0.021277720108628273
2461918,-19.0,0.0164202768355608
2463974,-13.0,0.008353229612112045
2465740,-13.0,0.08529540151357651
2467422,-17.0,0.09725190699100494
2469316,-13.0,0.014086396433413029
2471455,-12.0,0.021545642986893654
2473617,-10.0,0.01953919790685177
2475509,-13.0,0.010998517274856567
2477386,-15.0,0.012962895445525646
2478937,-16.0,0.014122674241662025
2480491,-19.0,0.020636389032006264
2482122,-17.0,0.0327361561357975
2483893,-13.0,0.011401093564927578
2485515,-16.0,0.02662791684269905
2488118,-12.0,0.01653674617409706
2489519,-19.0,0.014220141805708408
2491451,-14.0,0.003775594290345907
2493604,-13.0,0.015622343868017197
2496146,-7.0,0.025014998391270638
2497517,-17.0,0.03417408466339111
2499658,-12.0,0.046449460089206696
2501818,-13.0,0.016852442175149918
2504110,-12.0,0.013791301287710667
2506102,-15.0,0.011837214231491089
2508592,-9.0,0.02100948989391327
2510839,-10.0,0.008885705843567848
2512592,-14.0,0.031797491014003754
2514487,-14.0,0.00949073862284422
2516118,-15.0,0.048354193568229675
2518711,-13.0,0.010704493150115013
2521078,-9.0,0.016625553369522095
2522707,-18.0,0.013148266822099686
2524731,-12.0,0.02395487017929554
2526203,-20.0,0.07634112983942032
2528358,-14.0,0.008643627166748047
2530127,-17.0,0.008761351928114891
2532030,-16.0,0.007787623442709446
2533991,-18.0,0.01636318676173687
2536344,-10.0,0.007199177052825689
2538426,-14.0,0.012057449668645859
2540147,-17.0,0.008441737852990627
2541938,-18.0,0.016052886843681335
2543660,-17.0,0.0097851837053895
2545797,-14.0,0.006456381641328335
2547406,-18.0,0.007998744025826454
2548739,-19.0,0.009517200291156769
2550720,-15.0,0.012277120724320412
2552563,-15.0,0.021265972405672073
2554380,-15.0,0.014963805675506592
2557059,-8.0,0.003922312520444393
2558612,-17.0,0.00615406921133399
2560538,-18.0,0.012646356597542763
2562608,-12.0,0.010165008716285229
2563808,-19.0,0.012404179200530052
2565506,-17.0,0.006300792098045349
2567885,-10.0,0.009760810062289238
2569086,-20.0,0.011616535484790802
2571377,-13.0,0.008339150808751583
2573401,-12.0,0.005891026463359594
2575383,-15.0,0.027303030714392662
2577543,-9.0,0.009389332495629787
2580059,-12.0,0.015267163515090942
2581616,-20.0,0.0227117370814085
2583549,-14.0,0.007880195043981075
2585232,-18.0,0.015522283501923084
2586986,-16.0,0.007472381927073002
2588398,-20.0,0.0105739776045084
2590842,-11.0,0.005844077095389366
2592727,-17.0,0.008372675627470016
2594595,-15.0,0.015444289892911911
2595952,-18.0,0.005152134224772453
2597827,-16.0,0.01700754091143608
2600433,-5.0,0.01641593687236309
2601889,-20.0,0.0102775227278471
2603549,-17.0,0.014084115624427795
2605198,-16.0,0.017092349007725716
2607213,-17.0,0.03543723747134209
2609612,-11.0,0.008636780083179474
2611277,-17.0,0.013796028681099415
2613189,-15.0,0.055797278881073
2614655,-17.0,0.010418388061225414
2616614,-16.0,0.030037391930818558
2618412,-16.0,0.008291234262287617
2620401,-14.0,0.009193068370223045
2622480,-13.0,0.007129460573196411
2625006,-10.0,0.006170118227601051
2627488,-8.0,0.006170489825308323
2629882,-13.0,0.010465431958436966
2632053,-12.0,0.007387135177850723
2633267,-19.0,0.02461100183427334
2634821,-18.0,0.010908504016697407
2636389,-17.0,0.02284216322004795
2638264,-15.0,0.01290538813918829
2640434,-16.0,0.006184300873428583
2642083,-15.0,0.025748295709490776
2643533,-19.0,0.012216540984809399
2645722,-15.0,0.012500850483775139
2647640,-13.0,0.06872193515300751
2649403,-17.0,0.011047746054828167
2651596,-17.0,0.00462323147803545
2653516,-13.0,0.020347941666841507
2655764,-10.0,0.01080990582704544
2658235,-8.0,0.007044038735330105
2659310,-20.0,0.062858946621418
2661013,-17.0,0.008162572979927063
2662858,-14.0,0.009216876700520515
2665247,-9.0,0.016899453476071358
2666934,-17.0,0.017619190737605095
2668902,-19.0,0.009870204143226147
2670935,-13.0,0.047528963536024094
2672721,-18.0,0.002025200519710779
2674256,-17.0,0.0203972440212965
2675339,-19.0,0.003860930446535349
2678311,-1.0,0.003619332332164049
2679735,-16.0,0.00840908382087946
2680866,-20.0,0.007710205391049385
2682563,-14.0,0.048906270414590836
2684038,-17.0,0.015904458239674568
2686224,-14.0,0.00806145928800106
2688295,-14.0,0.02571224793791771
2690262,-15.0,0.009040907956659794
2692064,-17.0,0.012970879673957825
2693909,-12.0,0.009325036779046059
2695947,-14.0,0.0213051475584507
2698181,-11.0,0.01552187092602253
2699759,-17.0,0.16338558495044708
2701180,-16.0,0.006441520527005196
2703160,-12.0,0.011546032503247261
2704058,-21.0,0.012784050777554512
2705938,-15.0,0.010123306885361671
2707353,-19.0,0.01068324875086546
2709265,-15.0,0.043411657214164734
2711424,-10.0,0.0053044636733829975
2713504,-13.0,0.004866950213909149
2714876,-20.0,0.007255300413817167
2716925,-13.0,0.029787173494696617
2718884,-12.0,0.010063030757009983
2721094,-12.0,0.03169920668005943
2722592,-16.0,0.015455767512321472
2724280,-17.0,0.01485968567430973
2725806,-17.0,0.014168448746204376
2727456,-17.0,0.037920914590358734
2729100,-19.0,0.007751057855784893
2731708,-8.0,0.03658025339245796
2733041,-19.0,0.011759348213672638
2734802,-15.0,0.03126770257949829
2736914,-12.0,0.017390979453921318
2738541,-14.0,0.02470724657177925
2740293,-15.0,0.01256646029651165
2741913,-16.0,0.023801598697900772
2743549,-19.0,0.013150738552212715
2744904,-17.0,0.025039533153176308
2746656,-18.0,0.003423198126256466
2748662,-13.0,0.006382995285093784
2750417,-16.0,0.015859432518482208
2752424,-13.0,0.006562482565641403
2754244,-18.0,0.02205495350062847
2755934,-18.0,0.006143318489193916
2758177,-13.0,0.018577272072434425
2760460,-12.0,0.002637378638610244
2761547,-19.0,0.015069279819726944
2763057,-18.0,0.034151434898376465
2764940,-14.0,0.013457098975777626
2766977,-12.0,0.01939949207007885
2768749,-14.0,0.030084092170000076
2770913,-13.0,0.007207538932561874
2772492,-20.0,0.021976927295327187
2774296,-15.0,0.03108234703540802
2776136,-14.0,0.0039443159475922585
2777833,-15.0,0.015411024913191795
2779022,-20.0,0.011011638678610325
2780368,-19.0,0.017225999385118484
2782106,-14.0,0.009952012449502945
2783956,-12.0,0.03039725124835968
2785355,-16.0,0.026455024257302284
2786974,-20.0,0.012624869123101234
2788660,-17.0,0.02233973518013954
2790432,-15.0,0.006848596967756748
2792918,-11.0,0.012659585103392601
2794522,-17.0,0.013480989262461662
2796174,-15.0,0.0090891532599926
2797760,-19.0,0.009591322392225266
2799550,-14.0,0.00851511675864458
2801020,-21.0,0.038156092166900635
2802918,-16.0,0.011496996507048607
2805359,-10.0,0.01345466822385788
2807963,-5.0,0.005908956751227379
2810331,-9.0,0.00898253358900547
2812420,-14.0,0.039036352187395096
2814243,-16.0,0.017158428207039833
2815961,-17.0,0.013120665214955807
2817430,-18.0,0.05474909767508507
2818997,-15.0,0.007433447055518627
2820873,-13.0,0.011799736879765987
2822688,-20.0,0.03794272616505623
2824516,-13.0,0.017999131232500076
2826365,-13.0,0.015634365379810333
2828580,-12.0,0.0077025569044053555
2831289,-7.0,0.09337367117404938
2834029,-8.0,0.017821799963712692
2835640,-16.0,0.010116355493664742
2837702,-16.0,0.01544951368123293
2839562,-16.0,0.08899860084056854
2841226,-19.0,0.023199785500764847
2843002,-17.0,0.00928207766264677
2844965,-13.0,0.02003968320786953
2847328,-11.0,0.016993854194879532
2849378,-13.0,0.029490817338228226
2851386,-12.0,0.01298100408166647
2853582,-12.0,0.007895134389400482
2855666,-11.0,0.012910708785057068
2857968,-11.0,0.01016439963132143
2859708,-13.0,0.01887509971857071
2861697,-17.0,0.009812308475375175
2863890,-14.0,0.015805255621671677
2865845,-15.0,0.008471284992992878
2867465,-19.0,0.009549411945044994
2869885,-15.0,0.002987542189657688
2871583,-16.0,0.018517395481467247
2873515,-14.0,0.007406181655824184
2875211,-17.0,0.014205054379999638
2877407,-11.0,0.05304045230150223
2880155,-6.0,0.006241036579012871
2882108,-14.0,0.03311483561992645
2884133,-14.0,0.010254419408738613
2885945,-16.0,0.047573767602443695
2887517,-17.0,0.0315265990793705
2889248,-17.0,0.017435822635889053
2891592,-15.0,0.004947309382259846
2893840,-12.0,0.022043708711862564
2896283,-11.0,0.013174104504287243
2898303,-13.0,0.011338334530591965
2900433,-9.0,0.014049683697521687
2901968,-16.0,0.008946690708398819
2904263,-15.0,0.009064672514796257
2906031,-15.0,0.005170836113393307
2908310,-8.0,0.004735556431114674
2909823,-17.0,0.008578554727137089
2912259,-9.0,0.03947705030441284
2914369,-11.0,0.01716252602636814
2916104,-15.0,0.01482195220887661
2918270,-8.0,0.012095591053366661
2919718,-18.0,0.004223852418363094
2921529,-13.0,0.01365712471306324
2923578,-13.0,0.01305614784359932
2925418,-14.0,0.01690208539366722
2927205,-14.0,0.00840036105364561
2929132,-14.0,0.02333642914891243
2931300,-9.0,0.01706283912062645
2933704,-9.0,0.010409518145024776
2935463,-17.0,0.047739967703819275
2937278,-16.0,0.010627427138388157
2939392,-13.0,0.00823010504245758
2941839,-10.0,0.00561795337125659
2943389,-16.0,0.007000339217483997
2945001,-16.0,0.010530560277402401
2946725,-16.0,0.027078043669462204
2948582,-14.0,0.0061572277918457985
2950684,-11.0,0.021988946944475174
2953123,-10.0,0.006298062391579151
2955534,-10.0,0.005855925846844912
2957680,-16.0,0.010184543207287788
2959215,-18.0,0.0027883430011570454
2961179,-12.0,0.013103165663778782
2963201,-12.0,0.010491090826690197
2965217,-11.0,0.0070793600752949715
2967440,-12.0,0.023084726184606552
2969054,-18.0,0.013503308407962322
2971149,-10.0,0.00472291000187397
2973049,-15.0,0.005725235678255558
2974765,-12.0,0.00994899682700634
2976925,-10.0,0.008584643714129925
2979263,-14.0,0.006115021649748087
2981396,-14.0,0.01683325693011284
2984022,-9.0,0.006975703407078981
2985750,-17.0,0.018594814464449883
2987693,-11.0,0.02346312627196312
2990239,-11.0,0.003153263358399272
2992934,-8.0,0.050102803856134415
2995512,-12.0,0.004381111823022366
2997626,-14.0,0.006803459487855434
2999543,-14.0,0.010406631976366043
3002055,-11.0,0.01708536222577095
3003828,-20.0,0.009184688329696655
3005009,-20.0,0.016092369332909584
3006726,-16.0,0.01130056194961071
3008568,-16.0,0.02042883262038231
3010411,-18.0,0.015280738472938538
3012572,-14.0,0.01690816693007946
3014779,-12.0,0.013267137110233307
3017043,-13.0,0.013434388674795628
3019446,-12.0,0.013598818331956863
3021745,-10.0,0.0066265808418393135
3023656,-13.0,0.009956871159374714
3025644,-14.0,0.01977459155023098
3027346,-17.0,0.011189280077815056
3029029,-17.0,0.012699203565716743
3031209,-13.0,0.0038754544220864773
3033109,-17.0,0.007221212610602379
3035077,-15.0,0.013838740065693855
3037272,-14.0,0.005381016992032528
3038440,-19.0,0.017603758722543716
3040511,-14.0,0.010665852576494217
3042598,-12.0,0.02240462228655815
3044715,-17.0,0.010355867445468903
3046701,-13.0,0.027846496552228928
3048129,-20.0,0.012628529220819473
3050100,-14.0,0.0122605562210083
3051709,-17.0,0.01240529865026474
3053391,-18.0,0.019035108387470245
3055958,-8.0,0.004567380994558334
3058256,-10.0,0.01320279948413372
3059744,-18.0,0.011974431574344635
3061109,-17.0,0.014340891502797604
3063390,-13.0,0.005375141277909279
3065930,-9.0,0.009993941523134708
3067768,-13.0,0.014032451435923576
3070222,-10.0,0.010061671957373619
3072248,-11.0,0.0072957612574100494
3074145,-12.0,0.008164815604686737
3076474,-7.0,0.010639851912856102
3078348,-13.0,0.010682562366127968
3080657,-11.0,0.011048652231693268
3082311,-15.0,0.016276517882943153
3083995,-15.0,0.026074448600411415
3085895,-12.0,0.01948043331503868
3087801,-13.0,0.017375398427248
3089764,-13.0,0.02323349565267563
3091976,-11.0,0.035450562834739685
3093720,-15.0,0.007064479403197765
3096222,-8.0,0.004153297282755375
3097755,-17.0,0.005033086519688368
3100138,-13.0,0.011869242414832115
3102167,-13.0,0.019659850746393204
3104397,-16.0,0.008682800456881523
3106795,-10.0,0.008902745321393013
3108741,-15.0,0.022933045402169228
3110215,-20.0,0.01617242395877838
3112253,-11.0,0.03088764101266861
3114280,-16.0,0.032632481306791306
3116114,-15.0,0.009432445280253887
3118652,-9.0,0.004676984157413244
3120715,-12.0,0.03077741339802742
3123279,-10.0,0.005936311557888985
3125344,-12.0,0.012739043682813644
3127636,-13.0,0.007367124315351248
3130114,-10.0,0.004195760004222393
3132698,-9.0,0.013219448737800121
3134997,-9.0,0.010485388338565826
3137405,-14.0,0.011116149835288525
3139393,-14.0,0.006204661913216114
3141477,-18.0,0.007845439016819
3143573,-16.0,0.008222418837249279
3146085,-10.0,0.015027659945189953
3148443,-11.0,0.009064476937055588
3150574,-12.0,0.004219346679747105
3152284,-15.0,0.025082942098379135
3155098,-4.0,0.008830884471535683
3157508,-10.0,0.009791851043701172
3159772,-12.0,0.009009644389152527
3162228,-10.0,0.01216756459325552
3164112,-15.0,0.009777406230568886
3166039,-17.0,0.01422419585287571
3168732,-3.0,0.013887162320315838
3170953,-12.0,0.008434388786554337
3172837,-15.0,0.006081159692257643
3175259,-9.0,0.0049253106117248535
3177845,-16.0,0.003113535698503256
3181086,-1.0,0.02442958578467369
3184309,-5.0,0.04339858144521713
3186598,-11.0,0.008908786810934544
3189218,-7.0,0.03065195307135582
3191573,-14.0,0.003412302816286683
3194399,-5.0,0.004742645192891359
3196404,-14.0,0.01222264114767313
3198932,-8.0,0.011721407994627953
3201352,-12.0,0.05183849856257439
3202919,-19.0,0.012587737292051315
3204773,-17.0,0.018494438380002975
3206451,-17.0,0.0544276088476181
3208827,-13.0,0.020258482545614243
3210601,-16.0,0.022998495027422905
3212653,-14.0,0.01532758679240942
3214126,-17.0,0.010364883579313755
3215742,-15.0,0.010949911549687386
3217186,-20.0,0.020928453654050827
3218682,-16.0,0.008267132565379143
3220913,-11.0,0.020558200776576996
3221974,-20.0,0.0056516011245548725
3223698,-18.0,0.028944160789251328
3225404,-14.0,0.019225329160690308
3227068,-17.0,0.005701848305761814
3228791,-15.0,0.017804397270083427
3230320,-15.0,0.02072666585445404
3231992,-17.0,0.018005944788455963
3234403,-13.0,0.011947497725486755
3236808,-11.0,0.020736074075102806
3238319,-18.0,0.008538723923265934
3240792,-15.0,0.015268208459019661
3242308,-16.0,0.020703572779893875
3243868,-17.0,0.023271724581718445
3245526,-15.0,0.007963189855217934
3247224,-16.0,0.013709927909076214
3249320,-13.0,0.0038354783318936825
3251615,-14.0,0.012439457699656487
3253390,-15.0,0.0029739481396973133
3256434,-4.0,0.00677433330565691
3258892,-12.0,0.007398551795631647
3261278,-12.0,0.010413659736514091
3263210,-14.0,0.005254218354821205
3264844,-16.0,0.011576879769563675
3266682,-18.0,0.005032828543335199
3268764,-11.0,0.0049820272251963615
3270998,-15.0,0.012667322531342506
3273380,-13.0,0.008753210306167603
3275946,-8.0,0.010436668992042542
3278077,-14.0,0.008735351264476776
3281113,-4.0,0.03774523362517357
3283137,-11.0,0.024717232212424278
3285339,-11.0,0.04199954867362976
3287742,-9.0,0.020931096747517586
3290055,-13.0,0.004947145469486713
3292124,-17.0,0.011012151837348938
3293942,-16.0,0.04716551676392555
3296826,-3.0,0.014813171699643135
3299781,-7.0,0.022509487345814705
3302088,-8.0,0.01276887021958828
3304319,-11.0,0.0331815667450428
3307590,-7.0,0.01284220814704895
3310578,-10.0,0.009799993596971035
3312956,-8.0,0.004094704054296017
3314756,-18.0,0.005055897869169712
3316269,-19.0,0.00582190603017807
3318373,-11.0,0.004504573065787554
3319992,-18.0,0.02036071941256523
3323053,3.0,0.012889922596514225
3325320,-11.0,0.005449704360216856
3327859,-11.0,0.015489018522202969
3330587,-9.0,0.01497605163604021
3332490,-12.0,0.011420348659157753
3334847,-15.0,0.008259767666459084
3337578,-6.0,0.01906502991914749
3340470,-8.0,0.003513835836201906
3343245,-5.0,0.01731068268418312
3345639,-15.0,0.017056021839380264
3348284,-10.0,0.012998669408261776
3350800,-12.0,0.06745334714651108
3353123,-11.0,0.031141769140958786
3354870,-20.0,0.059857551008462906
3356970,-12.0,0.004420521203428507
3359499,-9.0,0.013048204593360424
3361724,-11.0,0.029935330152511597
3364251,-12.0,0.019449137151241302
3366527,-10.0,0.03293541818857193
3368640,-13.0,0.018752913922071457
3370886,-14.0,0.008414006792008877
3374253,-6.0,0.00877838209271431
3376669,-12.0,0.005012092180550098
3379068,-10.0,0.03476031497120857
3381759,-13.0,0.029726143926382065
3383897,-12.0,0.01544371247291565
3386903,-5.0,0.024748174473643303
3388914,-16.0,0.010182426311075687
3391493,-12.0,0.01632681116461754
3394300,-9.0,0.009334838949143887
3396692,-12.0,0.014126721769571304
3398812,-13.0,0.02426760084927082
3400618,-15.0,0.012150176800787449
3402720,-11.0,0.012802626937627792
3405140,-10.0,0.010024630464613438
3407844,-9.0,0.015959953889250755
3409637,-16.0,0.029113471508026123
3412042,-11.0,0.00755481468513608
3415157,-7.0,0.018846534192562103
3417784,-9.0,0.015020448714494705
3420064,-12.0,0.005208820570260286
3422873,-11.0,0.038698408752679825
3424755,-17.0,0.014004543423652649
3427539,-9.0,0.009379694238305092
3429104,-18.0,0.0068253143690526485
3431823,-13.0,0.01670950837433338
3433308,-20.0,0.03557075932621956
3435661,-11.0,0.012863509356975555
3437763,-14.0,0.009339530020952225
3440251,-11.0,0.008224686607718468
3442449,-16.0,0.016663381829857826
3444463,-15.0,0.022898472845554352
3446883,-12.0,0.009513398632407188
3449095,-12.0,0.017478030174970627
3451355,-11.0,0.027165492996573448
3453283,-10.0,0.011616458185017109
3455080,-13.0,0.006545552983880043
3457433,-10.0,0.01053378451615572
3459522,-14.0,0.015171222388744354
3462308,-9.0,0.008050499483942986
3463983,-18.0,0.012561456300318241
3466121,-19.0,0.00992497242987156
3467750,-17.0,0.0186409093439579
3469812,-13.0,0.008178280666470528
3471949,-13.0,0.01001797802746296
3474517,-11.0,0.05875497683882713
3476949,-12.0,0.006745121441781521
3479820,-13.0,0.006442108191549778
3482232,-12.0,0.0073611801490187645
3484740,-9.0,0.008122129365801811
3487827,-4.0,0.009294076822698116
3491012,-7.0,0.0035275593400001526
3492860,-14.0,0.012410704977810383
3494677,-14.0,0.0179752204567194
3496848,-12.0,0.008447826839983463
3498908,-14.0,0.011005220003426075
3500991,-14.0,0.009692313149571419
3502566,-16.0,0.017011623829603195
3505668,-4.0,0.01479397714138031
3507947,-10.0,0.005331435240805149
3509980,-13.0,0.00676299724727869
3512190,-13.0,0.008101673796772957
3514327,-13.0,0.03215295821428299
3517064,-11.0,0.0018219399498775601
3519278,-13.0,0.01007014699280262
3522177,-7.0,0.012944627553224564
3523932,-16.0,0.018437910825014114
3526387,-10.0,0.008084850385785103
3528991,-10.0,0.017797809094190598
3531256,-11.0,0.005661702714860439
3533425,-13.0,0.0038485301192849874
3535621,-13.0,0.02000349387526512
3538152,-11.0,0.005646607372909784
3540444,-13.0,0.011609332635998726
3542782,-10.0,0.029445964843034744
3544600,-16.0,0.014777262695133686
3546362,-17.0,0.016811884939670563
3549139,-10.0,0.004756570793688297
3552194,-8.0,0.0158942099660635
3555000,-9.0,0.013227252289652824
3556915,-14.0,0.011277865618467331
3558780,-14.0,0.0068362317979335785
3560972,-11.0,0.00487444456666708
3563162,-13.0,0.022524047642946243
3566291,-6.0,0.003367949277162552
3568680,-8.0,0.0068541900254786015
3570356,-16.0,0.005068824626505375
3572626,-14.0,0.009111018851399422
3575006,-9.0,0.006190789397805929
3577002,-15.0,0.008993728086352348
3579927,-8.0,0.021874982863664627
3582535,-9.0,0.003698758315294981
3584951,-12.0,0.0035157999955117702
3586957,-15.0,0.009457172825932503
3589084,-14.0,0.020296979695558548
3591775,-8.0,0.01363066304475069
3593999,-10.0,0.01725117489695549
3596463,-9.0,0.002443747129291296
3599376,-6.0,0.004950659349560738
3601271,-13.0,0.02450874075293541
3603137,-14.0,0.012156149372458458
3605463,-9.0,0.011568563990294933
3608437,-4.0,0.015557155013084412
3610686,-10.0,0.0035080602392554283
3613055,-11.0,0.01574184186756611
3615180,-16.0,0.008926172740757465
3617430,-11.0,0.004311441909521818
3619819,-10.0,0.004467376507818699
3622594,-13.0,0.007138046436011791
3625347,-9.0,0.0055146426893770695
3627868,-9.0,0.008437787182629108
3629793,-13.0,0.006857128348201513
3631854,-14.0,0.008230832405388355
3633917,-11.0,0.011620741337537766
3635598,-16.0,0.0122271329164505
3637931,-11.0,0.004384170286357403
3640197,-14.0,0.011597877368330956
3641936,-15.0,0.026613272726535797
3643700,-18.0,0.004834139719605446
3645758,-12.0,0.017158569768071175
3647306,-18.0,0.006112400908023119
3649015,-19.0,0.006298191379755735
3651279,-7.0,0.009353499859571457
3653646,-6.0,0.005985231604427099
3655603,-12.0,0.0038292105309665203
3657942,-7.0,0.008658173494040966
3659869,-16.0,0.009237990714609623
3661363,-18.0,0.007691830396652222
3663597,-11.0,0.01281772181391716
3665270,-15.0,0.010690232738852501
3666789,-14.0,0.020086538046598434
3668033,-18.0,0.01685302145779133
3670264,-10.0,0.00855912733823061
3672823,-11.0,0.021617963910102844
3674915,-11.0,0.028049247339367867
3676856,-12.0,0.020390331745147705
3679091,-10.0,0.006658695638179779
3680721,-16.0,0.0030267718248069286
3682103,-18.0,0.01327468827366829
3684111,-14.0,0.03501398116350174
3685561,-18.0,0.009285379201173782
3687771,-8.0,0.05357199162244797
3689183,-17.0,0.015387053601443768
3691248,-12.0,0.03691687434911728
3692712,-19.0,0.020308714359998703
3694168,-16.0,0.01777944341301918
3695796,-16.0,0.006570207886397839
3698379,-5.0,0.006660905200988054
3700245,-11.0,0.08233124017715454
3702570,-13.0,0.015329912304878235
3704115,-15.0,0.013758275657892227
3706253,-10.0,0.00984867848455906
3708012,-17.0,0.014290178194642067
3709554,-17.0,0.028513584285974503
3711222,-16.0,0.006737385876476765
3712756,-16.0,0.012887541204690933
3714121,-16.0,0.012998235411942005
3715697,-15.0,0.01567639224231243
3716966,-19.0,0.034894391894340515
3718371,-18.0,0.008730793371796608
3719777,-18.0,0.015429731458425522
3721273,-16.0,0.03328259289264679
3722265,-20.0,0.025623153895139694
3723215,-20.0,0.035633306950330734
3724391,-19.0,0.008508562110364437
3726079,-16.0,0.032153621315956116
3727823,-14.0,0.011157160624861717
3729143,-17.0,0.006916762795299292
3730881,-16.0,0.02133342996239662
3733010,-12.0,0.010360955260694027
3734721,-13.0,0.019447773694992065
3735930,-18.0,0.005715230479836464
3737295,-17.0,0.01142412144690752
3738392,-18.0,0.004290781915187836
3739857,-16.0,0.04317356273531914
3741604,-13.0,0.006157368421554565
3743796,-6.0,0.008196281269192696
3745697,-11.0,0.010843701660633087
3747194,-17.0,0.016740936785936356
3748540,-17.0,0.014686169102787971
3749874,-17.0,0.029221130535006523
3751406,-15.0,0.0028396407142281532
3752595,-20.0,0.0057578859850764275
3753917,-18.0,0.0072136009112000465
3754888,-20.0,0.011966388672590256
3756637,-14.0,0.04500715062022209
3757926,-18.0,0.011806599795818329
3759538,-14.0,0.005017698742449284
3761398,-12.0,0.02231801673769951
3762495,-19.0,0.0310843326151371
3764739,-10.0,0.0087845204398036
3766598,-13.0,0.01151023618876934
3768626,-12.0,0.0075914738699793816
3769895,-16.0,0.025397509336471558
3771082,-17.0,0.004406583495438099
3772708,-14.0,0.042619738727808
3775485,-4.0,0.005461341701447964
3776845,-17.0,0.008770223706960678
3778734,-14.0,0.016400963068008423
3780203,-17.0,0.006004896946251392
3782262,-13.0,0.012919281609356403
3783907,-15.0,0.011910645291209221
3785595,-13.0,0.022187307476997375
3786751,-20.0,0.00618754094466567
3788624,-14.0,0.007726994343101978
3789860,-18.0,0.005345577839761972
3791289,-19.0,0.023678362369537354
3793134,-18.0,0.005005709361284971
3794788,-19.0,0.04027073085308075
3795960,-19.0,0.013424520380795002
3797970,-12.0,0.06464490294456482
3799750,-13.0,0.010175524279475212
3801384,-15.0,0.0391792394220829
3802738,-18.0,0.08847709000110626
3804476,-15.0,0.01313259731978178
3806241,-14.0,0.010314473882317543
3808139,-17.0,0.00748749915510416
3809568,-17.0,0.015999846160411835
3811482,-13.0,0.010982312262058258
3813421,-16.0,0.02816164679825306
3814931,-16.0,0.0133198332041502
3816452,-18.0,0.05086485296487808
3818254,-13.0,0.010975446552038193
3820052,-12.0,0.011856184341013432
3822184,-12.0,0.00786422099918127
3824240,-12.0,0.027737215161323547
3826061,-15.0,0.0075225504115223885
3827920,-14.0,0.010345345363020897
3829512,-15.0,0.00564249511808157
3831237,-14.0,0.017512377351522446
3832765,-16.0,0.011503858491778374
3834689,-16.0,0.003679839428514242
3837060,-9.0,0.028247550129890442
3839495,-11.0,0.02746795490384102
3841506,-13.0,0.03122563287615776
3843456,-14.0,0.007188253104686737
3845564,-12.0,0.010724485851824284
3848056,-9.0,0.010176954790949821
3849874,-13.0,0.006252496503293514
3851381,-15.0,0.005242750979959965
3854293,-13.0,0.0031670271418988705
3856710,-8.0,0.0025213363114744425
3859250,-4.0,0.0291152223944664
3861843,-7.0,0.03303604573011398
3863763,-12.0,0.008185154758393764
3865708,-10.0,0.004529926925897598
3867398,-15.0,0.012164914980530739
3869617,-13.0,0.008343832567334175
3872020,-12.0,0.014028361067175865
3874137,-14.0,0.048721637576818466
3876024,-14.0,0.008663970977067947
3878392,-9.0,0.01683354191482067
3880880,10.0,0.06355003267526627
3883034,-12.0,0.019027043133974075
3885337,-11.0,0.017124900594353676
3887268,-15.0,0.005268835462629795
3889264,-11.0,0.006229897495359182
3891488,-13.0,0.022657616063952446
3893241,-16.0,0.010751800611615181
3895414,-9.0,0.007544475607573986
3896974,-18.0,0.009638206101953983
3898460,-16.0,0.014617880806326866
3901125,-10.0,0.008467745035886765
3903535,-10.0,0.00852897483855486
3906012,-7.0,0.01819007471203804
3907574,-15.0,0.0034041053149849176
3909426,-15.0,0.006665728986263275
3910884,-17.0,0.007627331651747227
3913815,-5.0,0.018568847328424454
3916654,-4.0,0.006423735059797764
3918610,-12.0,0.021827256307005882
3920313,-14.0,0.006145236548036337
3921921,-14.0,0.0409003384411335
3923550,-15.0,0.01095457375049591
3925079,-14.0,0.02452823519706726
3927934,1.0,0.018258405849337578
3929906,-14.0,0.01607690379023552
3932232,-11.0,0.009497709572315216
3935466,-4.0,0.005817095749080181
3937963,-8.0,0.03204302862286568
3940455,-10.0,0.02271406352519989
3943282,-4.0,0.01531551405787468
3946074,1.0,0.05451728776097298
3948491,-8.0,0.004103409592062235
3951228,-3.0,0.0057904780842363834
3953694,-9.0,0.03312394767999649
3956589,1.0,0.004341098479926586
3959535,3.0,0.011464366689324379
3961623,-10.0,0.05299968272447586
3963759,-12.0,0.05419222638010979
3966572,1.0,0.008671823889017105
3969833,2.0,0.012530055828392506
3972243,-13.0,0.07166828960180283
3974569,-11.0,0.04089021682739258
3977073,-8.0,0.005644272081553936
3980008,7.0,0.04696227237582207
3982968,3.0,0.05258315056562424
3985870,-4.0,0.005805816501379013
3988761,-4.0,0.013143088668584824
3990863,-13.0,0.030592162162065506
3993692,-7.0,0.016656477004289627
3995773,-13.0,0.01855882629752159
3998908,1.0,0.007374469190835953
4001517,-7.0,0.015366865321993828
4003449,-12.0,0.023593861609697342
4005885,-8.0,0.021453749388456345
4008681,-6.0,0.012002039700746536
4011426,-10.0,0.008874920196831226
4012781,-17.0,0.02747155725955963
4014818,-12.0,0.009292597882449627
4016451,-12.0,0.03172708675265312
4019394,-9.0,0.006048150360584259
4022593,-3.0,0.012995772063732147
4024891,-13.0,0.05218619853258133
4027204,-10.0,0.011605330742895603
4030584,1.0,0.020998172461986542
4032792,-15.0,0.006946147885173559
4035205,-9.0,0.030058206990361214
4038152,-5.0,0.03436565399169922
4040808,-6.0,0.010585226118564606
4042350,-16.0,0.03869834169745445
4044786,-8.0,0.040655702352523804
4046929,-11.0,0.02232125774025917
4049760,-6.0,0.034864604473114014
4052451,3.0,0.05072513595223427
4055149,3.0,0.014971076510846615
4057771,-5.0,0.015531715005636215
4059962,-12.0,0.1040886640548706
4061541,-15.0,0.006186659447848797
4063945,-9.0,0.01477719470858574
4066501,-10.0,0.03658796474337578
4068634,-11.0,0.03331427648663521
4070766,-9.0,0.012947747483849525
4073725,2.0,0.06418368220329285
4076081,-9.0,0.027327604591846466
4078243,-13.0,0.031192975118756294
4080643,-12.0,0.038273394107818604
4082666,-13.0,0.0207743551582098
4085831,2.0,0.015333089046180248
4088324,-6.0,0.008268097415566444
4091473,-3.0,0.01277432031929493
4094598,2.0,0.05285882577300072
4096665,-10.0,0.018212342634797096
4098572,-13.0,0.024847760796546936
4100046,-16.0,0.011293081566691399
4102128,-12.0,0.006486549042165279
4104400,-9.0,0.009498819708824158
4106902,8.0,0.013996906578540802
4109786,-2.0,0.019584249705076218
4112801,-1.0,0.03132693096995354
4115909,1.0,0.009991884231567383
4118983,-1.0,0.020195379853248596
4121617,8.0,0.01758001185953617
4123750,-9.0,0.034815527498722076
4126910,1.0,0.006891579832881689
4129146,-10.0,0.009283866733312607
4131696,-8.0,0.008067847229540348
4134186,-9.0,0.007147267460823059
4137306,-1.0,0.014257031492888927
4140380,-2.0,0.00963519886136055
4142651,-10.0,0.04018726199865341
4145071,7.0,0.023686343804001808
4147211,-8.0,0.07369322329759598
4149314,-11.0,0.006773145869374275
4151178,-15.0,0.0035870843566954136
4153971,-6.0,0.014428967610001564
4156705,-6.0,0.023845655843615532
4158988,-12.0,0.02238672412931919
4161596,-5.0,0.012347564101219177
4163703,-8.0,0.02964383363723755
4166264,-11.0,0.018893716856837273
4169096,-9.0,0.004998108837753534
4171236,-13.0,0.008437726646661758
4174094,7.0,0.06268030405044556
4176190,-9.0,0.013314607553184032
4179246,-2.0,0.013265600427985191
4181721,-10.0,0.009855185635387897
4183490,-14.0,0.015449781902134418
4186119,-7.0,0.0294186994433403
4188538,-6.0,0.01732110045850277
4190760,-7.0,0.023816537111997604
4192960,-9.0,0.019925473257899284
4195309,7.0,0.01751096546649933
4196894,-16.0,0.0360158234834671
4199247,-12.0,0.03325331583619118
4201804,-6.0,0.014370318502187729
4204778,-2.0,0.007066159509122372
4207062,-10.0,0.021990835666656494
4209461,-10.0,0.027973752468824387
4211783,-8.0,0.00885983370244503
4214180,-10.0,0.03556165471673012
4216529,-8.0,0.013127794489264488
4219417,-1.0,0.006097525358200073
4221548,-11.0,0.013419238850474358
4224550,-6.0,0.0034734588116407394
4227034,11.0,0.006666564382612705
4230076,5.0,0.04043132811784744
4233266,-1.0,0.04354386031627655
4236432,1.0,0.008966620080173016
4239542,-4.0,0.03395288437604904
4241188,-13.0,0.03151623532176018
4244202,-2.0,0.03465563803911209
4247184,-4.0,0.007455471903085709
4250145,2.0,0.00791490264236927
4252882,4.0,0.014196987263858318
4254684,-15.0,0.010992469266057014
4257555,1.0,0.08877094089984894
4259637,14.0,0.008114044554531574
4262279,-5.0,0.014149426482617855
4264773,-8.0,0.02035745605826378
4267137,12.0,0.0224633626639843
4269754,7.0,0.015760421752929688
4271620,-14.0,0.02173694595694542
4274036,-6.0,0.011585756205022335
4276728,8.0,0.033937301486730576
4279227,-8.0,0.02996712736785412
4282005,4.0,0.017389517277479172
4284306,9.0,0.022444453090429306
4286551,-11.0,0.017983075231313705
4289602,-3.0,0.007264287211000919
4292407,5.0,0.037674032151699066
4294684,-9.0,0.08046367764472961
4297149,-5.0,0.015148686245083809
4299566,8.0,0.03062009997665882
4302739,-1.0,0.1549054980278015
4305304,-8.0,0.007117695640772581
4307998,-5.0,0.023190686479210854
4310774,-6.0,0.016638215631246567
4313346,-6.0,0.019202103838324547
4315367,-18.0,0.03570990636944771
4317693,-11.0,0.03288228437304497
4320261,9.0,0.02298206090927124
4322933,-5.0,0.023363269865512848
4325006,-14.0,0.009645916521549225
4327987,-4.0,0.09441785514354706
4330791,4.0,0.018919458612799644
4333941,-2.0,0.032908763736486435
4336965,4.0,0.017300600185990334
4340272,-1.0,0.007764114066958427
4342631,-11.0,0.011782114394009113
4345394,3.0,0.10529965907335281
4347666,-11.0,0.011687292717397213
4351074,1.0,0.01323276199400425
4354074,6.0,0.004338372498750687
4357015,-6.0,0.021601863205432892
4359189,-13.0,0.010311344638466835
4362059,-8.0,0.018596261739730835
4364279,-13.0,0.0415668748319149
4367085,-2.0,0.014270090498030186
4369540,-10.0,0.010959031991660595
4371893,-9.0,0.02103799395263195
4375034,4.0,0.05334236100316048
4377616,8.0,0.03325454890727997
4380292,6.0,0.031230172142386436
4382909,8.0,0.1243300810456276
4385951,-3.0,0.010838663205504417
4388587,-8.0,0.03709016367793083
4391361,-7.0,0.05335204303264618
4393828,11.0,0.011236648075282574
4396719,5.0,0.049165990203619
4399929,-1.0,0.07303173840045929
4402107,11.0,0.022196363657712936
4404658,7.0,0.03970302641391754
4406654,-11.0,0.018080856651067734
4408710,-13.0,0.0054860906675457954
4410914,-8.0,0.015681007876992226
4413070,-11.0,0.043583184480667114
4415314,-13.0,0.019166726619005203
4418532,-2.0,0.007973813451826572
4421175,-5.0,0.020486101508140564
4423360,-10.0,0.011644923128187656
4425160,-16.0,0.01604478992521763
4427637,-8.0,0.023201970383524895
4429443,-14.0,0.019752612337470055
4432718,1.0,0.03244863450527191
4435859,-2.0,0.010446453467011452
4439370,-1.0,0.021216558292508125
4442641,-2.0,0.008211851119995117
4444922,-6.0,0.01568354293704033
4447831,3.0,0.020641453564167023
4450382,-6.0,0.032566990703344345
4452779,-6.0,0.011562250554561615
4455465,7.0,0.01144715491682291
4458321,-2.0,0.012557270005345345
4460902,-6.0,0.01494067907333374
4463685,4.0,0.013031824491918087
4466829,-1.0,0.01903732493519783
4468843,-10.0,0.017348214983940125
4470879,-11.0,0.011409403756260872
4473701,-5.0,0.004837253596633673
4476064,9.0,0.021655146032571793
4478786,-4.0,0.01700058951973915
4481538,-6.0,0.028484592214226723
4483375,-10.0,0.015452771447598934
4485490,-11.0,0.01719040423631668
4487074,-18.0,0.02279781550168991
4488526,-15.0,0.015463151037693024
4491357,-3.0,0.0096084363758564
4493783,10.0,0.010172627866268158
4496548,-4.0,0.015155977569520473
4498034,-16.0,0.025891002267599106
4500246,-12.0,0.011178603395819664
4501571,-14.0,0.01223442330956459
4503687,-11.0,0.01072756014764309
4505447,-12.0,0.011382125318050385
4508129,-2.0,0.014377363957464695
4510680,10.0,0.030078677460551262
4513802,1.0,0.027135757729411125
4516963,1.0,0.018871871754527092
4518919,-12.0,0.00868005957454443
4521710,4.0,0.0550631582736969
4524592,2.0,0.009759372100234032
4527712,-3.0,0.007673748303204775
4529877,-11.0,0.0240615401417017
4532461,-5.0,0.008212903514504433
4535607,4.0,0.020503051578998566
4538613,-2.0,0.0740472674369812
4541792,3.0,0.007262093480676413
4544147,-8.0,0.015783770009875298
4546139,-12.0,0.005607774946838617
4548404,-8.0,0.008428022265434265
4550997,2.0,0.006813867017626762
4553434,11.0,0.025425884872674942
4556452,1.0,0.004013108089566231
4559771,-1.0,0.012782512232661247
4563063,-1.0,0.02080048993229866
4565630,-3.0,0.026914404705166817
4568613,-3.0,0.07193661481142044
4570416,-12.0,0.009762361645698547
4572992,-4.0,0.013895830139517784
4575958,-1.0,0.009222237393260002
4578865,2.0,0.05238588899374008
4581612,6.0,0.009309657849371433
4584421,-3.0,0.05437203496694565
4587153,5.0,0.012924938462674618
4590004,1.0,0.020804857835173607
4592283,-11.0,0.015010494738817215
4594792,10.0,0.009636133909225464
4597841,6.0,0.021956128999590874
4600898,-5.0,0.0484926700592041
4603190,-7.0,0.010420120321214199
4605561,12.0,0.04912383109331131
4607188,-15.0,0.011639255098998547
4609751,-8.0,0.00820324756205082
4612251,7.0,0.00281280349008739
4614045,-14.0,0.009425215423107147
4616513,-8.0,0.007458817679435015
4619446,2.0,0.030456047505140305
4620811,-15.0,0.009080318734049797
4623517,-5.0,0.20648561418056488
4626034,13.0,0.015703871846199036
4627722,-15.0,0.03261682763695717
4629815,-13.0,0.03347545489668846
4631781,-11.0,0.02889636531472206
4634295,-6.0,0.04191531985998154
4636520,-12.0,0.005378530360758305
4639663,1.0,0.012010814622044563
4641452,-14.0,0.09608378261327744
4644280,-12.0,0.0400543250143528
4646717,-17.0,0.010901007801294327
4649948,2.0,0.014491158537566662
4652317,8.0,0.010620434768497944
4655193,-1.0,0.01979718916118145
4658046,6.0,0.012010052800178528
4660855,4.0,0.08357573300600052
4663875,2.0,0.06347980350255966
4667056,1.0,0.010460389778017998
4669855,3.0,0.02474289759993553
4672319,-7.0,0.007075689733028412
4674586,10.0,0.005653826519846916
4677127,13.0,0.015954703092575073
4679662,8.0,0.005962658207863569
4682480,-4.0,0.058139950037002563
4685532,-3.0,0.009749077260494232
4688703,1.0,0.019557619467377663
4692128,-2.0,0.020440319553017616
4694885,-3.0,0.025253042578697205
4697740,6.0,0.00821140967309475
4700619,-4.0,0.03699691221117973
4702413,-13.0,0.014212817884981632
4703750,-17.0,0.014745327644050121
4706361,-6.0,0.007288699969649315
4708121,-13.0,0.019903119653463364
4711569,-3.0,0.015493063256144524
4714120,8.0,0.012937692925333977
4716836,-2.0,0.09681957215070724
4719568,-3.0,0.016016721725463867
4721002,-16.0,0.0071685235016047955
4723549,-7.0,0.01735338754951954
4725750,13.0,0.11396122723817825
4728315,-3.0,0.04342158883810043
4730404,-10.0,0.008004768751561642
4731807,-17.0,0.006821637041866779
4733476,-15.0,0.00908016599714756
4736246,6.0,0.011553512886166573
4739342,4.0,0.013420326635241508
4742255,-5.0,0.03365226835012436
4745339,-2.0,0.004270528443157673
4748119,1.0,0.02121696248650551
4750735,5.0,0.011821968480944633
4753669,-7.0,0.054891735315322876
4756141,7.0,0.03364480286836624
4758673,-5.0,0.01233489066362381
4761310,-5.0,0.061922941356897354
4763726,7.0,0.007135604042559862
4765996,-12.0,0.03387472778558731
4768548,9.0,0.017878297716379166
4771284,-5.0,0.007895258255302906
4773280,-9.0,0.011266889981925488
4776097,4.0,0.03231484442949295
4778829,4.0,0.03527247533202171
4780863,-11.0,0.00933477096259594
4783686,5.0,0.011672403663396835
4786433,-3.0,0.02205992490053177
4788615,-8.0,0.008731109090149403
4790927,12.0,0.006997319869697094
4793711,-8.0,0.022004220634698868
4796501,2.0,0.007596982177346945
4798474,14.0,0.028830308467149734
4801238,-6.0,0.05090297758579254
4802817,-16.0,0.036080893129110336
4804955,-12.0,0.020529087632894516
4807247,-6.0,0.08838444948196411
4808842,-16.0,0.01509060524404049
4810861,-13.0,0.011662564240396023
4813352,-11.0,0.024481821805238724
4816606,-1.0,0.016871150583028793
4819725,-6.0,0.00828225165605545
4821084,-17.0,0.19944363832473755
4823766,-5.0,0.022518981248140335
4826071,-11.0,0.023483753204345703
4829374,-1.0,0.007308344356715679
4831671,-11.0,0.008546939119696617
4834646,-6.0,0.016305362805724144
4837522,3.0,0.018157565966248512
4839952,-8.0,0.035935066640377045
4842138,-9.0,0.07902040332555771
4844087,-11.0,0.09134835004806519
4845319,-19.0,0.011941580101847649
4847318,-14.0,0.028202738612890244
4850218,-5.0,0.0073546962812542915
4853590,1.0,0.07945925742387772
4855076,-17.0,0.06410631537437439
4858363,-2.0,0.010121773928403854
4860725,-8.0,0.019313082098960876
4863615,7.0,0.07364010810852051
4866872,-1.0,0.01790451630949974
4869559,-8.0,0.028571002185344696
4872007,9.0,0.01437363401055336
4874616,9.0,0.08812186121940613
4877448,2.0,0.004802103154361248
4878708,-16.0,0.024327171966433525
4881280,-7.0,0.036916583776474
4882712,-15.0,0.030116315931081772
4884140,-15.0,0.017800793051719666
4886882,-1.0,0.01537206582725048
4889966,-1.0,0.02739947848021984
4892450,-6.0,0.023195242509245872
4894439,-11.0,0.007364050485193729
4897209,1.0,0.005852875299751759
4899999,8.0,0.02940613590180874
4903137,1.0,0.08084108680486679
4904910,-15.0,0.013675827533006668
4906502,-14.0,0.012303045019507408
4908715,-8.0,0.02791777439415455
4911277,-3.0,0.007392487488687038
4913366,-12.0,0.02328665927052498
4915865,-13.0,0.011177243664860725
4917886,-14.0,0.20777495205402374
4919863,-9.0,0.005541088059544563
4920684,-21.0,0.011945308186113834
4922422,-14.0,0.006373482756316662
4924350,-9.0,0.01879023015499115
4926884,-4.0,0.02416057698428631
4929491,5.0,0.008535925298929214
4932347,-4.0,0.01314636506140232
4935344,3.0,0.01543493289500475
4936992,-14.0,0.004967129789292812
4939576,7.0,0.015819665044546127
4941742,-11.0,0.04783395305275917
4944805,-3.0,0.007903968915343285
4947857,3.0,0.007552789524197578
4950644,-5.0,0.05349579453468323
4953744,-1.0,0.02644861489534378
4956223,9.0,0.028035439550876617
4958359,-9.0,0.015592346899211407
4961348,-2.0,0.04968567192554474
4963555,-8.0,0.023437324911355972
4965471,-17.0,0.03202642500400543
4968150,-6.0,0.03085409104824066
4971008,3.0,0.05103325471282005
4974139,-3.0,0.00908670760691166
4975861,-16.0,0.010719165205955505
4978746,-2.0,0.019369399175047874
4981640,1.0,0.007649184670299292
4983808,-9.0,0.03476355969905853
4986409,-8.0,0.016050394624471664
4988256,-15.0,0.10502638667821884
4990610,11.0,0.023921728134155273
4992929,-11.0,0.01156395860016346
4995642,6.0,0.007295803166925907
4998150,-10.0,0.014989894814789295
5000938,-2.0,0.018797697499394417
5002813,-13.0,0.023436568677425385
5005780,1.0,0.025468312203884125
5008313,5.0,0.011289196088910103
5011278,1.0,0.02466679736971855
5012572,-19.0,0.03242814168334007
5015072,-3.0,0.009661602787673473
5017416,-3.0,0.00805663038045168
5020217,4.0,0.033880844712257385
5022295,-12.0,0.012540062889456749
5024673,-10.0,0.020528001710772514
5027551,-1.0,0.003992167301476002
5030355,4.0,0.00831958930939436
5033236,-3.0,0.07989072799682617
5036261,1.0,0.04655984044075012
5038828,-7.0,0.01883033476769924
5040847,-10.0,0.022999756038188934
5043501,-6.0,0.039270512759685516
5045938,10.0,0.1465092897415161
5047305,-17.0,0.009989195503294468
5050259,1.0,0.017391307279467583
5052674,-4.0,0.008338004350662231
5054988,-10.0,0.020529115572571754
5057040,-12.0,0.04754428192973137
5058915,-15.0,0.021927300840616226
5060904,-14.0,0.017851607874035835
5063691,6.0,0.006800146773457527
5066615,3.0,0.03874215483665466
5069179,-9.0,0.020344074815511703
5072099,-5.0,0.050105173140764236
5073871,-13.0,0.008556302636861801
5076451,9.0,0.021348409354686737
5078965,-5.0,0.022301578894257545
5082335,-3.0,0.029527612030506134
5084752,-6.0,0.23437811434268951
5087118,-9.0,0.12558162212371826
5090386,-1.0,0.035250596702098846
5092196,-13.0,0.03170991316437721
5094916,5.0,0.16697053611278534
5097718,-5.0,0.005644750781357288
5100388,4.0,0.017402706667780876
5102678,-6.0,0.006652513984590769
5104167,-14.0,0.08092115074396133
5105498,-17.0,0.011301137506961823
5108427,4.0,0.018019409850239754
5109866,-14.0,0.07942009717226028
5111905,-12.0,0.02557721734046936
5113907,-13.0,0.02470984123647213
5116140,-10.0,0.009006913751363754
5118767,8.0,0.020041801035404205
5121381,7.0,0.017740551382303238
5123869,7.0,0.017853835597634315
5126674,1.0,0.009503650479018688
5129288,6.0,0.013188650831580162
5131999,-5.0,0.006005970761179924
5135384,-1.0,0.010678054764866829
5139053,1.0,0.050391677767038345
5141995,4.0,0.007073094602674246
5144272,11.0,0.011640110984444618
5147169,-4.0,0.006067192181944847
5150112,1.0,0.016793904826045036
5152797,-8.0,0.009915483184158802
5155885,4.0,0.03223384916782379
5158533,5.0,0.0063004270195961
5160897,-10.0,0.018488433212041855
5163643,1.0,0.015878072008490562
5167190,-1.0,0.13571305572986603
5170233,1.0,0.010313689708709717
5173061,7.0,0.02409455180168152
5175847,4.0,0.007839315570890903
5178941,-3.0,0.027730973437428474
5180970,-11.0,0.021863484755158424
5183843,-1.0,0.042521245777606964
5185592,-14.0,0.044535934925079346
5188465,1.0,0.029628755524754524
5191014,-5.0,0.015495046973228455
5193212,-11.0,0.02638605609536171
5196389,-2.0,0.03603050112724304
5199285,4.0,0.012552713975310326
5201823,-7.0,0.12617145478725433
5204450,-4.0,0.10151281952857971
5207015,11.0,0.022753268480300903
5209901,-1.0,0.05448324978351593
5211894,-13.0,0.013050979934632778
5214718,-2.0,0.020198073238134384
5217187,-7.0,0.009559161961078644
5219576,11.0,0.021931540220975876
5222331,5.0,0.01679585687816143
5225300,4.0,0.038630593568086624
5228208,-1.0,0.010316122323274612
5230303,15.0,0.06548101454973221
5233301,3.0,0.004976300522685051
5236322,1.0,0.005249989219009876
5239005,7.0,0.010388867929577827
5242049,-1.0,0.004535123240202665
5244895,3.0,0.017759766429662704
5247359,11.0,0.04662521183490753
5250209,1.0,0.009382795542478561
5252891,7.0,0.056803978979587555
5255640,-5.0,0.032593779265880585
5257120,-15.0,0.009290066547691822
5259605,6.0,0.01907036080956459
5261881,11.0,0.012202705256640911
5264901,-1.0,0.00456630066037178
5267396,-7.0,0.014760543592274189
5270157,-5.0,0.017651457339525223
5272872,4.0,0.016384758055210114
5276078,-6.0,0.013704882003366947
5279304,1.0,0.008337868377566338
5281926,3.0,0.03748011961579323
5284301,-7.0,0.016435325145721436
5286386,-11.0,0.0086235785856843
5288971,9.0,0.005255783908069134
5291443,12.0,0.0037007280625402927
5293983,6.0,0.008230840787291527
5296468,10.0,0.020485831424593925
5299020,5.0,0.004953152500092983
5301564,6.0,0.006272930186241865
5304082,6.0,0.01117787417024374
5306384,9.0,0.00926576741039753
5308726,10.0,0.00625488068908453
5311444,8.0,0.019414406269788742
5313523,14.0,0.0098476093262434
5316262,2.0,0.006747836247086525
5318420,-9.0,0.018843214958906174
5320854,6.0,0.08949370682239532
5323501,-2.0,0.028559261932969093
5326061,7.0,0.038109634071588516
5327949,-14.0,0.020251046866178513
5330806,-1.0,0.01883270964026451
5333643,-7.0,0.029853355139493942
5336874,-1.0,0.011718356981873512
5339621,-5.0,0.012948881834745407
5342049,-8.0,0.015308698639273643
5344587,6.0,0.010655917227268219
5347713,5.0,0.0037234958726912737
5350708,-4.0,0.0067496225237846375
5353674,3.0,0.02507767081260681
5355468,-13.0,0.0060202619060873985
5358323,2.0,0.016772469505667686
5361075,-2.0,0.02341907098889351
5364030,2.0,0.04621297866106033
5366436,7.0,0.007598246447741985
5368789,-5.0,0.03799671307206154
5371054,12.0,0.04380138963460922
5373391,-7.0,0.019377440214157104
5376062,-5.0,0.005114275496453047
5379001,1.0,0.016638683155179024
5381956,1.0,0.017537442967295647
5384347,-4.0,0.004353640601038933
5386729,10.0,0.014544062316417694
5389126,7.0,0.006948417983949184
5391823,-3.0,0.009230360388755798
5393941,14.0,0.007788850925862789
5396727,1.0,0.007727441377937794
5398989,12.0,0.03205280378460884
5401545,-5.0,0.04253359138965607
5404287,4.0,0.01249910332262516
5406582,-7.0,0.11248251795768738
5408446,-10.0,0.059397630393505096
5411352,1.0,0.023045770823955536
5414169,1.0,0.04023468494415283
5416755,6.0,0.01863856241106987
5419290,-4.0,0.03736059367656708
5421801,7.0,0.018135078251361847
5424378,9.0,0.02261039987206459
5427178,4.0,0.027299251407384872
5429618,11.0,0.026719875633716583
5432868,-1.0,0.014948190189898014
5435649,5.0,0.012144037522375584
5438011,-7.0,0.046782102435827255
5440798,2.0,0.021515686064958572
5442983,-7.0,0.1140410453081131
5444850,-11.0,0.013562611304223537
5447920,-2.0,0.01297793909907341
5450523,-2.0,0.008947363123297691
5451921,-16.0,0.020392559468746185
5455042,3.0,0.051764778792858124
5457675,8.0,0.09126850217580795
5460203,10.0,0.01701764576137066
5462329,-9.0,0.020409638062119484
5465223,-1.0,0.028344344347715378
5468231,-1.0,0.02610018104314804
5471235,-1.0,0.009520896710455418
5473622,7.0,0.021273624151945114
5476643,-3.0,0.02811725251376629
5479457,2.0,0.05584616959095001
5481714,-9.0,0.07237455993890762
5484244,-6.0,0.029844656586647034
5486340,14.0,0.024768706411123276
5489135,-6.0,0.02589447982609272
5491653,5.0,0.05102459713816643
5494247,9.0,0.004733900539577007
5496056,-16.0,0.04337501898407936
5498805,7.0,0.01547165121883154
5501577,-1.0,0.022369492799043655
5504453,4.0,0.012843336910009384
5507498,3.0,0.03838084638118744
5509573,-8.0,0.014265208505094051
5512636,3.0,0.006903689354658127
5515226,6.0,0.006550585385411978
5518262,-1.0,0.0036279649939388037
5521128,-4.0,0.04136187583208084
5524013,-1.0,0.008195958100259304
5526730,5.0,0.06744822859764099
5529781,3.0,0.046167925000190735
5532909,-2.0,0.008784251287579536
5534519,-14.0,0.012049444019794464
5536282,-10.0,0.00850353017449379
5537536,-16.0,0.023856565356254578
5539823,-7.0,0.00930008478462696
5542081,-9.0,0.016588961705565453
5544899,-1.0,0.01707969233393669
5547403,5.0,0.006398238707333803
5550068,2.0,0.0052680885419249535
5552464,-6.0,0.003972972743213177
5555551,2.0,0.01109982281923294
5558203,-5.0,0.011692099273204803
5560232,15.0,0.011188985779881477
5562308,14.0,0.022363167256116867
5563812,-15.0,0.04965858533978462
5566623,-3.0,0.004533857107162476
5568983,10.0,0.005855427589267492
5571766,-2.0,0.07171273231506348
5574915,-2.0,0.0351250097155571
5577566,-4.0,0.01774103380739689
5579779,12.0,0.043671444058418274
5582155,9.0,0.02425730600953102
5584322,-11.0,0.008746416307985783
5587357,-1.0,0.009007749147713184
5590042,-1.0,0.004762583412230015
5592776,2.0,0.06220974028110504
5593637,-21.0,0.026933012530207634
5596588,3.0,0.01567816361784935
5599322,4.0,0.011693844571709633
5602140,10.0,0.037403855472803116
5604746,-4.0,0.00496881827712059
5607580,1.0,0.04102684557437897
5609563,-10.0,0.014048459939658642
5612183,-6.0,0.031298037618398666
5614288,-13.0,0.005042295902967453
5617330,3.0,0.0076270862482488155
5620072,-5.0,0.005829466041177511
5622732,10.0,0.04944060742855072
5624663,-11.0,0.009796883910894394
5627051,11.0,0.007235670927911997
5629629,5.0,0.005704795941710472
5632263,-5.0,0.005804857704788446
5633986,-12.0,0.014483870938420296
5637048,1.0,0.015623842366039753
5639522,9.0,0.003441054141148925
5642240,5.0,0.05683591961860657
5644856,7.0,0.010281631723046303
5646546,-12.0,0.0056233941577374935
5649236,-5.0,0.018769074231386185
5651667,8.0,0.02316015213727951
5654691,-4.0,0.005602407269179821
5657541,4.0,0.015623332932591438
5659826,11.0,0.016442034393548965
5662237,9.0,0.011113712564110756
5664762,-7.0,0.0072768558748066425
5667574,-5.0,0.027742765843868256
5670749,-2.0,0.004494030959904194
5673542,4.0,0.024136345833539963
5676254,6.0,0.03902434930205345
5679011,3.0,0.015470126643776894
5681628,-2.0,0.01837833970785141
5684613,1.0,0.03034263849258423
5687481,-1.0,0.008318460546433926
5690490,-1.0,0.007197320461273193
5693780,2.0,0.005766251124441624
5696318,3.0,0.0206246767193079
5698278,-11.0,0.015139860101044178
5700732,5.0,0.17868013679981232
5703722,1.0,0.007455842569470406
5706458,-1.0,0.05158548057079315
5708709,-9.0,0.009349718689918518
5711716,-2.0,0.006811965722590685
5714432,7.0,0.004066144116222858
5716626,-9.0,0.0036206720396876335
5719831,-1.0,0.005514541175216436
5721319,-17.0,0.06055167317390442
5722576,-16.0,0.015239778906106949
5725052,-6.0,0.012667371891438961
5727229,-11.0,0.015693480148911476
5729074,-11.0,0.005101012997329235
5731495,5.0,0.019759830087423325
5734203,5.0,0.020026976242661476
5736764,6.0,0.05400729924440384
5739558,-4.0,0.006151097826659679
5742045,-7.0,0.03690525144338608
5744314,12.0,0.006138981319963932
5747161,-4.0,0.014662353321909904
5749651,-6.0,0.025821128860116005
5752554,-1.0,0.048927389085292816
5754956,13.0,0.005133066792041063
5757601,5.0,0.014882168732583523
5760114,-7.0,0.00971133727580309
5762281,-8.0,0.02843649685382843
5764696,7.0,0.03444340080022812
5767454,7.0,0.006872451864182949
5769922,-6.0,0.008243411779403687
5771735,-12.0,0.07653289288282394
5773459,-17.0,0.008726504631340504
5775976,-6.0,0.011861980892717838
5778218,-11.0,0.06059712916612625
5780649,9.0,0.03587862849235535
5783670,-5.0,0.03222314268350601
5786325,7.0,0.01815563067793846
5788665,10.0,0.007023882120847702
5791347,6.0,0.03209967166185379
5794260,-1.0,0.024816226214170456
5797004,-1.0,0.01714092679321766
5799813,1.0,0.05025848001241684
5802442,-7.0,0.00838001724332571
5804236,-12.0,0.02654355578124523
5807511,-1.0,0.010822001844644547
5810070,-7.0,0.004552872385829687
5812677,5.0,0.003641136223450303
5814888,14.0,0.019039850682020187
5817106,-10.0,0.013481233268976212
5819965,-1.0,0.02064499258995056
5822583,-6.0,0.003658643923699856
5824944,-10.0,0.005593414418399334
5827906,4.0,0.006241956725716591
5830748,-6.0,0.03466390445828438
5833541,2.0,0.007304282858967781
5836231,6.0,0.036545801907777786
5839217,-1.0,0.00799434445798397
5842393,1.0,0.011271052062511444
5845602,-1.0,0.01120576448738575
5848536,1.0,0.00354128610342741
5851499,-1.0,0.013895535841584206
5854601,1.0,0.007751317694783211
5857360,-5.0,0.015071401372551918
5860181,-1.0,0.02413059026002884
5862835,-3.0,0.007008396089076996
5865315,11.0,0.018217163160443306
5868003,5.0,0.05211865156888962
5870994,1.0,0.0048708003014326096
5873231,-11.0,0.08716418594121933
5876006,4.0,0.008714275434613228
5878866,8.0,0.005868778098374605
5880492,-15.0,0.005584625992923975
5883102,8.0,0.02209622971713543
5886258,-4.0,0.00413218978792429
5888415,-13.0,0.007274210918694735
5891272,2.0,0.00838489830493927
5894247,-1.0,0.017591632902622223
5897105,-1.0,0.020227644592523575
5899090,-15.0,0.012908068485558033
5902140,4.0,0.002854012418538332
5905182,1.0,0.006630085874348879
5907777,-9.0,0.013697130605578423
5910566,2.0,0.04729742929339409
5912469,-13.0,0.009833818301558495
5914712,13.0,0.00788701232522726
5917254,5.0,0.02292799763381481
5920104,-1.0,0.024304430931806564
5923330,1.0,0.021554283797740936
5926228,3.0,0.015827585011720657
5928607,8.0,0.017261838540434837
5931389,-3.0,0.023513520136475563
5933542,-8.0,0.008288314566016197
5936180,-2.0,0.0043539865873754025
5938674,5.0,0.03179243206977844
5940937,-13.0,0.011336397379636765
5943779,-3.0,0.007055710069835186
5946234,-6.0,0.01869058609008789
5948466,-11.0,0.018961124122142792
5951348,-1.0,0.01146821677684784
5952645,-17.0,0.006859487853944302
5955806,-1.0,0.021957525983452797
5959250,-1.0,0.0057032788172364235
5961884,-5.0,0.023615263402462006
5964381,9.0,0.014004543423652649
5967176,-2.0,0.012738971970975399
5970043,1.0,0.009591779671609402
5972439,12.0,0.018230881541967392
5974865,-6.0,0.009327482432126999
5977869,-1.0,0.009826313704252243
5980914,-1.0,0.011082086712121964
5983502,9.0,0.0053730132058262825
5986896,2.0,0.009348137304186821
5989895,1.0,0.008564934134483337
5992963,-6.0,0.018373649567365646
5994849,-12.0,0.022512752562761307
5997280,-9.0,0.015277495607733727
6000001,3.0,0.002244294621050358
6002121,-8.0,0.07772727310657501
6005222,-1.0,0.03775201365351677
6008140,1.0,0.008722733706235886
6010889,-7.0,0.010048646479845047
6013623,1.0,0.0062000202015042305
6015999,9.0,0.025923870503902435
6018307,-8.0,0.008917734026908875
6020606,-9.0,0.05538834631443024
6023536,5.0,0.01201675459742546
6025739,14.0,0.04336702823638916
6028813,2.0,0.031489208340644836
6032006,-2.0,0.02488858625292778
6034621,-8.0,0.029990902170538902
6037554,7.0,0.006257260218262672
6039992,8.0,0.006989082787185907
6042385,9.0,0.015332749113440514
6045129,4.0,0.06524631381034851
6048012,1.0,0.025440024212002754
6050554,-1.0,0.018320510163903236
6053098,12.0,0.02025958150625229
6055915,1.0,0.01392944622784853
6058919,-1.0,0.0102640800178051
6061046,-9.0,0.009330171160399914
6064202,-4.0,0.019861428067088127
6067570,1.0,0.014580288901925087
6070208,6.0,0.004127577878534794
6073343,1.0,0.01813720352947712
6076126,7.0,0.011647194623947144
6078562,-11.0,0.015538547188043594
6081717,1.0,0.038255371153354645
6084579,-1.0,0.008126242086291313
6087068,-7.0,0.012415762059390545
6090233,2.0,0.004481805022805929
6092314,-11.0,0.006773312576115131
6094595,11.0,0.010985039174556732
6097017,7.0,0.010919379070401192
6099674,1.0,0.003124689683318138
6102044,11.0,0.020659735426306725
6104966,4.0,0.038498688489198685
6107574,6.0,0.006934118457138538
6110265,7.0,0.007101156748831272
6113176,2.0,0.005489705130457878
6116416,3.0,0.00955871306359768
6119363,-1.0,0.008020710200071335
6121897,6.0,0.017706649377942085
6124820,-3.0,0.01428474672138691
6127339,-4.0,0.008925242349505424
6129726,-4.0,0.013783896341919899
6132598,-3.0,0.01574377529323101
6135246,7.0,0.00936749204993248
6137992,4.0,0.0036369068548083305
6140610,8.0,0.018374722450971603
6143530,2.0,0.018626779317855835
6146525,2.0,0.02219778671860695
6149216,-1.0,0.02710493467748165
6152417,-1.0,0.028377918526530266
6154596,13.0,0.007954523898661137
6157321,5.0,0.012909053824841976
6159309,-14.0,0.009066997095942497
6161780,-4.0,0.01383640244603157
6164118,12.0,0.0326051339507103
6166566,-5.0,0.009773248806595802
6169474,1.0,0.017053326591849327
6172225,-2.0,0.0071415975689888
6174543,-8.0,0.017824865877628326
6177466,2.0,0.02564939856529236
6180170,4.0,0.0056353239342570305
6183397,1.0,0.007349096238613129
6186106,5.0,0.0028308762703090906
6188414,11.0,0.017036043107509613
6191149,6.0,0.013951016589999199
6193844,-1.0,0.032806240022182465
6196310,-7.0,0.00693753594532609
6199166,1.0,0.006404974963515997
6202246,1.0,0.03145654872059822
6205029,1.0,0.003237322438508272
6207498,8.0,0.012055166997015476
6210463,-1.0,0.058107130229473114
6213601,-1.0,0.017188699916005135
6216386,1.0,0.008541498333215714
6218977,7.0,0.013498302549123764
6221316,-6.0,0.008228128775954247
6223909,9.0,0.015252659097313881
6226923,-1.0,0.008850307203829288
6229609,7.0,0.016874440014362335
6232852,1.0,0.026558920741081238
6235663,7.0,0.041827231645584106
6238656,-1.0,0.012797974981367588
6241527,-1.0,0.049070216715335846
6244373,5.0,0.01716454327106476
6247555,6.0,0.01325967162847519
6251157,1.0,0.011300831101834774
6253808,8.0,0.011726121418178082
6256434,8.0,0.009419731795787811
6259256,4.0,0.012212803587317467
6262301,-4.0,0.027031444013118744
6265774,-4.0,0.04402382671833038
6268360,7.0,0.00751149095594883
6270711,10.0,0.11160526424646378
6273525,-7.0,0.01883542723953724
6276202,5.0,0.021018948405981064
6279181,-1.0,0.00325499614700675
6282088,-6.0,0.012404457665979862
6285178,1.0,0.03364286944270134
6287716,-5.0,0.0063185906037688255
6290614,6.0,0.02457221783697605
6293524,2.0,0.01039794459939003
6296278,1.0,0.007684922311455011
6298817,10.0,0.032023340463638306
6301346,5.0,0.015264887362718582
6304249,1.0,0.09261192381381989
6307493,2.0,0.00373290223069489
6310316,4.0,0.08942568302154541
6312981,4.0,0.0045657092705369
6315301,-9.0,0.006329148076474667
6318379,4.0,0.020669572055339813
6321012,7.0,0.028921140357851982
6323289,-9.0,0.016011057421565056
6326928,-1.0,0.010037044994533062
6329566,-7.0,0.015975963324308395
6331932,7.0,0.007615299895405769
6334454,9.0,0.035671643912792206
6337080,5.0,0.014304275624454021
6339823,8.0,0.018879251554608345
6342359,7.0,0.033841121941804886
6345224,-1.0,0.027322541922330856
6347944,-4.0,0.02798416092991829
6350393,7.0,0.08741609752178192
6352854,8.0,0.006636986508965492
6355290,8.0,0.011746020056307316
6357920,-1.0,0.005364564247429371
6360107,-8.0,0.018125057220458984
6362804,-1.0,0.03415904939174652
6364642,-15.0,0.005492977797985077
6367355,6.0,0.027466081082820892
6370087,4.0,0.018450601026415825
6371910,-10.0,0.022883431985974312
6373656,-12.0,0.006116349250078201
6375884,13.0,0.010601775720715523
6378214,11.0,0.01448338944464922
6381066,2.0,0.018057849258184433
6383580,-4.0,0.006673709489405155
6386260,-6.0,0.007123892195522785
6389011,-1.0,0.029224753379821777
6391856,-1.0,0.010068126022815704
6394609,-1.0,0.003269196953624487
6397218,8.0,0.012536736205220222
6399773,-5.0,0.01722390204668045
6402216,-12.0,0.0334794819355011
6403943,-14.0,0.013600016944110394
6406319,-7.0,0.02927219308912754
6408231,-12.0,0.005816144868731499
6410159,-12.0,0.014079715125262737
6412975,-1.0,0.014318479225039482
6415581,-2.0,0.024868996813893318
6417945,-8.0,0.0054094865918159485
6420996,-1.0,0.02888106182217598
6423731,7.0,0.015231541357934475
6426431,-1.0,0.015173465013504028
6428863,-8.0,0.00527055561542511
6431415,7.0,0.03730529919266701
6434857,-1.0,0.009863035753369331
6437025,-8.0,0.019174443557858467
6439795,6.0,0.024393614381551743
6442459,6.0,0.06081308424472809
6445178,-1.0,0.023922767490148544
6448289,-1.0,0.012145856395363808
6451184,-4.0,0.015982776880264282
6452787,-15.0,0.013982696458697319
6455534,2.0,0.018777498975396156
6457997,8.0,0.026757551357150078
6460517,9.0,0.010827844962477684
6462834,11.0,0.010193310678005219
6465089,-9.0,0.02779511734843254
6467654,4.0,0.020280448719859123
6470346,9.0,0.024108339101076126
6473056,-1.0,0.0037619145587086678
6476083,3.0,0.05535142123699188
6479003,-6.0,0.005873583722859621
6481605,-6.0,0.02023562788963318
6484188,-8.0,0.009305525571107864
6487488,1.0,0.013922557234764099
6490311,2.0,0.020694099366664886
6493130,-1.0,0.025264328345656395
6495028,-12.0,0.023168878629803658
6498078,-1.0,0.013509541749954224
6500390,-7.0,0.008830046281218529
6502970,-1.0,0.11457514762878418
6505903,8.0,0.015052197501063347
6508753,-1.0,0.028589460998773575
6511124,9.0,0.04007391631603241
6513911,-4.0,0.013512659817934036
6517017,-1.0,0.015489106997847557
6519871,6.0,0.019458584487438202
6522341,-8.0,0.013927677646279335
6524773,-11.0,0.0076836408115923405
6527172,-6.0,0.01998908817768097
6530093,-3.0,0.014892250299453735
6533382,-1.0,0.009555974043905735
6536342,-1.0,0.007087168283760548
6538725,9.0,0.014552430249750614
6541536,3.0,0.012033455073833466
6543968,-5.0,0.005094371270388365
6546712,-3.0,0.01065415982156992
6549212,7.0,0.019246060401201248
6551925,-4.0,0.007509508635848761
6554299,-7.0,0.014296257868409157
6557170,-1.0,0.017444495111703873
6559953,4.0,0.006652832962572575
6562519,-6.0,0.027819477021694183
6565273,-3.0,0.017358072102069855
6567272,-12.0,0.0690220445394516
6570172,-3.0,0.004599656444042921
6573155,-3.0,0.0037737549282610416
6575476,10.0,0.012786095961928368
6578530,-5.0,0.015888458117842674
6581533,-9.0,0.0339997336268425
6584164,6.0,0.01270230021327734
6587085,-1.0,0.008957095444202423
6589069,-12.0,0.007880594581365585
6591800,4.0,0.026551472023129463
6594734,3.0,0.010166439227759838
6597569,2.0,0.020508095622062683
6599128,-16.0,0.006581521593034267
6601655,7.0,0.021292099729180336
6604327,6.0,0.0193034578114748
6606781,6.0,0.008136780932545662
6609853,-1.0,0.014114863239228725
6612143,-12.0,0.008291749283671379
6615196,-4.0,0.024377262219786644
6617876,5.0,0.0030981111340224743
6620580,-1.0,0.011105379089713097
6622969,-8.0,0.03414340317249298
6626163,-1.0,0.029031844809651375
6629032,-3.0,0.013973109424114227
6632064,-2.0,0.009755113162100315
6634682,2.0,0.030800489708781242
6637527,3.0,0.011875737458467484
6640716,2.0,0.03430280089378357
6643254,-5.0,0.006202535703778267
6645640,-4.0,0.050267916172742844
6648747,-1.0,0.011364561505615711
6651391,9.0,0.014425396919250488
6654491,-1.0,0.018769141286611557
6657292,1.0,0.003921216353774071
6660625,-1.0,0.01205980684608221
6663321,-1.0,0.007387321442365646
6664916,-15.0,0.008514836430549622
6667476,-7.0,0.008612268604338169
6670192,8.0,0.023298021405935287
6673152,-1.0,0.012708930298686028
6675815,5.0,0.008042366243898869
6678771,-5.0,0.004348245449364185
6681052,11.0,0.06445919722318649
6684274,-1.0,0.02494443766772747
6687270,-3.0,0.006665656343102455
6690110,-1.0,0.005677978042513132
6693157,4.0,0.004860966466367245
6696129,-1.0,0.005263218656182289
6697954,-15.0,0.01749441958963871
6700996,-1.0,0.02266116812825203
6703780,-3.0,0.031164618209004402
6706753,-1.0,0.10590995848178864
6709583,3.0,0.006513422355055809
6712071,-1.0,0.013575056567788124
6714877,-1.0,0.04333754628896713
6717707,-1.0,0.030754439532756805
6720556,-1.0,0.011931472457945347
6722451,-15.0,0.04238922894001007
6725076,-6.0,0.03676773980259895
6727944,-1.0,0.007775700185447931
6730594,10.0,0.015139088034629822
6733320,-1.0,0.018600229173898697
6735611,9.0,0.051040079444646835
6738140,6.0,0.020104162395000458
6740415,9.0,0.025669431313872337
6742938,-3.0,0.00813609454780817
6744277,-16.0,0.01389879360795021
6747319,-1.0,0.010424546897411346
6750395,1.0,0.007582420017570257
6752550,-10.0,0.006417763419449329
6755680,-1.0,0.004248805809766054
6758505,-1.0,0.009625975042581558
6761693,4.0,0.011885781772434711
6764787,1.0,0.006229672115296125
6767293,-8.0,0.05553627759218216
6770331,3.0,0.009064226411283016
6772881,9.0,0.02909885346889496
6775193,11.0,0.0060302382335066795
6778081,3.0,0.027777614071965218
6780640,8.0,0.007904523983597755
6783289,6.0,0.0054806810803711414
6785364,14.0,0.005058314651250839
6787620,13.0,0.01432817056775093
6790573,1.0,0.010069070383906364
6794249,-1.0,0.0029304027557373047
6796889,5.0,0.0071245948784053326
6799563,6.0,0.0024618254974484444
6802381,-1.0,0.005987607408314943
6805579,-3.0,0.005720340646803379
6808639,-3.0,0.010477191768586636
6812046,1.0,0.03947550430893898
6814468,10.0,0.01336123701184988
6817491,2.0,0.006401379127055407
6820086,-6.0,0.016987502574920654
6822782,-5.0,0.0123663991689682
6825510,4.0,0.052495382726192474
6828451,3.0,0.012919209897518158
6831248,1.0,0.00995188020169735
6834049,2.0,0.010516081005334854
6836783,3.0,0.007166905328631401
6839551,-4.0,0.0038218481931835413
6841900,-10.0,0.03750919923186302
6845003,-2.0,0.004131609108299017
6847886,3.0,0.016528494656085968
6850699,-1.0,0.017091359943151474
6853847,4.0,0.013581899926066399
6856667,4.0,0.014209963381290436
6859647,-1.0,0.009783085435628891
6862257,-1.0,0.00484310369938612
6865252,-3.0,0.01208819542080164
6867847,-1.0,0.016814466565847397
6870515,-2.0,0.0034128855913877487
6873115,-1.0,0.026530086994171143
6875915,4.0,0.02524751052260399
6878640,-1.0,0.004120981320738792
6881385,4.0,0.03444792330265045
6884317,-2.0,0.0065081194043159485
6886485,-12.0,0.012959541752934456
6889725,1.0,0.044829461723566055
6892221,-8.0,0.04891292005777359
6895017,-1.0,0.0063721174374222755
6897617,-1.0,0.006293090526014566
6900323,-4.0,0.0035401363857090473
6903204,3.0,0.009224152192473412
6906017,-1.0,0.012077691964805126
6909070,-1.0,0.029941676184535027
6911923,5.0,0.017250213772058487
6914672,-3.0,0.006490403786301613
6917693,2.0,0.009255876764655113
6920589,-1.0,0.006611607037484646
6923344,-1.0,0.009857126511633396
6926162,1.0,0.008142027072608471
6928413,-9.0,0.0152197340503335
6931059,6.0,0.022541143000125885
6933728,6.0,0.017763588577508926
6936411,2.0,0.016185970976948738
6938808,-9.0,0.004536685533821583
6941951,-1.0,0.08701407164335251
6944740,7.0,0.015769869089126587
6947224,8.0,0.004351732786744833
6949991,2.0,0.003007367020472884
6952709,-4.0,0.01614944450557232
6955541,-3.0,0.008127953857183456
6957886,9.0,0.02761301025748253
6960334,-5.0,0.006313888356089592
6963435,-1.0,0.014307786710560322
6965971,-1.0,0.042951446026563644
6968808,-1.0,0.01935219019651413
6971386,8.0,0.013407329097390175
6973635,-9.0,0.012015578337013721
6976344,6.0,0.004469360690563917
6979037,6.0,0.012441557832062244
6981716,5.0,0.004496589303016663
6984338,2.0,0.005153278820216656
6986748,-7.0,0.012448769994080067
6988696,-11.0,0.021034754812717438
6991239,9.0,0.002645344939082861
6994167,-3.0,0.009609930217266083
6997282,-1.0,0.018572919070720673
6999548,12.0,0.004104501102119684
7002217,7.0,0.0162644200026989
7004849,-7.0,0.014306711032986641
7007465,-5.0,0.042309992015361786
7009755,-6.0,0.010778408497571945
7012511,-1.0,0.015037525445222855
7015495,-1.0,0.02414976805448532
7018439,-1.0,0.008407555520534515
7021048,7.0,0.02634512074291706
7023810,-3.0,0.049334511160850525
7026499,-5.0,0.006580941379070282
7029300,-1.0,0.0391465499997139
7032354,-1.0,0.01158779114484787
7034708,-9.0,0.034135594964027405
7037812,-1.0,0.009740186855196953
7040805,1.0,0.012324318289756775
7043690,-4.0,0.02057746611535549
7045552,-15.0,0.031063463538885117
7047739,-10.0,0.013731414452195168
7050451,7.0,0.009400023147463799
7053342,-1.0,0.02692543715238571
7054913,-18.0,0.018852682784199715
7057657,2.0,0.029249288141727448
7060581,1.0,0.009155859239399433
7063370,2.0,0.008036872372031212
7066250,-1.0,0.008223528042435646
7068703,-5.0,0.006311260629445314
7070589,-12.0,0.007818530313670635
7073569,-1.0,0.026503702625632286
7076465,-1.0,0.06280926614999771
7078841,-8.0,0.06039220094680786
7081351,-8.0,0.01475581806153059
7083681,-12.0,0.004670036491006613
7086501,-1.0,0.047455865889787674
7089333,-1.0,0.010639967396855354
7091647,-7.0,0.006211768835783005
7093883,-7.0,0.0037305050063878298
7096706,-4.0,0.012150611728429794
7099509,3.0,0.010000511072576046
7102143,-3.0,0.0095414649695158
7105081,-3.0,0.02913309447467327
7107514,7.0,0.05672804266214371
7109928,-8.0,0.008459270000457764
7112687,-4.0,0.0055657122284173965
7115625,-5.0,0.005877906456589699
7118298,-5.0,0.014217559248209
7121180,-1.0,0.06834544986486435
7123712,10.0,0.01320881862193346
7126688,6.0,0.00655387993901968
7129231,-1.0,0.03741665184497833
7132062,1.0,0.03220696747303009
7134842,-1.0,0.03105548769235611
7136713,-15.0,0.018284782767295837
7139327,11.0,0.004953404422849417
7142050,-5.0,0.016358928754925728
7144840,3.0,0.01794121414422989
7147376,-5.0,0.01830613985657692
7150055,4.0,0.01549382321536541
7152719,-5.0,0.017499331384897232
7155399,-1.0,0.011599847115576267
7158137,-1.0,0.0037566381506621838
7160954,3.0,0.030805733054876328
7163930,1.0,0.021539801731705666
7166157,-7.0,0.015929874032735825
7168830,-6.0,0.007599608041346073
7171509,7.0,0.0036520413123071194
7173972,6.0,0.02097543515264988
7176628,5.0,0.006462411489337683
7179503,2.0,0.017142655327916145
7182515,-2.0,0.041081447154283524
7184762,11.0,0.006624237634241581
7187666,-1.0,0.007078234571963549
7190433,2.0,0.014168871566653252
7193947,1.0,0.007916772738099098
7196952,-2.0,0.009080224670469761
7199784,-1.0,0.007279670797288418
7202118,-10.0,0.07798971235752106
7204780,-3.0,0.004613600671291351
7207533,3.0,0.0884583368897438
7210056,8.0,0.010261261835694313
7212609,-4.0,0.020782750099897385
7215257,-1.0,0.02193845435976982
7218089,-4.0,0.02652846649289131
7220755,-4.0,0.02045225165784359
7223624,-7.0,0.027780866250395775
7225732,13.0,0.03508145362138748
7228652,-1.0,0.028317131102085114
7230795,-7.0,0.018808819353580475
7233332,7.0,0.0075529795140028
7236218,-1.0,0.018943510949611664
7239156,-1.0,0.022393260151147842
7241908,-1.0,0.01211999449878931
7244213,-8.0,0.012086990289390087
7245972,-15.0,0.04042864963412285
7248786,2.0,0.10332191735506058
7251433,-1.0,0.008678235113620758
7254486,-2.0,0.006412665359675884
7257114,1.0,0.018840238451957703
7259924,-1.0,0.012396863661706448
7263277,-1.0,0.030711423605680466
7266392,1.0,0.03257937729358673
7269517,1.0,0.013040986843407154
7272170,-1.0,0.012898746877908707
7275325,3.0,0.008754787966609001
7277532,12.0,0.05169490724802017
7280477,-1.0,0.008839285001158714
7283455,1.0,0.009355721063911915
7286233,-1.0,0.02423296868801117
7289100,1.0,0.02679462917149067
7291887,-1.0,0.01674247346818447
7293743,-11.0,0.003754617413505912
7296443,-1.0,0.007231606636196375
7299395,2.0,0.00579456053674221
7302497,-2.0,0.008401216007769108
7305461,-1.0,0.021397186443209648
7306575,-21.0,0.00735301710665226
7309205,-1.0,0.006816421635448933
7312029,3.0,0.023989088833332062
7314797,-1.0,0.014170360751450062
7317843,-1.0,0.026854373514652252
7320508,4.0,0.014812578447163105
7323493,-1.0,0.007184156216681004
7326354,4.0,0.01486254669725895
7329317,1.0,0.01838095486164093
7331984,6.0,0.009809156879782677
7334666,-1.0,0.009821591898798943
7337252,-1.0,0.06914501637220383
7340182,-1.0,0.018098993226885796
7342895,2.0,0.10175863653421402
7345625,-1.0,0.04393868148326874
7348424,3.0,0.005612426437437534
7351380,-1.0,0.018550816923379898
7354402,5.0,0.0074896374717354774
7355896,-16.0,0.00416047777980566
7358695,5.0,0.008060919120907784
7360991,-8.0,0.02541041374206543
7363514,-5.0,0.0345020666718483
7366021,-1.0,0.051036715507507324
7368543,-1.0,0.06203150004148483
7371571,-1.0,0.015619097277522087
7374227,5.0,0.01298438385128975
7377139,2.0,0.07728246599435806
7379780,7.0,0.010381787084043026
7382229,7.0,0.006619682535529137
7385141,-2.0,0.004901795648038387
7387785,-5.0,0.006054414436221123
7390558,-4.0,0.0177418552339077
7393561,-1.0,0.0916723757982254
7396398,-4.0,0.027512162923812866
7399404,-1.0,0.02560718171298504
7401732,-10.0,0.032657526433467865
7404085,7.0,0.03566143289208412
7406849,-3.0,0.00911225751042366
7409249,-11.0,0.01204892247915268
7412015,-1.0,0.013600338250398636
7414475,-7.0,0.02360256388783455
7417473,-2.0,0.027867700904607773
7419708,11.0,0.011763673275709152
7422557,-1.0,0.019013581797480583
7425226,1.0,0.02156965062022209
7427575,11.0,0.004034888464957476
7430553,-2.0,0.012197501957416534
7433589,1.0,0.008547347038984299
7436450,-3.0,0.012072502635419369
7439173,-1.0,0.020528145134449005
7441769,-2.0,0.017497094348073006
7444059,11.0,0.01742997020483017
7446760,-1.0,0.011334837414324284
7449456,2.0,0.12615367770195007
7450916,-15.0,0.021983064711093903
7453374,-3.0,0.019086804240942
7456302,-1.0,0.007363306824117899
7459209,1.0,0.012389075942337513
7462475,2.0,0.021185442805290222
7465465,-1.0,0.0075217317789793015
7468347,-4.0,0.014883838593959808
7470905,-1.0,0.019202623516321182
7473747,-2.0,0.003817873541265726
7476386,-3.0,0.02190377190709114
7479410,-1.0,0.04869377613067627
7482143,-2.0,0.01906091347336769
7485045,-1.0,0.004225156269967556
7487613,-1.0,0.06286261975765228
7490460,-1.0,0.010290849022567272
7493405,-2.0,0.011489523574709892
7496383,-1.0,0.02311437949538231
7499108,-1.0,0.024405108764767647
7501866,-5.0,0.011175788938999176
7504611,-2.0,0.00851870235055685
7507470,4.0,0.04501812532544136
7509870,-3.0,0.010045838542282581
7512200,-6.0,0.017712656408548355
7514968,-1.0,0.08258596062660217
7517965,-2.0,0.011137889698147774
7520937,-1.0,0.12714418768882751
7523182,-9.0,0.0068987212143838406
7526113,-2.0,0.013667156919836998
7528772,-4.0,0.03893851116299629
7531466,-2.0,0.009009583853185177
7534183,-1.0,0.0072084274142980576
7536584,-7.0,0.05603186413645744
7539568,-1.0,0.028251241892576218
7542342,-2.0,0.04728268086910248
7544798,-7.0,0.009157787077128887
7547652,-1.0,0.03004392981529236
7550021,-9.0,0.012221460230648518
7552797,-1.0,0.006278549320995808
7555648,-4.0,0.01165083795785904
7558570,-1.0,0.04338165372610092
7561308,-1.0,0.10504010319709778
7563057,-13.0,0.014974366873502731
7566130,-1.0,0.006080950610339642
7568500,-9.0,0.032361116260290146
7571492,-5.0,0.017112795263528824
7574169,-1.0,0.009973756968975067
7576919,1.0,0.010495785623788834
7579778,-1.0,0.0033315205946564674
7582569,7.0,0.026437941938638687
7585254,-1.0,0.00211167405359447
7587541,-9.0,0.013412542641162872
7590033,-5.0,0.017360642552375793
7592863,-2.0,0.01425848063081503
7595878,-1.0,0.0035811581183224916
7598958,-1.0,0.006649317219853401
7601993,-1.0,0.015081964433193207
7604958,-1.0,0.03561738133430481
7606885,-13.0,0.03292465955018997
7609473,-1.0,0.03492138534784317
7612291,1.0,0.0024919314309954643
7614585,12.0,0.01515117660164833
7617007,-1.0,0.009698011912405491
7619292,9.0,0.029348187148571014
7622289,-1.0,0.006406488828361034
7624296,-10.0,0.013441892340779305
7627433,-1.0,0.008550113067030907
7630080,-8.0,0.00627699913457036
7632892,-1.0,0.032973408699035645
7635703,-1.0,0.006974387913942337
7638544,1.0,0.011367954313755035
7641022,-6.0,0.056574612855911255
7643842,-1.0,0.025210846215486526
7646617,-5.0,0.009794473648071289
7649211,-8.0,0.018944043666124344
7651842,-4.0,0.011312638409435749
7654519,-1.0,0.10987908393144608
7657386,1.0,0.023512687534093857
7660095,-1.0,0.01225736178457737
7662876,1.0,0.02148038148880005
7665905,-4.0,0.004744866397231817
7668719,-4.0,0.021148869767785072
7670564,-13.0,0.03703773766756058
7673719,-1.0,0.005199122242629528
7676376,-1.0,0.014242852106690407
7679304,1.0,0.013633977621793747
7681771,6.0,0.021254701539874077
7684548,-1.0,0.015198695473372936
7687220,-1.0,0.023634638637304306
7689645,9.0,0.010985451750457287
7691254,-13.0,0.005360621027648449
7694282,-1.0,0.012411106377840042
7697585,-2.0,0.0036548166535794735
7700552,-1.0,0.017721228301525116
7703103,-4.0,0.0033218013122677803
7705391,-8.0,0.005022963508963585
7707709,-6.0,0.0090779485180974
7710237,9.0,0.0036004921421408653
7712565,-7.0,0.006180015858262777
7715016,-7.0,0.03714209422469139
7717791,3.0,0.008277012035250664
7720999,-2.0,0.010267695412039757
7722826,-12.0,0.012072835117578506
7725798,-2.0,0.03223050385713577
7728661,-1.0,0.06724657863378525
7731579,-1.0,0.030595509335398674
7734686,-1.0,0.09869671612977982
7737553,1.0,0.004090776666998863
7740213,-5.0,0.05612872540950775
7742676,8.0,0.010633090510964394
7745676,-1.0,0.014248307794332504
7748510,-1.0,0.02255140244960785
7751341,-1.0,0.02681145817041397
7753883,-1.0,0.002426034538075328
7756297,-6.0,0.03845871239900589
7759072,-1.0,0.0061013223603367805
7761637,-1.0,0.013776713982224464
7764550,2.0,0.007757639512419701
7767383,-1.0,0.019583003595471382
7770108,-1.0,0.005244312807917595
7772755,-1.0,0.0038023146335035563
7775339,-1.0,0.015593865886330605
7778139,7.0,0.0055480459704995155
7780668,7.0,0.023352842777967453
7783265,-1.0,0.010965663939714432
7786149,-1.0,0.013977842405438423
7789069,-1.0,0.016415072605013847
7792270,-1.0,0.008400676771998405
7795110,-7.0,0.007044241763651371
7798070,-1.0,0.005967697128653526
7801269,-3.0,0.015376819297671318
7803833,-8.0,0.006898512598127127
7806651,-1.0,0.006405577529221773
7809335,-1.0,0.010444747284054756
7812188,-1.0,0.010759077034890652
7815232,-1.0,0.009627113118767738
7818582,-1.0,0.012804888188838959
7820576,-10.0,0.006288917735219002
7823614,-1.0,0.02404729649424553
7826220,-1.0,0.010362520813941956
7829267,-1.0,0.003376580774784088
7832112,-1.0,0.05015183985233307
7835281,-1.0,0.011717370711266994
7838330,1.0,0.013499882072210312
7840896,-1.0,0.006442819721996784
7842551,-14.0,0.011965828016400337
7844998,-5.0,0.005055151414126158
7847910,-1.0,0.009608148597180843
7850509,-1.0,0.007629769388586283
7853135,-1.0,0.029158931225538254
7856110,-1.0,0.009593997150659561
7858804,-1.0,0.06106074899435043
7861414,-1.0,0.024495914578437805
7864119,4.0,0.05137813091278076
7866926,-1.0,0.015936728566884995
7869806,7.0,0.014269812032580376
7872253,6.0,0.006454792805016041
7874866,-6.0,0.0076085105538368225
7877769,-1.0,0.0036321901716291904
7880723,-1.0,0.005714740604162216
7883495,-1.0,0.008768992498517036
7886280,-1.0,0.021104197949171066
7889398,-1.0,0.027521591633558273
7892336,-1.0,0.01982061006128788
7895273,-2.0,0.006184550933539867
7898083,-1.0,0.0075630806386470795
7900701,-1.0,0.011137966066598892
7903930,-1.0,0.0030463100410997868
7906516,-1.0,0.025006446987390518
7909451,-1.0,0.02194252796471119
7912314,-1.0,0.004128384403884411
7915258,-1.0,0.008163422346115112
7918098,-2.0,0.003356139175593853
7920721,-1.0,0.0025491705164313316
7923619,-1.0,0.03384418413043022
7926963,2.0,0.016820164397358894
7929392,-7.0,0.04344519227743149
7931612,-6.0,0.040608614683151245
7934413,-1.0,0.006273786537349224
7937165,-1.0,0.021498311311006546
7940214,-1.0,0.01062227413058281
7942356,-11.0,0.006187122315168381
7945460,-1.0,0.06207166239619255
7948390,-1.0,0.004394052550196648
7950135,-13.0,0.03850381448864937
7952827,5.0,0.00677061453461647
7955549,-1.0,0.0894380509853363
7958110,-1.0,0.0026281457394361496
7960996,-1.0,0.008840407244861126
7961799,-21.0,0.023918624967336655
7964641,-1.0,0.016810428351163864
7967760,-1.0,0.045075446367263794
7970689,-1.0,0.005161406472325325
7972703,-9.0,0.023420047014951706
7975711,-1.0,0.00670576561242342
7978463,-1.0,0.00780306663364172
7981136,-1.0,0.008100351318717003
7984142,-1.0,0.04412209242582321
7986946,-1.0,0.006386098451912403
7989534,-1.0,0.03061230108141899
7992040,5.0,0.011218840256333351
7994730,-3.0,0.01167384535074234
7997997,-1.0,0.0065981121733784676
8000190,-9.0,0.004209741484373808
8002951,-3.0,0.015927214175462723
8005529,-1.0,0.004049147944897413
8007712,-11.0,0.0045979199931025505
8010516,-1.0,0.026039810851216316
8013100,-1.0,0.012144522741436958
8015689,-4.0,0.008167548105120659
8018919,-1.0,0.011881022714078426
8021889,-1.0,0.00762740895152092
8024948,-2.0,0.026408515870571136
8027256,-8.0,0.010265285149216652
8029862,4.0,0.011405115947127342
8032619,-1.0,0.008726535364985466
8035683,-1.0,0.006276060827076435
8038636,1.0,0.03888469934463501
8041376,-5.0,0.029279688373208046
8044078,8.0,0.013495415449142456
8047168,-1.0,0.014320749789476395
8049536,-7.0,0.006204580422490835
8052303,-1.0,0.016280077397823334
8054878,-1.0,0.012660067528486252
8057540,-1.0,0.017863336950540543
8060495,-1.0,0.00365010485984385
8062847,-7.0,0.007934323512017727
8065655,-1.0,0.04356508329510689
8068318,-1.0,0.026006974279880524
8071141,-1.0,0.02284868061542511
8074070,-1.0,0.03340618312358856
8075973,-13.0,0.021493839100003242
8078433,-1.0,0.0026475063059479
8081171,-1.0,0.017849765717983246
8083721,-7.0,0.02150692231953144
8086796,-1.0,0.0182623490691185
8089806,-4.0,0.024080488830804825
8092629,-7.0,0.012161901220679283
8095285,-6.0,0.016064148396253586
8098197,-1.0,0.008182844147086143
8100367,-8.0,0.0076516191475093365
8102963,-1.0,0.13423600792884827
8105806,-3.0,0.00885650422424078
8108129,-4.0,0.025986257940530777
8111304,-1.0,0.0053755659610033035
8114414,-1.0,0.01700570434331894
8117127,-1.0,0.0030401824042201042
8118849,-13.0,0.005340019706636667
8121455,4.0,0.018523067235946655
8124182,7.0,0.008408533409237862
8127074,-1.0,0.04931426793336868
8129941,-1.0,0.050481587648391724
8132865,4.0,0.024828974157571793
8135643,-5.0,0.015609195455908775
8138699,-2.0,0.058566853404045105
8141601,-1.0,0.019608307629823685
8144263,-1.0,0.015509823337197304
8147066,-1.0,0.007307832129299641
8149751,-4.0,0.009027693420648575
8153023,-1.0,0.01072852686047554
8155957,-1.0,0.059384383261203766
8158851,-1.0,0.010246176272630692
8161280,-5.0,0.03907135874032974
8162858,-17.0,0.015864405781030655
8165477,-1.0,0.05054036155343056
8168131,-1.0,0.0242752768099308
8171202,-2.0,0.09808961302042007
8173831,-4.0,0.0055474271066486835
8176762,3.0,0.03138820081949234
8178637,-13.0,0.012579131871461868
8181693,-3.0,0.0027817152440547943
8184623,-1.0,0.005375325679779053
8186900,-8.0,0.02422497048974037
8188859,-15.0,0.15937675535678864
8191091,-10.0,0.04519657418131828
8193879,-1.0,0.005191005766391754
8195944,-11.0,0.0171553585678339
8198623,2.0,0.01968909613788128
8201001,9.0,0.010500425472855568
8203597,-3.0,0.011116808280348778
8206666,-1.0,0.041783906519412994
8210102,-1.0,0.1534191071987152
8213154,-1.0,0.00498610083013773
8216183,-1.0,0.011350058019161224
8219040,-1.0,0.006442752666771412
8221205,-7.0,0.0021100370213389397
8224336,-1.0,0.008482380770146847
8227063,-1.0,0.028530821204185486
8229723,5.0,0.008378289639949799
8233023,-2.0,0.004565050359815359
8235696,-1.0,0.02066616714000702
8238815,-4.0,0.0027769869193434715
8241273,-5.0,0.05160164088010788
8243468,-14.0,0.020876914262771606
8246263,-1.0,0.010728703811764717
8249180,-1.0,0.008758154697716236
8251617,-6.0,0.006020704284310341
8254419,-3.0,0.0036233263090252876
8256615,-8.0,0.01123781781643629
8259289,-1.0,0.011689368635416031
8262596,-1.0,0.019776301458477974
8265370,-1.0,0.009018114767968655
8267528,-8.0,0.0063186767511069775
8270366,-1.0,0.005283646751195192
8273245,-1.0,0.007822258397936821
8275959,-1.0,0.012198102660477161
8278872,-1.0,0.02359849214553833
8281477,-1.0,0.01573963277041912
8283976,-5.0,0.00568979699164629
8286779,-1.0,0.007117780391126871
8289252,-6.0,0.014170326292514801
8292210,-1.0,0.004718066193163395
8294475,8.0,0.010122675448656082
8297212,-3.0,0.008804463781416416
8300164,-1.0,0.012360036373138428
8303249,-1.0,0.11413203179836273
8305865,-1.0,0.006908128969371319
8308665,-3.0,0.022177066653966904
8310963,-8.0,0.01578211411833763
8313717,-1.0,0.03976128622889519
8315759,-10.0,0.044921595603227615
8318522,-1.0,0.012788328342139721
8320786,-8.0,0.010170336812734604
8323592,-1.0,0.011920121498405933
8326448,-1.0,0.02654925361275673
8329282,-1.0,0.0060297646559774876
8332218,-1.0,0.046652358025312424
8335149,-1.0,0.012281115166842937
8338281,-1.0,0.003596216905862093
8340859,5.0,0.020502600818872452
8343531,-5.0,0.017502717673778534
8346656,-1.0,0.004552491940557957
8349324,-6.0,0.005158896557986736
8352146,-1.0,0.006207864265888929
8355007,-1.0,0.0026090883184224367
8357878,-1.0,0.01068039983510971
8360014,-9.0,0.004433809779584408
8362516,-6.0,0.018674679100513458
8365220,2.0,0.00530577264726162
8368156,-2.0,0.007764448411762714
8371004,-1.0,0.007935874164104462
8374049,-1.0,0.005840858444571495
8377100,-1.0,0.03868826851248741
8379701,-1.0,0.002638081321492791
8382838,-1.0,0.010165910236537457
8386091,-1.0,0.007302675861865282
8388200,-15.0,0.013164935633540154
8391109,1.0,0.009729416109621525
8393683,-1.0,0.057764846831560135
8396577,1.0,0.022540658712387085
8399233,-1.0,0.004589524120092392
8402205,-1.0,0.00987331010401249
8404952,-1.0,0.0051123094744980335
8408020,-1.0,0.002919592894613743
8410918,-1.0,0.011331809684634209
8414048,-2.0,0.07931498438119888
8416499,-5.0,0.0035731566604226828
8419335,-1.0,0.009086638689041138
8421900,-1.0,0.013434347696602345
8425011,-1.0,0.0048007117584347725
8427299,-9.0,0.009013719856739044
8430118,-1.0,0.018571145832538605
8432765,-1.0,0.003066485282033682
8435550,-1.0,0.003772817086428404
8438571,-1.0,0.025422966107726097
8441162,-1.0,0.023234380409121513
8443914,-1.0,0.007121713366359472
8447225,1.0,0.005697810091078281
8450012,-2.0,0.016943348571658134
8452689,-1.0,0.006960377562791109
8455483,-1.0,0.008326991461217403
8457850,12.0,0.011816812679171562
8460594,-1.0,0.009336372837424278
8463618,-2.0,0.016914427280426025
8466232,-1.0,0.011038013733923435
8469111,-1.0,0.004659873433411121
8471959,-1.0,0.0031352094374597073
8474763,2.0,0.009177181869745255
8477928,-1.0,0.04346736893057823
8480108,13.0,0.010066375136375427
8483040,-2.0,0.017848804593086243
8486366,-1.0,0.016852835193276405
8488989,-1.0,0.010281111113727093
8491897,-1.0,0.013055579736828804
8494719,-3.0,0.0058340271934866905
8497526,-1.0,0.011526044458150864
8500268,-5.0,0.0028759785927832127
8503161,-2.0,0.006110444664955139
8506316,-3.0,0.03609639033675194
8508573,-10.0,0.008392578922212124
8510865,11.0,0.007197256200015545
8513988,-1.0,0.0031866561621427536
8516739,-5.0,0.008201594464480877
8519362,-1.0,0.007541847415268421
8522082,-1.0,0.018346082419157028
8525207,-1.0,0.018731530755758286
8528108,-1.0,0.012388776987791061
8531036,-3.0,0.012022475712001324
8533870,3.0,0.028522208333015442
8535739,-11.0,0.021801065653562546
8538462,-1.0,0.009089385159313679
8541302,-6.0,0.015108922496438026
8544220,-2.0,0.028251253068447113
8546862,-1.0,0.008134954608976841
8549713,1.0,0.00851488672196865
8552795,-1.0,0.0034849238581955433
8555637,-1.0,0.004805496893823147
8558397,-4.0,0.006031022872775793
8560286,17.0,0.011577719822525978
8563136,-1.0,0.0059037054888904095
8565240,-12.0,0.01913505233824253
8566956,-12.0,0.038800422102212906
8570084,-3.0,0.011011460795998573
8572562,-1.0,0.0054716551676392555
8574460,-12.0,0.004906738642603159
8577240,-1.0,0.012687334790825844
8579859,-1.0,0.008842931129038334
8582593,-1.0,0.039335884153842926
8585351,-1.0,0.016188429668545723
8588184,-2.0,0.006589822471141815
8590993,-3.0,0.008218815550208092
8592960,-11.0,0.007221229374408722
8595677,-4.0,0.0030380571261048317
8598452,3.0,0.01659933105111122
8600841,-10.0,0.005130494479089975
8602313,-15.0,0.012635338120162487
8604751,9.0,0.00820041261613369
8607587,1.0,0.03320253640413284
8609568,-13.0,0.03563679754734039
8611879,7.0,0.0026870917063206434
8614471,-1.0,0.005931464023888111
8617254,-2.0,0.06349432468414307
8619623,-7.0,0.007183528505265713
8622290,-4.0,0.019583117216825485
8625016,1.0,0.02443656697869301
8627728,-1.0,0.010558861307799816
8630382,4.0,0.0454992838203907
8632665,-10.0,0.01060059666633606
8635221,-5.0,0.010247034020721912
8637625,-7.0,0.0258503220975399
8640291,3.0,0.015000453218817711
8642029,-13.0,0.010739034041762352
8642967,-20.0,0.11048963665962219
8645745,-1.0,0.052292704582214355
8648422,-3.0,0.03606468066573143
8651268,-1.0,0.004360525868833065
8653315,-10.0,0.0050549753941595554
8655863,6.0,0.06304559111595154
8658672,-1.0,0.014419340528547764
8661730,-1.0,0.01683798059821129
8663804,13.0,0.011748877353966236
8666597,-1.0,0.010938003659248352
8668799,-9.0,0.004631475545465946
8671354,5.0,0.012480259872972965
8674022,-1.0,0.008034038357436657
8676709,-4.0,0.025765113532543182
8679758,3.0,0.0036307349801063538
8682488,-5.0,0.09518463909626007
8685221,-1.0,0.028166238218545914
8688010,-2.0,0.004210262559354305
8690626,-1.0,0.017965735867619514
8693518,-4.0,0.00646076537668705
8696299,-1.0,0.04986398667097092
8699102,-1.0,0.004839670844376087
8702063,-1.0,0.02779265120625496
8704404,-10.0,0.005933878943324089
8706628,-6.0,0.07040278613567352
8709784,-1.0,0.01297658123075962
8712327,-1.0,0.011497458443045616
8715321,3.0,0.007775787264108658
8717688,8.0,0.005040482617914677
8720473,1.0,0.004696186166256666
8722584,-9.0,0.04769853129982948
8725180,-1.0,0.01550299022346735
8727883,-1.0,0.006351453252136707
8730596,6.0,0.01253468543291092
8733455,-1.0,0.029304735362529755
8736937,-1.0,0.02531176619231701
8739305,10.0,0.011634329333901405
8742337,-1.0,0.019803818315267563
8745213,-2.0,0.005654556676745415
8748037,-4.0,0.038305241614580154
8751007,-1.0,0.013676859438419342
8753728,-1.0,0.020303349941968918
8756471,-1.0,0.022518355399370193
8759320,-1.0,0.01425187662243843
8761480,-9.0,0.09493296593427658
8764461,-1.0,0.018087487667798996
8767324,-6.0,0.009357472881674767
8770177,-1.0,0.01449681632220745
8772032,-12.0,0.004239847883582115
8774970,-1.0,0.0026403823867440224
8777696,-1.0,0.00761614553630352
8780486,-1.0,0.01071905717253685
8782910,-7.0,0.0048220837488770485
8785381,-7.0,0.01138082891702652
8788560,-1.0,0.01178407110273838
8791968,-1.0,0.0919903814792633
8794234,-8.0,0.004416730720549822
8795311,-20.0,0.010805545374751091
8797851,-1.0,0.013651074841618538
8799792,15.0,0.019724348559975624
8801931,-11.0,0.010471334680914879
8803852,-10.0,0.015661679208278656
8806361,-7.0,0.03232581168413162
8808761,-7.0,0.039478521794080734
8811654,-1.0,0.01684083789587021
8814457,-1.0,0.0029793931171298027
8816886,6.0,0.008061423897743225
8819923,-1.0,0.023576349020004272
8822735,-1.0,0.016166308894753456
8825773,-1.0,0.015125635080039501
8828389,-1.0,0.025884993374347687
8831231,-1.0,0.015510757453739643
8833907,-1.0,0.005839308258146048
8837002,-1.0,0.009245568886399269
8839758,-1.0,0.009597672149538994
8842750,-1.0,0.02930188551545143
8845516,-1.0,0.011505922302603722
8847875,-1.0,0.022321589291095734
8850542,-1.0,0.012125395238399506
8853098,-4.0,0.07151788473129272
8856028,-1.0,0.018639951944351196
8858704,-1.0,0.01706092432141304
8860805,14.0,0.015240415930747986
8863957,-1.0,0.014171086251735687
8866391,11.0,0.004525624215602875
8869157,1.0,0.017720891162753105
8871357,13.0,0.006051249336451292
8874328,2.0,0.008287331089377403
8876891,-1.0,0.007810382172465324
8879946,-2.0,0.02055804431438446
8882415,-6.0,0.028192365542054176
8884582,-11.0,0.03019915707409382
8887219,-6.0,0.014017649926245213
8890325,-1.0,0.009274839423596859
8893068,-1.0,0.00942089781165123
8895622,-1.0,0.014887331984937191
8897990,7.0,0.04104861617088318
8901033,-1.0,0.006456862203776836
8903932,-4.0,0.014456063508987427
8906695,-1.0,0.036037132143974304
8909446,4.0,0.019611693918704987
8912153,-5.0,0.006867224350571632
8914869,-1.0,0.023660924285650253
8917170,-7.0,0.004875546786934137
8920084,-1.0,0.009282184764742851
8923072,-1.0,0.008759940043091774
8925482,-7.0,0.01928112842142582
8928385,-1.0,0.011430026032030582
8931307,-1.0,0.009550989605486393
8934135,-1.0,0.016138900071382523
8936955,1.0,0.005327359773218632
8939777,-1.0,0.006918575614690781
8942613,-1.0,0.00939095113426447
8945269,-5.0,0.019108539447188377
8948343,-5.0,0.0074029057286679745
8951423,-1.0,0.0036658444441854954
8954253,1.0,0.006901293061673641
8957287,-2.0,0.007141785696148872
8960064,2.0,0.006689485162496567
8962420,10.0,0.014308973215520382
8965370,-1.0,0.01136927679181099
8967847,-4.0,0.018964644521474838
8969943,-11.0,0.005941807292401791
8972625,-4.0,0.006398800760507584
8975474,-1.0,0.007774461060762405
8977765,-7.0,0.08160645514726639
8980489,-1.0,0.0669013187289238
8983181,5.0,0.005312989465892315
8985851,5.0,0.00938633643090725
8988408,3.0,0.06471562385559082
8990319,-12.0,0.04993944242596626
8993044,-1.0,0.003731259610503912
8995405,-6.0,0.005643958225846291
8998574,-1.0,0.018079420551657677
9000496,-10.0,0.010284749791026115
9003157,-1.0,0.039219118654727936
9006503,-1.0,0.019888687878847122
9009016,-1.0,0.025128915905952454
9011751,-1.0,0.06897572427988052
9014650,1.0,0.012553103268146515
9017224,5.0,0.0022695257794111967
9020017,-1.0,0.0036024225410073996
9022749,-1.0,0.012859082780778408
9024994,-8.0,0.00589833315461874
9027639,-1.0,0.01082412526011467
9030551,-1.0,0.00401686504483223
9033259,3.0,0.03832442685961723
9035670,-7.0,0.05035719648003578
9038417,-6.0,0.012274814769625664
9041191,1.0,0.027411332353949547
9044093,-1.0,0.005097199697047472
9047283,-1.0,0.019288811832666397
9049894,-4.0,0.030195530503988266
9052792,-1.0,0.03324885666370392
9055665,-1.0,0.013378708623349667
9058465,-2.0,0.01036818977445364
9061305,-1.0,0.02316450886428356
9064040,1.0,0.027674157172441483
9066977,-1.0,0.0056972564198076725
9069236,-7.0,0.01100527960807085
9072072,-1.0,0.02534393221139908
9074956,-1.0,0.025475863367319107
9077773,-1.0,0.02062392793595791
9080485,-1.0,0.04428565502166748
9083689,-1.0,0.007252626586705446
9085963,-10.0,0.005395124200731516
9088859,-1.0,0.003789182985201478
9091588,-1.0,0.015159585513174534
9093938,-11.0,0.017684901133179665
9096962,1.0,0.019918475300073624
9099615,-7.0,0.013666890561580658
9102306,-3.0,0.029416602104902267
9104552,9.0,0.011739945039153099
9107352,1.0,0.018001528456807137
9110020,-1.0,0.0038675363175570965
9112964,-1.0,0.007364150136709213
9115694,-1.0,0.004600945394486189
9118501,-1.0,0.017123999074101448
9121250,-1.0,0.02343713492155075
9122558,-17.0,0.007983649149537086
9125054,-6.0,0.012694250792264938
9127691,-1.0,0.00642491364851594
9130415,1.0,0.010924393311142921
9132956,-4.0,0.014932379126548767
9135655,-1.0,0.004774731583893299
9138653,-5.0,0.014692178927361965
9141124,-6.0,0.029868129640817642
9143750,-1.0,0.005913211032748222
9146481,-1.0,0.004858236759901047
9149305,-1.0,0.014835069887340069
9151986,-5.0,0.009823029860854149
9154788,-2.0,0.011685200035572052
9157656,-1.0,0.061378948390483856
9160409,-1.0,0.0023540726397186518
9163107,-1.0,0.12253564596176147
9165637,-1.0,0.03882922604680061
9168437,-4.0,0.01203209813684225
9171130,-1.0,0.010046765208244324
9173812,-1.0,0.01029085461050272
9176455,-1.0,0.006589996628463268
9178746,-6.0,0.010136831551790237
9181480,-1.0,0.01896357536315918
9183911,-6.0,0.009032881818711758
9186381,4.0,0.007979203015565872
9189095,-3.0,0.028719747439026833
9191815,-1.0,0.02427545376121998
9194627,-1.0,0.020306091755628586
9197155,1.0,0.007549010217189789
9200077,-1.0,0.014734767377376556
9202557,-1.0,0.020717304199934006
9205195,-1.0,0.01473681814968586
9207759,-1.0,0.0046497224830091
9210357,-4.0,0.012131939642131329
9213170,-1.0,0.00837695598602295
9215495,-8.0,0.004318470600992441
9218106,-7.0,0.01714891567826271
9220808,1.0,0.0037878374569118023
9223536,-1.0,0.03752870857715607
9226305,-1.0,0.0033167165238410234
9229155,-1.0,0.008460638113319874
9232004,-1.0,0.024493612349033356
9234802,-2.0,0.005495352204889059
9237456,-1.0,0.019757922738790512
9239693,-10.0,0.004153397865593433
9242789,1.0,0.022128809243440628
9245432,-1.0,0.014280209317803383
9247330,-12.0,0.006625475361943245
9250054,-1.0,0.03670299053192139
9252547,-1.0,0.00571467075496912
9254484,-13.0,0.01582615077495575
9257195,-3.0,0.007236083038151264
9259905,-1.0,0.00636223703622818
9262667,-1.0,0.01561039313673973
9265306,-5.0,0.007297418545931578
9267877,-1.0,0.0020696730352938175
9270549,-1.0,0.0368814542889595
9273383,-1.0,0.011419855989515781
9276442,-1.0,0.020286941900849342
9279053,-1.0,0.013632497750222683
9281730,-1.0,0.03033447265625
9284151,-6.0,0.014227855019271374
9286960,-5.0,0.052473507821559906
9289508,-3.0,0.028974220156669617
9292268,-4.0,0.07277865707874298
9295143,-1.0,0.010817636735737324
9297205,-10.0,0.02289174683392048
9299868,-1.0,0.004643071908503771
9301848,-11.0,0.05110841244459152
9304626,-5.0,0.0032344625797122717
9306938,-7.0,0.016692044213414192
9309026,-13.0,0.007921656593680382
9312023,-2.0,0.026178551837801933
9314447,-6.0,0.007445144467055798
9316270,-9.0,0.04652707651257515
9318930,-1.0,0.007459856569766998
9321634,-1.0,0.03748312592506409
9324294,-2.0,0.018996186554431915
9326393,-9.0,0.012960666790604591
9329114,-4.0,0.00843257550150156
9331647,-7.0,0.01827792450785637
9334480,-1.0,0.010805824771523476
9337180,-5.0,0.0057268161326646805
9339785,7.0,0.010727137327194214
9342235,8.0,0.008182224817574024
9345207,2.0,0.013123439624905586
9348178,1.0,0.004017915576696396
9350654,-1.0,0.003470560535788536
9353744,-1.0,0.005555063486099243
9356666,-1.0,0.024225976318120956
9359232,-5.0,0.00912823248654604
9361532,-7.0,0.03404722362756729
9363420,-13.0,0.032579779624938965
9365630,-10.0,0.007929421961307526
9368432,-1.0,0.011521481908857822
9370936,-1.0,0.013070005923509598
9373747,1.0,0.03696741536259651
9376705,-1.0,0.007518419995903969
9378634,-11.0,0.016669664531946182
9381587,-1.0,0.029535595327615738
9384397,1.0,0.010293914005160332
9387144,-1.0,0.005063501186668873
9389733,1.0,0.00673115998506546
9391884,-8.0,0.00619549211114645
9394430,2.0,0.004601202439516783
9397122,1.0,0.01237744465470314
9400076,-1.0,0.037829477339982986
9402665,-7.0,0.03095649555325508
9405660,-4.0,0.024083806201815605
9408927,-1.0,0.014299683272838593
9411776,-1.0,0.030781671404838562
9414255,-1.0,0.022498182952404022
9416790,-7.0,0.006941956467926502
9419512,-1.0,0.015600764192640781
9421682,-5.0,0.007624901831150055
9424112,-5.0,0.0025280825793743134
9426724,-4.0,0.0037511177361011505
9429613,-1.0,0.006958713289350271
9432511,-1.0,0.0032352865673601627
9434903,7.0,0.013017994351685047
9437642,-4.0,0.010873769409954548
9440069,7.0,0.007660140283405781
9442951,-5.0,0.025867847725749016
9445609,-4.0,0.027201524004340172
9448135,-1.0,0.01102447509765625
9450741,1.0,0.04253575578331947
9453698,-1.0,0.004011374432593584
9456976,-1.0,0.020691582933068275
9460004,-2.0,0.003399779787287116
9462657,-1.0,0.018894942477345467
9465410,-1.0,0.039662037044763565
9468218,-1.0,0.018846578896045685
9470891,3.0,0.006190480664372444
9473851,-1.0,0.009161783382296562
9477016,-1.0,0.009071649983525276
9479685,-4.0,0.0029770589899271727
9482116,-1.0,0.007157021202147007
9485245,-1.0,0.012080615386366844
9488039,-1.0,0.006578653585165739
9491066,-1.0,0.005223222076892853
9493410,-10.0,0.008892231620848179
9496291,-1.0,0.009046799503266811
9499156,-1.0,0.015662463381886482
9501870,-1.0,0.011879724450409412
