frame,score,loss
762,-21.0,0
1580,-21.0,2.6643218994140625
2359,-21.0,2.682098150253296
3275,-20.0,2.677774429321289
4039,-21.0,2.6680569648742676
4884,-21.0,2.6239471435546875
5768,-21.0,2.624208688735962
6614,-21.0,2.6158900260925293
7612,-19.0,2.6223649978637695
8576,-19.0,2.624941110610962
9454,-21.0,2.617044448852539
10275,-21.0,2.6260290145874023
11097,-21.0,2.7013983726501465
11859,-21.0,2.614920139312744
12877,-20.0,2.630650281906128
13809,-19.0,2.619396686553955
14679,-20.0,2.6344852447509766
15517,-20.0,2.6309938430786133
16341,-21.0,2.6232333183288574
17130,-21.0,2.66025710105896
17919,-21.0,2.6969120502471924
18724,-21.0,2.6258065700531006
19639,-20.0,2.6164138317108154
20426,-21.0,2.629906177520752
21264,-20.0,2.623412609100342
22193,-21.0,2.6248281002044678
22956,-21.0,2.622950553894043
23860,-20.0,2.673426628112793
24800,-20.0,2.616795539855957
25608,-21.0,2.6232099533081055
26612,-20.0,2.6370177268981934
27448,-20.0,2.6254866123199463
28456,-19.0,2.639772415161133
29440,-20.0,2.6230220794677734
30335,-20.0,2.629573106765747
31192,-20.0,2.6296753883361816
32075,-21.0,2.6200480461120605
33035,-21.0,2.6222167015075684
33978,-21.0,2.6132214069366455
34813,-20.0,2.6263442039489746
35594,-21.0,2.6249876022338867
36703,-20.0,2.6261980533599854
37571,-20.0,2.612879753112793
38452,-20.0,2.6138014793395996
39446,-19.0,2.6114630699157715
40266,-21.0,2.6135222911834717
41127,-20.0,2.845787525177002
42149,-20.0,2.7882323265075684
42939,-21.0,2.781907796859741
43763,-21.0,2.8097851276397705
44730,-19.0,2.781578540802002
45565,-20.0,2.789687156677246
46372,-21.0,2.7914016246795654
47352,-19.0,2.7878663539886475
48171,-21.0,2.7832982540130615
49082,-21.0,2.768828868865967
49903,-21.0,2.7830958366394043
50859,-20.0,2.7917613983154297
51834,-20.0,2.7857604026794434
52638,-21.0,2.8026461601257324
53398,-21.0,2.7758545875549316
54272,-20.0,2.7874817848205566
55128,-20.0,2.7863450050354004
55992,-20.0,2.787095069885254
56948,-19.0,2.8013992309570312
57706,-21.0,2.794813871383667
58528,-21.0,2.7787106037139893
59342,-21.0,2.790679931640625
60189,-21.0,2.788377285003662
60969,-21.0,2.7915501594543457
61755,-21.0,2.7855801582336426
62572,-21.0,2.78767728805542
63466,-20.0,2.780750274658203
64345,-21.0,2.772477626800537
65131,-21.0,2.7887091636657715
65956,-21.0,2.7943153381347656
66774,-21.0,2.8035597801208496
67552,-21.0,2.7888612747192383
68342,-21.0,2.7911911010742188
69342,-19.0,2.7847137451171875
70239,-20.0,2.7868547439575195
71015,-21.0,2.780463218688965
71835,-21.0,2.778453826904297
72596,-21.0,2.783958673477173
73521,-20.0,2.772681713104248
74510,-20.0,2.7897989749908447
75377,-20.0,2.7890491485595703
76155,-21.0,2.7883758544921875
76946,-21.0,2.7403969764709473
78096,-18.0,2.7823891639709473
78917,-21.0,2.7932989597320557
79753,-20.0,2.791576862335205
80570,-21.0,2.7878572940826416
81331,-21.0,2.876751184463501
82153,-21.0,2.8295106887817383
83003,-21.0,2.8241238594055176
83792,-21.0,2.8353912830352783
84613,-21.0,2.8316283226013184
85510,-20.0,2.833028793334961
86327,-21.0,2.8201680183410645
87086,-21.0,2.831738233566284
87900,-21.0,2.8428525924682617
88972,-19.0,2.8836097717285156
89931,-20.0,2.835587501525879
90787,-21.0,2.8261518478393555
91669,-21.0,2.8295207023620605
92628,-20.0,2.8329968452453613
93448,-21.0,2.8914449214935303
94268,-21.0,2.8291666507720947
95029,-21.0,2.828603506088257
95792,-21.0,2.815814971923828
96715,-20.0,2.829634428024292
97655,-19.0,2.824512243270874
98463,-21.0,2.8322696685791016
99428,-21.0,2.8320934772491455
100359,-20.0,2.809816837310791
101218,-20.0,2.7797422409057617
101980,-21.0,2.826934576034546
102762,-21.0,2.83349347114563
103521,-21.0,2.8428354263305664
104551,-20.0,2.8215413093566895
105313,-21.0,2.8338558673858643
106173,-21.0,2.831468105316162
106930,-21.0,2.814664840698242
107720,-21.0,2.8289616107940674
108482,-21.0,2.8242342472076416
109358,-20.0,2.8001561164855957
110208,-21.0,2.852738857269287
111028,-21.0,2.8275766372680664
111820,-21.0,2.8297197818756104
112600,-21.0,2.8931612968444824
113617,-20.0,2.8298821449279785
114593,-19.0,2.807640552520752
115388,-21.0,2.83048677444458
116178,-21.0,2.8321661949157715
116967,-21.0,2.8316779136657715
117755,-21.0,2.8285136222839355
118625,-21.0,2.833099365234375
119445,-21.0,2.823540210723877
120268,-21.0,2.8359217643737793
121027,-21.0,2.870683431625366
121785,-21.0,2.8621482849121094
122590,-21.0,2.812012195587158
123388,-21.0,2.874305486679077
124330,-21.0,2.864833116531372
125092,-21.0,2.860016345977783
126008,-20.0,2.8669676780700684
126827,-21.0,2.8932418823242188
127619,-21.0,2.8621129989624023
128592,-20.0,2.864696979522705
129484,-20.0,2.8580734729766846
130243,-21.0,2.866421699523926
131004,-21.0,2.894024610519409
131973,-20.0,2.866436004638672
132782,-21.0,2.8710875511169434
133602,-21.0,2.882658004760742
134438,-20.0,2.8647327423095703
135275,-20.0,2.865865707397461
136057,-21.0,2.858269214630127
137034,-20.0,2.884138584136963
137794,-21.0,2.862104654312134
138674,-21.0,2.8592448234558105
139457,-21.0,2.865906238555908
140296,-20.0,2.8746938705444336
141055,-21.0,2.867750644683838
141816,-21.0,2.862572193145752
142653,-21.0,2.8800156116485596
143504,-21.0,2.8819966316223145
144342,-20.0,2.8709092140197754
145303,-19.0,2.8723607063293457
146061,-21.0,2.869929790496826
147087,-19.0,2.8654887676239014
147873,-21.0,2.8584399223327637
148997,-20.0,2.8600914478302
149849,-21.0,2.8681883811950684
150629,-21.0,2.8611085414886475
151470,-20.0,2.8556580543518066
152293,-21.0,2.862527847290039
153056,-21.0,2.8636322021484375
153817,-21.0,2.869436264038086
154660,-21.0,2.8704309463500977
155458,-21.0,2.860780954360962
156483,-18.0,2.861257553100586
157300,-21.0,2.8675999641418457
158107,-21.0,2.889039993286133
159117,-19.0,2.86456298828125
159876,-21.0,2.8698933124542236
160789,-21.0,2.7976009845733643
161580,-21.0,2.906238555908203
162536,-20.0,2.9027767181396484
163316,-21.0,2.9102888107299805
164213,-20.0,2.9107179641723633
165001,-21.0,2.8459644317626953
165926,-20.0,2.893284320831299
166765,-20.0,2.9148359298706055
167553,-21.0,2.9096903800964355
168371,-21.0,2.918095588684082
169208,-20.0,2.8999600410461426
170181,-19.0,2.927276611328125
171024,-20.0,2.8381717205047607
171844,-21.0,2.9089298248291016
172606,-21.0,2.906904697418213
173440,-21.0,2.903294086456299
174305,-21.0,2.900928258895874
175062,-21.0,2.9070162773132324
175927,-21.0,2.9326958656311035
176712,-21.0,2.910024404525757
177656,-19.0,2.8653202056884766
178520,-20.0,2.896655559539795
179311,-21.0,2.909895181655884
180096,-21.0,2.9199984073638916
180936,-20.0,2.905163288116455
181760,-21.0,2.905395746231079
182583,-21.0,2.8944830894470215
183416,-20.0,2.9075188636779785
184226,-21.0,2.85115647315979
185231,-20.0,2.9046788215637207
186223,-21.0,2.9630637168884277
187108,-21.0,2.872807025909424
187929,-21.0,2.902414321899414
188766,-21.0,2.921144962310791
189637,-20.0,2.969444751739502
190507,-20.0,2.9089322090148926
191303,-21.0,2.8448538780212402
192154,-21.0,2.8992207050323486
192912,-21.0,2.847517490386963
193673,-21.0,2.846057415008545
194629,-20.0,2.848118543624878
195541,-20.0,2.899653434753418
196408,-21.0,2.8925399780273438
197166,-21.0,2.9064903259277344
197944,-21.0,2.844031810760498
198776,-20.0,2.920011043548584
199534,-21.0,2.910745620727539
200384,-20.0,2.9061412811279297
201192,-21.0,2.9532339572906494
202107,-20.0,2.9154443740844727
202940,-20.0,2.927826404571533
203829,-20.0,2.9095704555511475
204665,-20.0,2.9150450229644775
205517,-21.0,2.94438099861145
206381,-20.0,2.91806960105896
207295,-20.0,2.909916400909424
208146,-21.0,2.918452739715576
209069,-20.0,2.9105167388916016
209964,-20.0,2.921597480773926
210788,-21.0,2.922414541244507
211633,-21.0,2.9125146865844727
212528,-20.0,2.936599016189575
213394,-20.0,2.9138824939727783
214297,-20.0,2.9127960205078125
215079,-21.0,2.918489933013916
215920,-21.0,2.9191641807556152
216853,-19.0,2.9586260318756104
217657,-21.0,2.941925048828125
218539,-21.0,2.9131810665130615
219497,-20.0,2.906198024749756
220284,-21.0,2.9222233295440674
221160,-21.0,2.918771266937256
221978,-21.0,2.9323577880859375
223119,-18.0,2.938275098800659
223961,-20.0,2.9109575748443604
224903,-21.0,2.909048080444336
225660,-21.0,2.908182144165039
226535,-20.0,2.928910732269287
227310,-21.0,2.955535650253296
228269,-20.0,2.916135311126709
229203,-21.0,2.9002904891967773
230087,-21.0,2.9187428951263428
230967,-21.0,2.936699390411377
231866,-20.0,2.866314172744751
232705,-20.0,2.908212661743164
233578,-21.0,2.9159746170043945
234368,-21.0,2.90695858001709
235224,-20.0,2.915205478668213
236184,-20.0,2.917285919189453
237285,-18.0,2.9200758934020996
238109,-21.0,2.9214935302734375
238989,-21.0,2.9190292358398438
239822,-21.0,2.9240059852600098
240581,-21.0,2.931506633758545
241455,-21.0,2.9959716796875
242530,-19.0,2.9766530990600586
243459,-21.0,2.983588218688965
244293,-20.0,2.888535499572754
245226,-20.0,2.959763526916504
245983,-21.0,2.9593963623046875
246881,-20.0,2.9506442546844482
247760,-21.0,2.9658608436584473
249105,-17.0,2.9602060317993164
250061,-20.0,2.974184274673462
250853,-21.0,2.895017147064209
251825,-19.0,2.9162750244140625
252750,-20.0,2.9821324348449707
253645,-20.0,2.9486217498779297
254509,-21.0,2.8836867809295654
255471,-20.0,2.963855504989624
256251,-21.0,2.979429244995117
257216,-20.0,2.9828619956970215
258151,-19.0,2.9837589263916016
259255,-18.0,2.9561448097229004
260217,-20.0,2.8887078762054443
261007,-21.0,2.9610848426818848
261845,-20.0,2.9484314918518066
262944,-19.0,2.940349578857422
263981,-20.0,2.9571304321289062
264875,-21.0,2.9693143367767334
265930,-18.0,2.917529582977295
267048,-20.0,2.962428569793701
267968,-20.0,2.952538251876831
268859,-21.0,2.9769270420074463
269911,-19.0,2.955504894256592
270733,-21.0,2.945791244506836
271647,-21.0,2.9495956897735596
272587,-20.0,2.9500346183776855
273548,-19.0,2.9510233402252197
274379,-20.0,2.949699878692627
275453,-19.0,2.970125675201416
276314,-20.0,2.973787784576416
277363,-20.0,2.971999406814575
278481,-20.0,2.967216730117798
279316,-21.0,2.8828532695770264
280216,-21.0,2.753232002258301
281215,-21.0,3.014812469482422
282305,-19.0,2.9530930519104004
283176,-21.0,2.9344418048858643
284219,-19.0,2.9860453605651855
285206,-19.0,2.9787538051605225
286217,-20.0,2.9107022285461426
287129,-20.0,2.9906601905822754
287993,-20.0,3.002166509628296
289128,-17.0,2.990769624710083
290068,-21.0,2.9824905395507812
291209,-19.0,2.9656753540039062
292047,-21.0,2.9907987117767334
292871,-21.0,2.863429546356201
293985,-19.0,2.9587228298187256
294891,-20.0,2.982449531555176
295824,-19.0,2.9757766723632812
296786,-20.0,2.988795757293701
297758,-20.0,2.9394664764404297
298654,-20.0,2.9892892837524414
299490,-20.0,2.996652126312256
300611,-19.0,2.982821464538574
301479,-20.0,2.929874897003174
302269,-21.0,2.947349786758423
303227,-20.0,2.9991564750671387
304108,-20.0,3.004930257797241
304978,-20.0,2.979109048843384
305803,-21.0,3.0027599334716797
306593,-21.0,2.9872913360595703
307463,-20.0,3.000145435333252
308302,-21.0,2.9406704902648926
309232,-20.0,2.9863548278808594
310260,-18.0,2.948380708694458
311193,-21.0,2.9051713943481445
312114,-20.0,2.978037118911743
313040,-21.0,2.983536958694458
314009,-21.0,2.982734441757202
315108,-19.0,2.9838738441467285
315958,-21.0,2.9756078720092773
316827,-21.0,2.910454750061035
317589,-21.0,2.9390006065368652
318429,-20.0,2.9817609786987305
319467,-20.0,2.99735164642334
320318,-21.0,2.9921512603759766
321329,-19.0,2.9607417583465576
322107,-21.0,2.9759621620178223
323018,-21.0,2.9093260765075684
323835,-21.0,2.966677188873291
324599,-21.0,2.9753284454345703
325385,-21.0,2.976222276687622
326145,-21.0,2.9746875762939453
326935,-21.0,2.893707752227783
327724,-21.0,2.9861514568328857
328602,-21.0,2.9709315299987793
329359,-21.0,2.8870716094970703
330183,-21.0,2.97322940826416
331005,-21.0,2.983602285385132
331762,-21.0,2.9787895679473877
332525,-21.0,2.970797061920166
333453,-20.0,2.9920482635498047
334353,-20.0,2.9276561737060547
335191,-20.0,2.9596762657165527
335952,-21.0,2.918887138366699
337026,-19.0,2.9723925590515137
338092,-21.0,2.97550106048584
338932,-20.0,2.990793228149414
339814,-21.0,2.9058094024658203
340775,-20.0,2.982541084289551
341593,-21.0,2.9424242973327637
342354,-21.0,2.955920457839966
343114,-21.0,2.9713962078094482
343874,-21.0,2.9083008766174316
344652,-21.0,2.9334194660186768
345415,-21.0,2.900157928466797
346449,-20.0,2.913247585296631
347270,-21.0,2.9638314247131348
348119,-21.0,2.96016788482666
349142,-21.0,2.9700164794921875
349961,-21.0,2.945011615753174
350792,-20.0,2.9627842903137207
351735,-21.0,2.9831318855285645
352748,-19.0,2.9996957778930664
353536,-21.0,2.9754347801208496
354385,-21.0,2.9695448875427246
355234,-21.0,2.9842801094055176
356071,-20.0,2.983346462249756
356891,-21.0,2.9612205028533936
357917,-19.0,2.967794895172119
358867,-20.0,2.9910638332366943
359627,-21.0,2.969369411468506
360498,-21.0,2.9832723140716553
361417,-20.0,2.9954497814178467
362298,-21.0,2.887331247329712
363198,-20.0,2.9387989044189453
364206,-21.0,3.002305507659912
365084,-21.0,2.9948530197143555
365983,-21.0,2.9775657653808594
366823,-21.0,2.998014450073242
367703,-21.0,3.010124683380127
368553,-21.0,2.9373199939727783
369450,-21.0,3.0141940116882324
370727,-19.0,3.001483917236328
371555,-21.0,3.0023202896118164
372536,-20.0,2.958062171936035
373821,-19.0,3.0070433616638184
374861,-20.0,3.0144619941711426
375716,-21.0,2.9887430667877197
376676,-20.0,3.003253221511841
377716,-20.0,2.9357991218566895
378639,-20.0,3.021909713745117
379463,-21.0,3.012906074523926
380454,-20.0,2.9411659240722656
381370,-20.0,2.964207172393799
382330,-20.0,3.0126099586486816
383214,-21.0,3.0226941108703613
384199,-21.0,2.9957661628723145
385099,-21.0,3.01804256439209
386166,-19.0,3.0119948387145996
387286,-19.0,3.0188193321228027
388174,-21.0,3.0195822715759277
389021,-21.0,3.0164904594421387
390105,-20.0,2.962944984436035
391046,-21.0,3.0091609954833984
392077,-21.0,2.995253562927246
392856,-21.0,3.0195937156677246
393814,-20.0,2.9304981231689453
394695,-21.0,3.0308151245117188
395579,-21.0,2.9136242866516113
396558,-20.0,3.0220630168914795
397557,-20.0,3.016819953918457
398405,-21.0,3.0100607872009277
399340,-21.0,3.0093281269073486
400341,-21.0,2.982379913330078
401308,-21.0,2.9945502281188965
402271,-21.0,2.999378204345703
403272,-21.0,2.964961051940918
404399,-21.0,2.9611592292785645
405412,-20.0,2.9905455112457275
406410,-21.0,2.9214439392089844
407449,-20.0,3.0111804008483887
408505,-21.0,2.9819464683532715
409564,-19.0,2.9735167026519775
410552,-21.0,3.0056281089782715
411729,-19.0,2.9829349517822266
412691,-20.0,2.9888014793395996
413755,-19.0,3.000354051589966
414960,-21.0,2.9421191215515137
415858,-21.0,2.9592857360839844
416875,-20.0,2.972397804260254
417761,-20.0,2.9437787532806396
418843,-19.0,2.8969883918762207
419930,-20.0,2.9490549564361572
420808,-21.0,2.9756360054016113
421712,-21.0,2.9765267372131348
422738,-19.0,2.942352533340454
423821,-20.0,2.9712271690368652
424847,-19.0,2.902843713760376
425761,-20.0,2.977006435394287
426702,-21.0,2.9597487449645996
427704,-21.0,2.8874351978302
429073,-20.0,2.969912528991699
430034,-19.0,2.9924826622009277
430905,-21.0,2.986438035964966
432093,-18.0,2.932988166809082
433167,-20.0,2.951566219329834
434007,-20.0,2.9820027351379395
435041,-21.0,2.9329729080200195
436081,-18.0,2.983457088470459
437222,-20.0,2.940305709838867
438433,-19.0,2.9827351570129395
439378,-21.0,2.978456497192383
440663,-19.0,2.9979162216186523
441565,-20.0,3.0220139026641846
442631,-19.0,2.980461597442627
443638,-21.0,3.015282154083252
445042,-17.0,3.0096354484558105
446354,-20.0,2.9697577953338623
447450,-19.0,2.999821186065674
448743,-18.0,2.9814038276672363
449685,-20.0,3.0141894817352295
450852,-20.0,2.980222702026367
451746,-21.0,3.0002613067626953
452725,-19.0,3.0059306621551514
453941,-20.0,2.9848315715789795
454943,-21.0,2.953620433807373
455849,-21.0,2.99503231048584
456908,-20.0,3.000786781311035
457826,-20.0,2.998884916305542
458768,-21.0,3.0013363361358643
460143,-18.0,2.9979116916656494
461116,-20.0,2.981219530105591
461984,-21.0,2.9250993728637695
463040,-19.0,2.9315099716186523
464018,-20.0,2.9794061183929443
465332,-17.0,2.895707368850708
466259,-20.0,3.005812644958496
467432,-20.0,2.987316131591797
468697,-19.0,2.995849132537842
469688,-21.0,2.9321980476379395
470890,-19.0,2.9803671836853027
472095,-19.0,3.003628730773926
473005,-20.0,2.9695322513580322
474191,-20.0,2.984588146209717
475072,-21.0,3.00164532661438
476057,-21.0,2.930772304534912
477275,-19.0,2.9957451820373535
478217,-20.0,2.992501735687256
479142,-21.0,2.985356092453003
480056,-19.0,2.972407102584839
481036,-19.0,2.97292423248291
482161,-18.0,2.9243626594543457
483316,-21.0,2.98447847366333
484632,-16.0,2.9753429889678955
485817,-21.0,2.9790420532226562
487209,-20.0,2.991180419921875
488726,-19.0,2.975447177886963
489667,-21.0,2.898561477661133
490763,-19.0,2.9773361682891846
491631,-21.0,2.9742231369018555
492581,-20.0,2.8788669109344482
493685,-21.0,2.8962488174438477
494553,-21.0,2.9703497886657715
495591,-19.0,2.945080280303955
496652,-21.0,2.9472403526306152
497670,-20.0,2.9690592288970947
498746,-20.0,2.953484296798706
499912,-20.0,2.9841229915618896
500946,-20.0,2.9552855491638184
502165,-18.0,2.9682445526123047
503691,-20.0,2.981039524078369
504577,-20.0,2.9837427139282227
505473,-21.0,2.8568320274353027
506538,-21.0,2.9870550632476807
507769,-20.0,2.980167865753174
509022,-21.0,2.967301368713379
509967,-21.0,2.9629008769989014
511104,-19.0,2.9758567810058594
512201,-19.0,2.9686765670776367
513255,-19.0,2.9368507862091064
514223,-20.0,2.9603328704833984
515707,-20.0,2.98121976852417
516953,-21.0,2.9648756980895996
517993,-20.0,2.9418463706970215
519048,-19.0,2.977998733520508
520029,-21.0,2.9564332962036133
521273,-20.0,2.907294273376465
522462,-20.0,2.9631032943725586
523422,-20.0,2.986884117126465
524635,-19.0,2.9696149826049805
526031,-19.0,2.8990817070007324
527613,-17.0,2.9536099433898926
528794,-21.0,2.9738972187042236
530324,-18.0,2.890319585800171
531531,-21.0,2.9451723098754883
532929,-18.0,2.9663822650909424
534322,-19.0,2.982264995574951
535524,-20.0,2.971238851547241
536805,-19.0,2.986205577850342
538405,-19.0,2.9233341217041016
539375,-21.0,2.918483018875122
540425,-21.0,2.992262840270996
541638,-21.0,2.9761545658111572
542670,-19.0,2.958261013031006
544179,-18.0,2.9836819171905518
545125,-21.0,2.9463460445404053
546476,-19.0,2.965893030166626
547686,-19.0,2.9802706241607666
549300,-15.0,2.964582681655884
550890,-20.0,2.8991973400115967
552481,-21.0,2.949934720993042
553801,-20.0,2.8504178524017334
555301,-18.0,2.951303005218506
556633,-17.0,2.983318328857422
557975,-17.0,2.981220245361328
559213,-19.0,2.962200164794922
560405,-19.0,2.9698963165283203
561579,-20.0,2.942937135696411
563283,-16.0,2.9716219902038574
564670,-18.0,2.9667105674743652
566170,-19.0,2.9542136192321777
567140,-21.0,2.962559700012207
568932,-14.0,2.957467555999756
570483,-21.0,2.9597039222717285
571676,-18.0,2.8785462379455566
573174,-19.0,2.932831287384033
574512,-18.0,2.9590744972229004
576082,-20.0,2.9589290618896484
576993,-21.0,2.9738993644714355
578634,-18.0,2.949145793914795
579695,-20.0,2.922816753387451
581412,-16.0,2.860048294067383
582777,-19.0,2.9549560546875
584164,-18.0,2.9648971557617188
585420,-21.0,2.972607135772705
586711,-18.0,2.9642837047576904
588223,-19.0,2.9579997062683105
589255,-20.0,2.846376419067383
591032,-19.0,2.9517719745635986
592445,-20.0,2.912482261657715
593990,-17.0,2.957937240600586
595299,-18.0,2.942099094390869
596612,-20.0,2.9507665634155273
597873,-19.0,2.9527268409729004
599116,-19.0,2.945037364959717
600305,-19.0,2.990190267562866
601765,-20.0,2.9479820728302
603020,-18.0,2.9008126258850098
604388,-17.0,2.9617998600006104
605686,-18.0,2.957015037536621
607241,-20.0,2.948403835296631
608767,-17.0,2.9448509216308594
610035,-18.0,2.9105679988861084
611277,-21.0,2.970883369445801
612835,-20.0,2.9485809803009033
614294,-17.0,2.9986677169799805
615919,-15.0,2.9672446250915527
617485,-15.0,2.889200210571289
619358,-15.0,2.948681354522705
621251,-15.0,2.973771095275879
623215,-18.0,2.962022304534912
624871,-17.0,2.8945350646972656
626556,-19.0,2.9147143363952637
628816,-15.0,2.9639556407928467
630367,-20.0,2.9952714443206787
631891,-21.0,2.971320152282715
633458,-20.0,2.9861555099487305
634939,-18.0,2.945925235748291
636430,-19.0,2.979907274246216
638418,-16.0,2.9576282501220703
640351,-14.0,2.9581332206726074
641950,-17.0,2.9755420684814453
643727,-16.0,2.900444507598877
645216,-18.0,2.9539084434509277
646989,-19.0,2.951871395111084
648733,-18.0,2.97701096534729
650847,-15.0,2.9686195850372314
652382,-19.0,2.9643287658691406
654043,-19.0,2.929969549179077
655711,-18.0,2.9609081745147705
657544,-19.0,2.9229190349578857
659715,-18.0,2.9723424911499023
661502,-18.0,2.9097912311553955
663020,-20.0,2.9206936359405518
664709,-19.0,2.955634355545044
666735,-16.0,2.952456474304199
668387,-19.0,2.9655165672302246
670131,-16.0,2.8816022872924805
671552,-19.0,2.9597926139831543
673366,-18.0,2.973659038543701
675095,-20.0,2.96282696723938
676939,-14.0,2.985685348510742
678865,-19.0,2.968169689178467
680806,-18.0,2.9731922149658203
682372,-17.0,2.9588000774383545
683842,-17.0,2.9266719818115234
685452,-19.0,2.926502227783203
686909,-17.0,2.947361469268799
688552,-17.0,2.956954002380371
690346,-15.0,2.924382448196411
692059,-20.0,2.958953380584717
694196,-14.0,2.9001965522766113
696451,-16.0,2.8889195919036865
698320,-13.0,2.954450845718384
700445,-15.0,2.94284725189209
702339,-16.0,2.8731508255004883
704373,-16.0,2.9394261837005615
705977,-19.0,2.8526511192321777
707738,-20.0,2.949683427810669
709944,-11.0,2.914381742477417
711928,-19.0,2.9212656021118164
713707,-15.0,2.938887596130371
715104,-20.0,2.9197909832000732
716958,-14.0,2.9618468284606934
718545,-19.0,2.877169609069824
720393,-14.0,2.8919835090637207
721939,-18.0,2.9360578060150146
723361,-21.0,2.9485437870025635
725127,-17.0,2.9653592109680176
726666,-16.0,2.888322353363037
728343,-16.0,2.945168972015381
730200,-16.0,2.9428696632385254
731587,-19.0,2.8654868602752686
733787,-18.0,2.9344778060913086
735809,-20.0,2.967085599899292
737699,-15.0,2.9794299602508545
739892,-19.0,2.9567036628723145
741405,-19.0,2.942265272140503
743333,-17.0,2.9505622386932373
745185,-17.0,2.9794394969940186
747064,-17.0,2.8234915733337402
748941,-16.0,2.9534621238708496
750690,-20.0,2.961578845977783
752391,-18.0,2.9456982612609863
754354,-17.0,2.9054322242736816
756292,-12.0,2.9634652137756348
758004,-16.0,2.9654150009155273
760135,-20.0,2.9548683166503906
761875,-19.0,2.935786724090576
763684,-17.0,2.9631166458129883
765305,-18.0,2.921332836151123
767458,-17.0,2.9782352447509766
769642,-18.0,2.9520022869110107
771792,-18.0,2.970244884490967
773561,-18.0,2.9710030555725098
775646,-13.0,2.975703716278076
777186,-20.0,2.980233669281006
779317,-15.0,2.9789364337921143
780962,-19.0,2.950091600418091
782785,-21.0,2.968526601791382
784520,-16.0,2.9481983184814453
786642,-17.0,2.9836857318878174
788549,-15.0,2.948408365249634
790449,-17.0,2.9664273262023926
792461,-13.0,2.971465587615967
794414,-18.0,2.9071273803710938
796326,-18.0,2.973820209503174
798557,-16.0,2.9316234588623047
800614,-17.0,2.97198486328125
802579,-17.0,3.0272879600524902
804770,-17.0,2.986400604248047
806544,-17.0,2.9936254024505615
808714,-21.0,3.015824794769287
810619,-18.0,3.0139684677124023
812925,-15.0,2.9710211753845215
814865,-17.0,3.042776346206665
816755,-20.0,2.973202705383301
818424,-18.0,2.9948782920837402
820270,-17.0,3.0051822662353516
822355,-16.0,3.0148308277130127
823985,-18.0,3.005902051925659
826102,-14.0,3.0181663036346436
828590,-10.0,2.972249984741211
830437,-19.0,2.9894328117370605
832350,-18.0,3.0123205184936523
834509,-20.0,2.9963245391845703
837181,-15.0,2.993908166885376
839742,-13.0,3.009779453277588
841675,-18.0,3.0092556476593018
843886,-17.0,3.0197558403015137
846118,-15.0,2.9408750534057617
847914,-17.0,3.0205650329589844
850191,-17.0,2.9990837574005127
852145,-19.0,2.926048994064331
853765,-18.0,2.9932899475097656
855708,-18.0,2.95987606048584
857652,-18.0,2.9569883346557617
859418,-19.0,2.9451892375946045
860949,-20.0,2.899057388305664
862709,-16.0,3.010446786880493
864775,-15.0,3.042088508605957
866927,-18.0,2.980424404144287
868812,-20.0,3.0147693157196045
871371,-13.0,2.9386391639709473
873007,-20.0,3.0445170402526855
874954,-16.0,2.9518697261810303
877494,-13.0,2.9439167976379395
879658,-18.0,3.012514114379883
881798,-18.0,2.9610602855682373
883220,-19.0,3.026993751525879
885191,-19.0,3.0082244873046875
887102,-19.0,3.0368380546569824
888916,-16.0,3.01521897315979
890968,-15.0,3.027212142944336
892687,-21.0,3.004551887512207
894258,-21.0,3.0215110778808594
895876,-20.0,3.0013790130615234
897907,-16.0,2.957310199737549
899858,-18.0,3.0061686038970947
901995,-16.0,2.9726805686950684
903854,-15.0,2.9996628761291504
905936,-19.0,3.016705274581909
907847,-18.0,3.033325672149658
910392,-13.0,2.938875436782837
912592,-15.0,3.011366367340088
914364,-19.0,2.8945260047912598
916109,-19.0,2.9979937076568604
918078,-19.0,3.005535125732422
920101,-19.0,3.0055947303771973
922990,-10.0,3.014683723449707
925425,-14.0,2.98907470703125
927821,-20.0,2.99725341796875
929997,-19.0,2.933417797088623
932277,-17.0,2.999246597290039
934699,-14.0,3.0181634426116943
936766,-18.0,2.9437575340270996
938309,-19.0,3.0029845237731934
940687,-17.0,2.9832377433776855
942947,-16.0,2.9902567863464355
946099,-16.0,2.9953365325927734
948334,-13.0,3.0201220512390137
950655,-15.0,3.0045852661132812
954059,-13.0,3.0099098682403564
956041,-19.0,3.016052484512329
958627,-18.0,3.0076184272766113
960883,-19.0,3.010730504989624
963960,-14.0,2.9862403869628906
966494,-18.0,3.0259435176849365
969229,-16.0,2.9409074783325195
971784,-16.0,3.010000228881836
973576,-17.0,2.985846757888794
975834,-19.0,2.9726386070251465
978109,-19.0,2.928950786590576
980758,-16.0,2.988098382949829
983129,-14.0,2.943052291870117
986060,-12.0,2.9779610633850098
987440,-21.0,3.0013513565063477
989719,-17.0,3.0015268325805664
992184,-17.0,2.9942739009857178
994444,-17.0,2.982346773147583
996833,-17.0,3.011683464050293
999562,-12.0,2.965517044067383
1002435,-17.0,2.97847056388855
1004638,-17.0,3.0054469108581543
1006830,-15.0,2.978872776031494
1009665,-14.0,2.9326608180999756
1012550,-9.0,2.985302448272705
1014778,-14.0,2.8783860206604004
1017054,-17.0,2.914473533630371
1018993,-15.0,2.8769447803497314
1021053,-11.0,2.9533047676086426
1022934,-17.0,2.992703914642334
1024647,-17.0,2.951979637145996
1027063,-16.0,2.9776039123535156
1031084,-2.0,2.9771270751953125
1033483,-12.0,2.9722342491149902
1035457,-14.0,2.9892778396606445
1038476,-17.0,2.9900646209716797
1041356,-12.0,2.897942066192627
1043713,-16.0,2.97998046875
1046490,-14.0,2.9906070232391357
1048436,-17.0,2.9215195178985596
1050986,-12.0,2.8929686546325684
1052845,-20.0,2.9777069091796875
1054377,-21.0,2.946681261062622
1056706,-14.0,2.976822853088379
1058553,-13.0,2.9858484268188477
1060759,-15.0,2.9731998443603516
1063006,-11.0,2.965775966644287
1065827,-11.0,2.980924129486084
1068739,-8.0,2.9672348499298096
1070449,-17.0,2.8992342948913574
1072518,-14.0,2.961223840713501
1074945,-14.0,2.971363067626953
1077137,-19.0,2.9405858516693115
1079303,-19.0,2.954603433609009
1081428,-14.0,2.9544730186462402
1083748,-12.0,2.974724292755127
1086246,-11.0,2.9792685508728027
1088223,-16.0,2.9618468284606934
1091037,-11.0,2.905733823776245
1093391,-15.0,2.9712657928466797
1096701,-10.0,2.9709362983703613
1098613,-19.0,2.971086025238037
1101085,-13.0,2.972334861755371
1103344,-13.0,2.9527249336242676
1106097,-9.0,2.9327268600463867
1108473,-16.0,2.907404661178589
1111112,-11.0,2.9641761779785156
1113670,-14.0,2.954557418823242
1115662,-17.0,2.9826269149780273
1117964,-12.0,2.8885488510131836
1120412,-15.0,2.8663535118103027
1122862,-13.0,2.978949546813965
1125173,-13.0,2.9808349609375
1127971,-11.0,2.994737148284912
1129820,-16.0,2.9694299697875977
1131608,-18.0,2.9786579608917236
1133615,-17.0,2.905486583709717
1136027,-15.0,2.9746780395507812
1138281,-12.0,3.00038480758667
1141492,-7.0,2.984527111053467
1144059,-12.0,2.9807472229003906
1146713,-17.0,2.963176727294922
1149183,-11.0,2.9861414432525635
1150751,-18.0,2.9763336181640625
1153166,-14.0,2.90216064453125
1155889,-15.0,2.9875433444976807
1158574,-10.0,2.989520788192749
1161735,-7.0,2.9892396926879883
1163309,-19.0,2.9680275917053223
1165540,-12.0,2.9698829650878906
1167894,-11.0,2.9491233825683594
1170576,-11.0,2.982487201690674
1172833,-14.0,2.9728736877441406
1175597,-14.0,2.881105422973633
1178363,-9.0,3.00345516204834
1180837,-12.0,2.980104684829712
1183985,-9.0,2.971522092819214
1186399,-15.0,2.971541404724121
1188529,-17.0,2.9883034229278564
1190703,-11.0,2.982971429824829
1192903,-14.0,2.964207649230957
1195957,-10.0,2.9925038814544678
1199051,-8.0,2.905193328857422
1201248,-15.0,2.986269950866699
1203339,-15.0,3.0010664463043213
1205581,-15.0,2.99507474899292
1208190,-11.0,3.0248148441314697
1211216,-11.0,2.9044406414031982
1213026,-17.0,2.936920166015625
1216210,-6.0,3.0146484375
1217945,-14.0,3.0189380645751953
1219961,-16.0,2.9789881706237793
1222049,-14.0,2.9990897178649902
1224667,-11.0,2.986297607421875
1226751,-13.0,3.005995035171509
1228989,-14.0,3.0109190940856934
1231210,-13.0,3.0197083950042725
1233315,-16.0,2.940990447998047
1235327,-14.0,2.9764633178710938
1237897,-8.0,3.0243008136749268
1239994,-15.0,3.017178535461426
1242608,-12.0,3.0099430084228516
1245271,-16.0,2.9927358627319336
1247867,-14.0,3.017369270324707
1250319,-14.0,2.9993481636047363
1253506,-9.0,2.9942808151245117
1256092,-11.0,2.935359239578247
1258467,-14.0,3.0192394256591797
1260672,-15.0,2.983835220336914
1263632,-4.0,3.0009026527404785
1266104,-14.0,2.9768590927124023
1268767,-13.0,2.990450382232666
1271489,-8.0,2.9577713012695312
1274047,-12.0,2.917365550994873
1276639,-9.0,2.9874701499938965
1278849,-15.0,2.986992835998535
1280902,-16.0,3.0170679092407227
1283303,-11.0,2.9846630096435547
1285642,-12.0,3.0081052780151367
1288702,-8.0,3.0138144493103027
1291036,-13.0,2.9635348320007324
1292939,-16.0,2.983119249343872
1295871,-6.0,3.0009591579437256
1298282,-11.0,3.0147061347961426
1300696,-14.0,2.9515295028686523
1303118,-14.0,2.998750686645508
1305747,-10.0,2.982483148574829
1307839,-13.0,3.003629207611084
1310235,-10.0,3.0154001712799072
1312356,-13.0,2.990105628967285
1314582,-14.0,3.0004043579101562
1316933,-10.0,3.012796401977539
1319376,-13.0,2.9952409267425537
1321732,-14.0,2.9853591918945312
1324294,-10.0,2.998471736907959
1326584,-15.0,2.9602913856506348
1329044,-13.0,2.9775404930114746
1331516,-10.0,2.921457290649414
1333424,-15.0,2.9995813369750977
1335333,-17.0,2.9870333671569824
1337228,-15.0,2.9646756649017334
1339495,-13.0,3.0166521072387695
1342020,-13.0,2.9747002124786377
1344831,-8.0,3.014918804168701
1347349,-12.0,3.004195213317871
1349712,-15.0,2.9938435554504395
1352432,-10.0,2.988394260406494
1354337,-15.0,2.977385997772217
1356774,-11.0,2.9990673065185547
1359151,-12.0,3.0083751678466797
1361454,-12.0,2.9914422035217285
1363736,-12.0,2.9610610008239746
1366258,-12.0,2.9667611122131348
1368265,-16.0,2.9898433685302734
1370592,-11.0,3.010370969772339
1374175,-4.0,2.974397897720337
1376163,-16.0,3.00006103515625
1379330,-8.0,2.9948716163635254
1382545,-6.0,2.9976117610931396
1386058,-6.0,2.9587290287017822
1388020,-13.0,2.9854202270507812
1390501,-10.0,2.9666314125061035
1392810,-12.0,2.974879741668701
1395942,-7.0,2.9860687255859375
1398312,-10.0,2.984015703201294
1400637,-14.0,3.003307580947876
1402311,-20.0,2.972536325454712
1404863,-10.0,2.9780898094177246
1406971,-15.0,2.986819267272949
1409434,-13.0,2.96799373626709
1411343,-16.0,2.961019992828369
1414560,-4.0,2.9845733642578125
1417521,-4.0,2.9742178916931152
1419933,-14.0,2.966186046600342
1422874,-9.0,2.9643115997314453
1425315,-13.0,2.956965684890747
1427712,-12.0,2.9544882774353027
1430880,-4.0,2.9925856590270996
1432894,-14.0,2.9154717922210693
1435487,-12.0,2.9669687747955322
1437905,-11.0,2.969635248184204
1440835,-6.0,2.94978404045105
1443380,-11.0,2.9973490238189697
1445585,-13.0,2.9544129371643066
1447539,-16.0,2.977168083190918
1449736,-12.0,2.9766077995300293
1451936,-16.0,2.9443042278289795
1454764,-9.0,2.98600435256958
1457077,-14.0,2.938215970993042
1459636,-11.0,2.951242446899414
1462005,-13.0,2.9777703285217285
1465022,-8.0,2.9523568153381348
1467816,-11.0,2.9420828819274902
1470782,-10.0,2.9877257347106934
1473177,-11.0,2.96581768989563
1475569,-11.0,2.9329147338867188
1478471,-6.0,2.9367032051086426
1480907,-10.0,2.962352752685547
1482890,-14.0,2.9630391597747803
1485715,-12.0,2.9654173851013184
1488322,-13.0,2.9847934246063232
1492306,-3.0,2.980509042739868
1495262,-11.0,2.9786057472229004
1498035,-13.0,2.9588370323181152
1500547,-13.0,2.9523890018463135
1503062,-11.0,2.979191780090332
1505705,-13.0,2.9398491382598877
1508213,-15.0,2.9484362602233887
1510629,-14.0,2.9734349250793457
1513136,-11.0,2.9603304862976074
1515762,-13.0,2.9109909534454346
1517928,-15.0,2.976053476333618
1520301,-16.0,2.9955592155456543
1522355,-16.0,2.9985218048095703
1524614,-10.0,2.9408202171325684
1526971,-12.0,2.9642789363861084
1529639,-10.0,2.970611333847046
1533043,-5.0,2.972081184387207
1535454,-11.0,2.9757370948791504
1537867,-12.0,2.898817300796509
1540029,-15.0,2.9716410636901855
1542883,-9.0,2.9541311264038086
1544838,-17.0,2.927548408508301
1546712,-17.0,2.9438037872314453
1548754,-16.0,2.9784770011901855
1551444,-11.0,2.972975254058838
1554463,-8.0,2.956149101257324
1557271,-8.0,2.9600775241851807
1559239,-16.0,2.9471054077148438
1561832,-9.0,2.924943447113037
1564897,-5.0,2.9701852798461914
1567178,-13.0,2.9694557189941406
1569714,-9.0,2.9402148723602295
1572443,-9.0,2.957596778869629
1574903,-12.0,2.9781949520111084
1577531,-9.0,2.9580321311950684
1580030,-8.0,2.957404613494873
1582832,-10.0,2.978452444076538
1585289,-13.0,2.969125270843506
1587840,-11.0,2.9617903232574463
1590989,-7.0,2.950396776199341
1593951,-10.0,2.973179578781128
1596716,-14.0,2.9739298820495605
1599344,-12.0,2.985182762145996
1602055,-9.0,2.931002140045166
1604348,-18.0,2.966646671295166
1606659,-15.0,2.958178997039795
1609118,-15.0,2.974606990814209
1612122,-12.0,2.9630627632141113
1614761,-12.0,2.9596924781799316
1617130,-13.0,2.933861494064331
1619654,-13.0,2.931431293487549
1622716,-8.0,2.939507007598877
1625101,-13.0,2.9816412925720215
1628592,-5.0,2.935072422027588
1631298,-11.0,2.954740047454834
1633836,-7.0,2.954803466796875
1636549,-11.0,2.9503469467163086
1639636,-5.0,2.957270622253418
1641827,-12.0,2.9367361068725586
1644444,-13.0,2.951397657394409
1647998,-6.0,2.9555130004882812
1651328,-11.0,2.9450626373291016
1654405,-10.0,2.9444751739501953
1656908,-11.0,2.9572224617004395
1660004,-10.0,2.945272445678711
1662991,-11.0,2.9313502311706543
1666236,-7.0,2.9181389808654785
1669153,-13.0,2.930809736251831
1672443,-11.0,2.9401161670684814
1674485,-11.0,2.9442877769470215
1678007,-3.0,2.9530725479125977
1680961,-10.0,2.9491500854492188
1683961,-11.0,2.9333767890930176
1686960,-9.0,2.9363536834716797
1689592,-13.0,2.9022817611694336
1692896,-10.0,2.9222121238708496
1695651,-10.0,2.940631866455078
1698677,-9.0,2.937136173248291
1702303,2.0,2.9204483032226562
1705727,-6.0,2.938819408416748
1708373,-14.0,2.919877290725708
1711541,-6.0,2.9474518299102783
1714476,-13.0,2.9519577026367188
1717497,-7.0,2.9345622062683105
1720975,-5.0,2.9454097747802734
1723772,-13.0,2.8400723934173584
1725520,-16.0,2.9191789627075195
1728102,-10.0,2.881519317626953
1731106,-9.0,2.9174695014953613
1734683,-2.0,2.933769702911377
1737855,-6.0,2.9272069931030273
1740237,-15.0,2.9172630310058594
1743230,-7.0,2.9230260848999023
1746369,-8.0,2.8915836811065674
1748841,-9.0,2.9226632118225098
1751591,-10.0,2.9038500785827637
1753823,-14.0,2.9238080978393555
1756547,-11.0,2.887439489364624
1759689,-13.0,2.924160957336426
1761845,-16.0,2.908205986022949
1765081,-8.0,2.8929286003112793
1767519,-15.0,2.88639497756958
1769633,-14.0,2.897995948791504
1772596,-8.0,2.9231579303741455
1775541,-14.0,2.9102208614349365
1777983,-13.0,2.919776201248169
1780523,-14.0,2.9010586738586426
1782944,-15.0,2.906609058380127
1785507,-12.0,2.9210104942321777
1788291,-9.0,2.913459300994873
1790189,-18.0,2.8682327270507812
1791627,-19.0,2.9108023643493652
1795362,-4.0,2.911607503890991
1797922,-13.0,2.916919231414795
1800181,-13.0,2.903899669647217
1802381,-16.0,2.845674991607666
1805251,-12.0,2.9184670448303223
1808373,-9.0,2.89285945892334
1811464,-15.0,2.925718307495117
1815425,-9.0,2.9197378158569336
1818360,-10.0,2.9305648803710938
1821687,-10.0,2.8997159004211426
1824327,-12.0,2.8838071823120117
1827339,-11.0,2.915557861328125
1831191,-7.0,2.900444746017456
1834531,-5.0,2.872356414794922
1838940,-7.0,2.9194984436035156
1840951,-18.0,2.9092886447906494
1844922,-9.0,2.8461785316467285
1848110,-13.0,2.8763251304626465
1850838,-11.0,2.8701083660125732
1855430,-1.0,2.8852615356445312
1858063,-12.0,2.8787646293640137
1860309,-14.0,2.850799798965454
1863957,-9.0,2.883021354675293
1867275,-7.0,2.9189906120300293
1870630,-13.0,2.899772882461548
1873747,-8.0,2.910893440246582
1877612,-4.0,2.9022083282470703
1881199,-9.0,2.8706698417663574
1884108,-7.0,2.9031341075897217
1886405,-13.0,2.895723819732666
1889444,-10.0,2.89860463142395
1892296,-10.0,2.8876543045043945
1895718,-8.0,2.9040510654449463
1898464,-10.0,2.8446691036224365
1901705,-10.0,2.9089102745056152
1905243,-4.0,2.909085273742676
1909042,-5.0,2.880740165710449
1912095,-10.0,2.8577895164489746
1915229,-6.0,2.888296604156494
1917283,-16.0,2.831373691558838
1919826,-9.0,2.8917598724365234
1922409,-11.0,2.8914294242858887
1924899,-14.0,2.896495819091797
1927779,-9.0,2.8789947032928467
1930625,-10.0,2.9073548316955566
1932389,-17.0,2.9016671180725098
1935151,-12.0,2.8897929191589355
1938628,-4.0,2.8998665809631348
1941473,-13.0,2.865333080291748
1944719,-7.0,2.8471333980560303
1947238,-17.0,2.890601634979248
1949514,-16.0,2.905113458633423
1952613,-10.0,2.886000871658325
1955302,-12.0,2.8764538764953613
1959152,-15.0,2.8991990089416504
1962304,-10.0,2.8940160274505615
1966356,-2.0,2.869016170501709
1968924,-14.0,2.87819242477417
1972498,-9.0,2.8864245414733887
1975437,-15.0,2.8801462650299072
1977632,-14.0,2.8046741485595703
1981360,-12.0,2.8633997440338135
1984598,-14.0,2.8884263038635254
1987569,-13.0,2.908144950866699
1992261,-5.0,2.881349563598633
1995447,-14.0,2.8771491050720215
1998229,-10.0,2.876635789871216
2000966,-14.0,2.8653414249420166
2003548,-12.0,2.87872576713562
2006172,-11.0,2.884815216064453
2009716,-9.0,2.88154935836792
2011894,-16.0,2.897341251373291
2014639,-13.0,2.8760361671447754
2017139,-10.0,2.890148162841797
2019835,-17.0,2.866624355316162
2022709,-11.0,2.889296054840088
2025361,-9.0,2.901465892791748
2028266,-15.0,2.8719570636749268
2031924,-11.0,2.8801112174987793
2035135,-9.0,2.890536069869995
2038956,-8.0,2.884620428085327
2041993,-10.0,2.884397268295288
2044092,-16.0,2.8578805923461914
2046579,-15.0,2.8705124855041504
2049510,-13.0,2.8680732250213623
2052613,-10.0,2.9195032119750977
2055593,-10.0,2.8796777725219727
2058179,-16.0,2.89739727973938
2060472,-14.0,2.8961284160614014
2063326,-8.0,2.87593674659729
2066522,-13.0,2.8790149688720703
2069376,-9.0,2.870852470397949
2072156,-10.0,2.8842012882232666
2074680,-11.0,2.907351016998291
2077486,-14.0,2.883348226547241
2079501,-18.0,2.8700506687164307
2082426,-13.0,2.915741443634033
2084288,-17.0,2.9137847423553467
2087078,-14.0,2.9133777618408203
2089847,-14.0,2.9272594451904297
2092891,-8.0,2.865206003189087
2095495,-11.0,2.919372081756592
2098210,-11.0,2.9349417686462402
2100189,-19.0,2.932424545288086
2102261,-17.0,2.9089431762695312
2104241,-17.0,2.9268946647644043
2106759,-12.0,2.914524555206299
2108476,-18.0,2.899636745452881
2111629,-5.0,2.9134654998779297
2114816,-8.0,2.9288902282714844
2117637,-15.0,2.9289755821228027
2120343,-12.0,2.9349582195281982
2123148,-12.0,2.904345989227295
2126787,-6.0,2.9171223640441895
2128550,-18.0,2.90970778465271
2131476,-11.0,2.92969012260437
2136072,-2.0,2.921029806137085
2139735,-7.0,2.904310703277588
2142876,-9.0,2.940425395965576
2145342,-15.0,2.9342875480651855
2148747,-7.0,2.9255099296569824
2151948,-12.0,2.9403204917907715
2155212,-10.0,2.9354493618011475
2158572,-10.0,2.9282147884368896
2162234,-8.0,2.946335792541504
2165483,-7.0,2.9281864166259766
2169177,-2.0,2.930234432220459
2172629,-6.0,2.85542631149292
2175123,-11.0,2.9409756660461426
2178306,-6.0,2.9397730827331543
2181296,-9.0,2.9227688312530518
2183581,-12.0,2.946366786956787
2185825,-12.0,2.900489330291748
2188661,-10.0,2.842789888381958
2190271,-17.0,2.923213481903076
2192971,-18.0,2.9192776679992676
2197066,1.0,2.950551986694336
2199815,-10.0,2.9297614097595215
2202856,-7.0,2.944551467895508
2205883,-8.0,2.9229555130004883
2209302,-7.0,2.932072639465332
2211645,-13.0,2.935189723968506
2215395,-5.0,2.9529473781585693
2218354,-9.0,2.942411184310913
2220978,-14.0,2.946458339691162
2223896,-12.0,2.9225192070007324
2227125,-6.0,2.9368045330047607
2230573,-7.0,2.9232101440429688
2234050,-6.0,2.9429821968078613
2237138,-10.0,2.9411754608154297
2240787,-13.0,2.913095235824585
2243346,-12.0,2.9407289028167725
2245607,-15.0,2.930980920791626
2247878,-10.0,2.861553907394409
2250377,-8.0,2.92702579498291
2252359,-16.0,2.9323527812957764
2255427,-11.0,2.9000940322875977
2258460,-4.0,2.9187965393066406
2261899,2.0,2.9237284660339355
2264049,-15.0,2.9020419120788574
2267263,-6.0,2.941901683807373
2270331,-3.0,2.9247045516967773
2272366,-12.0,2.9210445880889893
2274201,-16.0,2.9338743686676025
2278149,-3.0,2.9095664024353027
2281028,-9.0,2.9306399822235107
2283532,-10.0,2.858527898788452
2287469,-3.0,2.9056878089904785
2290413,-8.0,2.9127936363220215
2292838,-15.0,2.923936367034912
2294769,-16.0,2.902282953262329
2297687,-10.0,2.9037370681762695
2299918,-13.0,2.945466995239258
2303258,-8.0,2.915703773498535
2306920,-2.0,2.912986993789673
2310084,-8.0,2.92004656791687
2314322,-5.0,2.9177474975585938
2316947,-8.0,2.8469715118408203
2319985,-9.0,2.920196056365967
2323077,-9.0,2.9089553356170654
2326501,-7.0,2.922837257385254
2330041,-6.0,2.917691707611084
2334169,-1.0,2.9218406677246094
2338005,-4.0,2.8511762619018555
2340726,-12.0,2.9325571060180664
2344577,-9.0,2.9172632694244385
2347115,-11.0,2.908116102218628
2351627,1.0,2.9192299842834473
2355111,-12.0,2.913468360900879
2358694,-3.0,2.9259071350097656
2362064,-6.0,2.91264009475708
2366422,-4.0,2.9164392948150635
2370245,-6.0,2.9401285648345947
2372914,-15.0,2.9398694038391113
2376382,-7.0,2.94789457321167
2379091,-9.0,2.9342658519744873
2381499,-13.0,2.925203800201416
2383821,-11.0,2.936461925506592
2387182,-8.0,2.92626953125
2390852,-2.0,2.9299418926239014
2393267,-13.0,2.9348998069763184
2395838,-11.0,2.942736864089966
2398530,-10.0,2.9314990043640137
2400934,-13.0,2.946143627166748
2402999,-14.0,2.914898633956909
2406214,-6.0,2.926081657409668
2409915,-3.0,2.906069755554199
2413039,-9.0,2.8918256759643555
2416800,-2.0,2.9007761478424072
2420666,-2.0,2.9094655513763428
2423996,-6.0,2.9129977226257324
2426893,-10.0,2.90030837059021
2429549,-12.0,2.922572612762451
2433396,-5.0,2.8913087844848633
2435830,-11.0,2.9110801219940186
2438489,-10.0,2.8934268951416016
2441675,-7.0,2.908261299133301
2445108,-4.0,2.9078938961029053
2449023,-5.0,2.923664093017578
2451378,-16.0,2.8945112228393555
2454449,-8.0,2.929837465286255
2457636,-7.0,2.918370246887207
2462097,1.0,2.8811697959899902
2464688,-12.0,2.9097728729248047
2467500,-9.0,2.9080142974853516
2471383,-4.0,2.9181761741638184
2474746,-5.0,2.89888334274292
2477527,-12.0,2.8951144218444824
2480282,-14.0,2.8661937713623047
2482391,-14.0,2.9236884117126465
2485305,-9.0,2.9159164428710938
2486811,-18.0,2.9128682613372803
2489847,-7.0,2.9114153385162354
2492635,-8.0,2.8867697715759277
2496247,-5.0,2.8764498233795166
2499619,-5.0,2.862764358520508
2502858,-7.0,2.906219959259033
2506085,-10.0,2.909879207611084
2510260,-1.0,2.9080657958984375
2513049,-11.0,2.904468297958374
2516464,-6.0,2.8735709190368652
2519535,-8.0,2.904237985610962
2522681,-9.0,2.8359227180480957
2524556,-15.0,2.900021553039551
2527113,-11.0,2.8344783782958984
2530237,-6.0,2.8891727924346924
2532951,-11.0,2.8919599056243896
2535664,-11.0,2.903489828109741
2538887,-10.0,2.910425901412964
2542979,-7.0,2.9122114181518555
2545376,-13.0,2.9186625480651855
2548541,-8.0,2.9042201042175293
2551386,-10.0,2.911280870437622
2553472,-14.0,2.897118330001831
2555907,-10.0,2.8987293243408203
2559323,-8.0,2.8886919021606445
2561782,-11.0,2.8843371868133545
2564781,-7.0,2.9127845764160156
2568851,-5.0,2.8925042152404785
2571491,-13.0,2.8829193115234375
2574682,-7.0,2.9005613327026367
2577844,-9.0,2.8838205337524414
2580846,-10.0,2.8904478549957275
2583420,-11.0,2.8648366928100586
2586921,-4.0,2.9077506065368652
2590029,-10.0,2.8762338161468506
2593255,-8.0,2.898040294647217
2596308,-9.0,2.8276214599609375
2600210,-4.0,2.9021284580230713
2602882,-11.0,2.89243745803833
2606051,-11.0,2.893537998199463
2609658,-5.0,2.859419822692871
2613126,-3.0,2.850663661956787
2616333,-8.0,2.8689827919006348
2620081,-4.0,2.874321937561035
2623646,-3.0,2.8576042652130127
2627193,-7.0,2.8638081550598145
2630840,-5.0,2.8917651176452637
2633217,-12.0,2.874907970428467
2636190,-10.0,2.871933937072754
2639184,-10.0,2.851158857345581
2642003,-7.0,2.8736824989318848
2645037,-12.0,2.8664917945861816
2648209,-11.0,2.865302562713623
2651478,-10.0,2.8675789833068848
2654093,-9.0,2.8873186111450195
2657554,-7.0,2.8884472846984863
2661522,-4.0,2.8500607013702393
2665629,-2.0,2.846393585205078
2667867,-14.0,2.8509204387664795
2670909,-12.0,2.8457682132720947
2674438,-6.0,2.813080072402954
2677786,-8.0,2.8594584465026855
2680396,-10.0,2.8678321838378906
2683831,-6.0,2.8610477447509766
2688262,4.0,2.8895444869995117
2691076,-9.0,2.8857645988464355
2694624,-7.0,2.8604772090911865
2696991,-16.0,2.8575847148895264
2699621,-11.0,2.8530240058898926
2703590,-4.0,2.8673529624938965
2706887,-11.0,2.8588905334472656
2710931,-1.0,2.8749871253967285
2713824,-7.0,2.8348162174224854
2717590,-1.0,2.8521041870117188
2721348,-3.0,2.889014482498169
2724397,-6.0,2.8448970317840576
2727857,-9.0,2.839299201965332
2731406,-7.0,2.8828091621398926
2734161,-9.0,2.8702306747436523
2736820,-12.0,2.8844618797302246
2740013,-9.0,2.8836705684661865
2744000,-3.0,2.856348991394043
2747241,-7.0,2.875694513320923
2750399,-7.0,2.8762929439544678
2753486,-8.0,2.8890833854675293
2756880,-6.0,2.882943630218506
2759658,-12.0,2.8962559700012207
2763592,-3.0,2.853588104248047
2767099,-6.0,2.8275816440582275
2769862,-12.0,2.8708338737487793
2773602,-1.0,2.8564977645874023
2777819,-1.0,2.8665475845336914
2781937,-2.0,2.872075080871582
2785664,2.0,2.8690590858459473
2789204,-2.0,2.874640464782715
2792118,-7.0,2.865466356277466
2794478,-10.0,2.8873393535614014
2797561,-10.0,2.8818359375
2799727,-12.0,2.855651617050171
2802811,-6.0,2.8724913597106934
2806404,-3.0,2.885502815246582
2810054,-5.0,2.8870644569396973
2813940,2.0,2.8725123405456543
2816965,-7.0,2.8635473251342773
2820342,-5.0,2.8735735416412354
2823302,-9.0,2.8784685134887695
2826396,-10.0,2.8830809593200684
2830014,-3.0,2.8803369998931885
2833466,-8.0,2.913111448287964
2836296,-12.0,2.8070545196533203
2839295,-14.0,2.8843777179718018
2842590,-7.0,2.861948013305664
2846054,-7.0,2.8757543563842773
2849375,-6.0,2.886007070541382
2852139,-10.0,2.8753485679626465
2855242,-3.0,2.867727041244507
2858293,-6.0,2.868086814880371
2861196,-7.0,2.852827548980713
2864362,-7.0,2.8836216926574707
2867877,-5.0,2.883350372314453
2871674,-5.0,2.884364604949951
2875238,-7.0,2.89155912399292
2877918,-14.0,2.877686023712158
2880780,-9.0,2.894625186920166
2883072,-11.0,2.8912131786346436
2886404,-7.0,2.8748886585235596
2890176,-3.0,2.863337993621826
2893323,-8.0,2.8692822456359863
2896433,-6.0,2.810417413711548
2899501,-8.0,2.870035171508789
2903591,-1.0,2.8837547302246094
2907634,1.0,2.8659253120422363
2910951,-6.0,2.8750405311584473
2914141,-3.0,2.8588438034057617
2917749,-6.0,2.870711088180542
2920587,-8.0,2.871285915374756
2923306,-9.0,2.868579864501953
2926049,-15.0,2.8595824241638184
2929261,-9.0,2.7891998291015625
2931732,-16.0,2.8850998878479004
2934766,-6.0,2.8656985759735107
2936485,-19.0,2.8855793476104736
2939389,-6.0,2.818101167678833
2942677,-8.0,2.880236864089966
2944743,-14.0,2.856995105743408
2947094,-17.0,2.8594963550567627
2950159,-8.0,2.8822021484375
2953038,-6.0,2.8632259368896484
2955752,-7.0,2.8780837059020996
2958753,-11.0,2.859825372695923
2961574,-12.0,2.8457529544830322
2964198,-8.0,2.861176013946533
2967266,-5.0,2.878211736679077
2969191,-14.0,2.8711020946502686
2971228,-15.0,2.8557815551757812
2973543,-12.0,2.869874954223633
2976158,-11.0,2.8782925605773926
2978280,-12.0,2.864067554473877
2981100,-9.0,2.853158473968506
2984184,-8.0,2.8609671592712402
2986554,-12.0,2.855083465576172
2989476,-11.0,2.8749115467071533
2991876,-11.0,2.8623969554901123
2994243,-12.0,2.866401433944702
2996393,-13.0,2.863355875015259
2998330,-15.0,2.8872268199920654
3000440,-14.0,2.842580795288086
3002157,-14.0,2.838684558868408
3004388,-12.0,2.8468892574310303
3006387,-13.0,2.7877395153045654
3007607,-20.0,2.8502678871154785
3010033,-13.0,2.8118810653686523
3013567,-2.0,2.8481855392456055
3017058,-6.0,2.8467578887939453
3020461,2.0,2.8492026329040527
3023234,-10.0,2.856334686279297
3026221,-10.0,2.840700149536133
3028766,-11.0,2.850743532180786
3031429,-11.0,2.843125104904175
3034639,-8.0,2.8511810302734375
3038101,-4.0,2.84267520904541
3040222,-14.0,2.8276472091674805
3042914,-13.0,2.8450026512145996
3045375,-13.0,2.8417577743530273
3046690,-18.0,2.8539910316467285
3049235,-10.0,2.86612606048584
3051084,-14.0,2.8363375663757324
3054035,-8.0,2.8391823768615723
3055011,-20.0,2.8431286811828613
3057383,-9.0,2.841002941131592
3060260,-4.0,2.8394808769226074
3062581,-12.0,2.8409807682037354
3065231,-7.0,2.838163375854492
3068412,-3.0,2.8478574752807617
3071293,-4.0,2.854764461517334
3073563,-13.0,2.838918447494507
3076666,-6.0,2.857081174850464
3078776,-13.0,2.835505247116089
3081802,-2.0,2.822504997253418
3084559,-9.0,2.848520517349243
3087698,-7.0,2.8171656131744385
3089914,-13.0,2.835352897644043
3092449,-13.0,2.8514785766601562
3095107,-8.0,2.8322370052337646
3097483,-12.0,2.8396644592285156
3099524,-13.0,2.852509021759033
3102276,-10.0,2.846205234527588
3104256,-13.0,2.843709945678711
3106495,-11.0,2.8347134590148926
3110096,-3.0,2.7680246829986572
3112639,-10.0,2.831845760345459
3113853,-20.0,2.837885856628418
3117053,-3.0,2.8311948776245117
3119489,-12.0,2.854145050048828
3122399,-7.0,2.8271851539611816
3124236,-16.0,2.82029390335083
3126297,-11.0,2.8303818702697754
3128161,-13.0,2.8090858459472656
3131372,-3.0,2.8089232444763184
3133831,-9.0,2.8336501121520996
3137051,7.0,2.8202290534973145
3140602,3.0,2.8184056282043457
3142701,-13.0,2.812541961669922
3144876,-10.0,2.796459197998047
3148053,-6.0,2.771749496459961
3150319,-13.0,2.79904842376709
3152903,-6.0,2.809680938720703
3155048,-10.0,2.8118691444396973
3157101,-14.0,2.8093838691711426
3159722,-7.0,2.8192434310913086
3162930,-1.0,2.799417018890381
3165238,-11.0,2.8082096576690674
3167024,-14.0,2.8262438774108887
3170072,-5.0,2.7950334548950195
3172870,-9.0,2.810361862182617
3176250,2.0,2.8065102100372314
3178480,-8.0,2.8107616901397705
3181583,-8.0,2.7954225540161133
3184194,-14.0,2.792757987976074
3187090,-7.0,2.788429021835327
3189393,-8.0,2.800985336303711
3192091,-6.0,2.8051908016204834
3195245,-10.0,2.819843053817749
3198653,-2.0,2.802152633666992
3201398,-10.0,2.802473306655884
3202688,-17.0,2.83539080619812
3204978,-10.0,2.7474896907806396
3207706,-7.0,2.8068714141845703
3209964,-10.0,2.811537742614746
3213000,-3.0,2.832437038421631
3215050,-8.0,2.819322347640991
3216973,-13.0,2.8093149662017822
3219812,5.0,2.8307132720947266
3222291,-8.0,2.828852415084839
3225537,-2.0,2.8295388221740723
3227099,-16.0,2.819065570831299
3230039,-4.0,2.7877423763275146
3232750,-10.0,2.819488525390625
3235127,-11.0,2.773854970932007
3238114,-1.0,2.8126325607299805
3241040,-6.0,2.74088716506958
3243883,-11.0,2.7760672569274902
3246887,10.0,2.814911365509033
3249910,-7.0,2.7619824409484863
3253558,5.0,2.793541431427002
3257175,-6.0,2.810666561126709
3259911,-6.0,2.808485507965088
3263147,-5.0,2.8030893802642822
3266492,-7.0,2.8145148754119873
3269330,-8.0,2.8018078804016113
3273030,5.0,2.7977895736694336
3275849,-9.0,2.8124351501464844
3279206,-1.0,2.817068338394165
3281893,-7.0,2.7805252075195312
3284464,-8.0,2.7867472171783447
3287683,2.0,2.8034892082214355
3291375,-1.0,2.7853057384490967
3294858,4.0,2.785541296005249
3297998,4.0,2.8027448654174805
3300224,-13.0,2.7896854877471924
3302811,-10.0,2.7887301445007324
3305539,-7.0,2.7956364154815674
3308325,-3.0,2.7935075759887695
3311534,2.0,2.798635721206665
3314622,5.0,2.8062703609466553
3317663,4.0,2.7185046672821045
3320184,-8.0,2.80224609375
3323358,2.0,2.79211688041687
3326609,4.0,2.7905073165893555
3329907,-3.0,2.7642619609832764
3332677,-8.0,2.784891128540039
3335773,-7.0,2.786804676055908
3338546,-3.0,2.796247959136963
3341899,-7.0,2.7887418270111084
3344519,-5.0,2.7964553833007812
3348009,-1.0,2.7828450202941895
3351469,1.0,2.7333950996398926
3354746,-2.0,2.806554079055786
3357474,-7.0,2.807271957397461
3361149,2.0,2.8092174530029297
3364090,-10.0,2.7901611328125
3367109,-8.0,2.795233964920044
3369981,-5.0,2.7861056327819824
3373412,3.0,2.76505184173584
3376887,-4.0,2.806856632232666
3380013,8.0,2.7744288444519043
3382974,10.0,2.7863330841064453
3386050,-8.0,2.7956950664520264
3389760,-6.0,2.8029496669769287
3392750,-9.0,2.7838916778564453
3396782,-1.0,2.7898411750793457
3399618,6.0,2.8056352138519287
3402182,-8.0,2.8053483963012695
3405540,4.0,2.7888636589050293
3408349,-8.0,2.797139883041382
3411829,-1.0,2.79852294921875
3414907,-5.0,2.776618719100952
3417366,-9.0,2.781416177749634
3420367,3.0,2.7917287349700928
3423474,5.0,2.7809600830078125
3426340,7.0,2.776784658432007
3429404,3.0,2.7363786697387695
3432021,-8.0,2.777491807937622
3434924,-6.0,2.790780782699585
3439032,-3.0,2.736495018005371
3442436,-7.0,2.789792537689209
3445207,-9.0,2.793698310852051
3448592,-3.0,2.7782955169677734
3452149,3.0,2.783512592315674
3455350,-4.0,2.7887988090515137
3458085,-11.0,2.771575450897217
3461076,3.0,2.800811529159546
3464341,2.0,2.795215129852295
3467490,-5.0,2.790583372116089
3471059,2.0,2.773347854614258
3473891,-8.0,2.788776159286499
3476242,-10.0,2.7747225761413574
3479151,7.0,2.8036060333251953
3482610,2.0,2.787972927093506
3486460,-2.0,2.795379161834717
3489865,1.0,2.7999892234802246
3493253,7.0,2.805731773376465
3497144,3.0,2.795064926147461
3499988,-8.0,2.7995705604553223
3503781,-2.0,2.802515745162964
3506375,-13.0,2.7914929389953613
3509589,-5.0,2.7968802452087402
3512917,-3.0,2.7213361263275146
3516470,-2.0,2.798527956008911
3520414,1.0,2.781581163406372
3523358,8.0,2.8010854721069336
3526602,4.0,2.7208189964294434
3530060,-2.0,2.798386573791504
3532887,12.0,2.779114007949829
3536104,3.0,2.8004863262176514
3539178,7.0,2.7965493202209473
3542254,-5.0,2.800703525543213
3545368,3.0,2.791604995727539
3548555,6.0,2.8026199340820312
3551322,-10.0,2.7353203296661377
3554517,-2.0,2.8088884353637695
3558315,1.0,2.8036346435546875
3561530,-4.0,2.8133983612060547
3564298,7.0,2.8065171241760254
3567118,-8.0,2.799171209335327
3570203,5.0,2.791308879852295
3573139,-1.0,2.8053154945373535
3575735,11.0,2.8102364540100098
3578088,-12.0,2.788954734802246
3581247,6.0,2.7903952598571777
3585175,-2.0,2.7609498500823975
3588486,-3.0,2.7834815979003906
3591960,2.0,2.732832431793213
3595573,-1.0,2.8053340911865234
3599242,-2.0,2.818127155303955
3601884,7.0,2.780102252960205
3604998,4.0,2.7853188514709473
3607990,4.0,2.7747349739074707
3611002,-6.0,2.7900052070617676
3614082,6.0,2.807145118713379
3617359,7.0,2.795258045196533
3620443,-3.0,2.7764925956726074
3623461,-7.0,2.8031482696533203
3627132,2.0,2.79311203956604
3629536,10.0,2.7801854610443115
3632775,4.0,2.787761688232422
3636243,-3.0,2.793412208557129
3638840,-11.0,2.7971127033233643
3642035,-1.0,2.735940933227539
3645342,3.0,2.782719612121582
3648324,-5.0,2.8046841621398926
3651260,-7.0,2.7887227535247803
3654102,-5.0,2.793074131011963
3656941,-8.0,2.782081127166748
3659998,3.0,2.786850929260254
3662747,-8.0,2.7548747062683105
3666006,4.0,2.80357027053833
3669417,4.0,2.8184003829956055
3672923,-6.0,2.7939352989196777
3676205,-2.0,2.778703451156616
3679136,9.0,2.794139862060547
3682913,1.0,2.750526189804077
3685542,-11.0,2.7641115188598633
3689493,-3.0,2.773590087890625
3692688,-2.0,2.775528907775879
3696068,-2.0,2.7639236450195312
3699340,-5.0,2.7776851654052734
3702444,-8.0,2.7795636653900146
3706081,-7.0,2.765000343322754
3709034,-3.0,2.7727015018463135
3712311,1.0,2.7771425247192383
3716071,9.0,2.789041042327881
3719643,-6.0,2.7490627765655518
3722851,-3.0,2.7611610889434814
3726662,1.0,2.761298656463623
3730011,-1.0,2.739509105682373
3732787,9.0,2.7353758811950684
3735638,7.0,2.7414844036102295
3738360,-10.0,2.7407498359680176
3741112,-10.0,2.7178173065185547
3744119,8.0,2.75588321685791
3747230,3.0,2.733564853668213
3750877,2.0,2.7571115493774414
3753400,-9.0,2.6875059604644775
3756102,-8.0,2.713622570037842
3760152,-1.0,2.757840633392334
3763719,3.0,2.733733654022217
3766923,-5.0,2.748004913330078
3770915,-4.0,2.747436046600342
3774902,-1.0,2.7361278533935547
3778222,1.0,2.7270727157592773
3781367,-1.0,2.682875633239746
3784107,-8.0,2.753788709640503
3786574,12.0,2.6963846683502197
3789164,-8.0,2.7647171020507812
3792296,-4.0,2.7548270225524902
3795377,-4.0,2.765270233154297
3798591,3.0,2.763767719268799
3801692,3.0,2.7281394004821777
3805504,-6.0,2.7257533073425293
3809168,5.0,2.7332634925842285
3812575,5.0,2.729767322540283
3815752,4.0,2.6895227432250977
3818871,6.0,2.7420246601104736
3822297,-3.0,2.7464346885681152
3824621,-9.0,2.6810781955718994
3827837,3.0,2.7359232902526855
3831151,3.0,2.719146728515625
3834293,-4.0,2.7457985877990723
3837494,5.0,2.736668109893799
3840642,-3.0,2.746631622314453
3843378,6.0,2.6383209228515625
3846566,5.0,2.730350971221924
3849649,-7.0,2.7084150314331055
3852940,8.0,2.6867692470550537
3856130,-3.0,2.709224224090576
3858644,11.0,2.711698532104492
3862049,4.0,2.7245700359344482
3865658,-1.0,2.70729660987854
3869056,-2.0,2.740199565887451
3871355,-11.0,2.6763246059417725
3875264,1.0,2.720808744430542
3878494,4.0,2.719358444213867
3881395,-3.0,2.7257518768310547
3884314,-8.0,2.7308220863342285
3887495,-5.0,2.7221226692199707
3890523,6.0,2.732163190841675
3893802,-6.0,2.7071399688720703
3897188,3.0,2.72153377532959
3899821,-5.0,2.7247474193573
3903216,-3.0,2.711998462677002
3906583,7.0,2.6956028938293457
3909938,-1.0,2.719217300415039
3913263,-1.0,2.7214903831481934
3916702,2.0,2.742865562438965
3920294,5.0,2.7378478050231934
3923441,3.0,2.7388882637023926
3926488,3.0,2.7173197269439697
3929042,-7.0,2.701099395751953
3932885,9.0,2.713780403137207
3936524,3.0,2.7225682735443115
3940486,1.0,2.7319788932800293
3944020,-4.0,2.729513645172119
3948059,4.0,2.722842216491699
3950987,6.0,2.705233097076416
3954432,1.0,2.7247636318206787
3957709,2.0,2.7025623321533203
3960799,-9.0,2.7232584953308105
3963438,-8.0,2.690196990966797
3966859,5.0,2.705535888671875
3969858,-5.0,2.7234549522399902
3973880,2.0,2.7092881202697754
3977483,-4.0,2.7200989723205566
3980559,6.0,2.707118034362793
3984328,-1.0,2.7054572105407715
3987207,8.0,2.6954994201660156
3990392,10.0,2.707871913909912
3993938,-2.0,2.7048892974853516
3997383,4.0,2.714905023574829
3999970,-9.0,2.6939949989318848
4003198,-4.0,2.633749485015869
4006487,5.0,2.696244716644287
4009540,4.0,2.69319486618042
4011936,13.0,2.6903884410858154
4016148,-2.0,2.675471782684326
4018138,16.0,2.7063732147216797
4021168,5.0,2.6875674724578857
4024510,7.0,2.6842589378356934
4028008,3.0,2.6859984397888184
4030810,12.0,2.691253900527954
4033492,11.0,2.6937129497528076
4036641,10.0,2.658909797668457
4039694,6.0,2.710298776626587
4043023,-4.0,2.658842086791992
4046504,5.0,2.6491518020629883
4049834,5.0,2.671442985534668
4052694,9.0,2.6731338500976562
4056424,-1.0,2.677210807800293
4059335,10.0,2.6574134826660156
4062684,5.0,2.6372551918029785
4065984,6.0,2.671765089035034
4069482,3.0,2.6606383323669434
4073506,4.0,2.6893787384033203
4077060,-2.0,2.616063356399536
4080305,-1.0,2.674168586730957
4083595,6.0,2.694096326828003
4085571,17.0,2.715808391571045
4088255,12.0,2.6888139247894287
4092168,-5.0,2.673445701599121
4095214,6.0,2.662240505218506
4098410,-2.0,2.6898536682128906
4101193,8.0,2.696206569671631
4104580,-3.0,2.7360339164733887
4107325,8.0,2.6903076171875
4110338,-7.0,2.694547414779663
4113887,-1.0,2.669015645980835
4117067,4.0,2.6271886825561523
4120639,-4.0,2.7013492584228516
4123832,4.0,2.6805760860443115
4127648,2.0,2.693225383758545
4129883,-9.0,2.6904637813568115
4132959,4.0,2.687807321548462
4135392,11.0,2.6958982944488525
4138979,4.0,2.6969563961029053
4142205,-5.0,2.695444107055664
4145280,10.0,2.69533634185791
4148310,6.0,2.6979665756225586
4150878,12.0,2.679823398590088
4153797,8.0,2.6839852333068848
4157223,-3.0,2.635728359222412
4160480,3.0,2.6868293285369873
4163955,-2.0,2.6886963844299316
4167147,5.0,2.6890177726745605
4170421,6.0,2.68520450592041
4173942,3.0,2.692586660385132
4176540,10.0,2.6926956176757812
4179405,-6.0,2.680821418762207
4182694,4.0,2.6870079040527344
4185517,7.0,2.677886962890625
4188950,4.0,2.664623737335205
4192169,4.0,2.6952426433563232
4195654,-7.0,2.6776022911071777
4199065,1.0,2.6985063552856445
4201649,14.0,2.673530101776123
4204736,-5.0,2.690973997116089
4207742,-4.0,2.6771316528320312
4211096,5.0,2.6721725463867188
4214505,10.0,2.6403181552886963
4217453,-2.0,2.6672158241271973
4220962,8.0,2.6903743743896484
4223420,-9.0,2.672863483428955
4227062,5.0,2.6943976879119873
4229879,7.0,2.6804609298706055
4233188,5.0,2.6799814701080322
4236304,-4.0,2.6861886978149414
4239113,12.0,2.6975204944610596
4242947,-1.0,2.6607987880706787
4245820,-5.0,2.6729650497436523
4248241,12.0,2.664396286010742
4250755,14.0,2.661001443862915
4254412,-7.0,2.6842379570007324
4257940,6.0,2.6579718589782715
4261320,2.0,2.6562840938568115
4264513,7.0,2.6784770488739014
4267896,-1.0,2.6632370948791504
4270972,-9.0,2.6591274738311768
4274805,2.0,2.669504165649414
4277510,13.0,2.6813278198242188
4280653,-2.0,2.6642096042633057
4283677,-1.0,2.673849105834961
4287346,2.0,2.6350817680358887
4291047,2.0,2.6579208374023438
4294188,-5.0,2.662787914276123
4296600,11.0,2.659698963165283
4299359,11.0,2.680384874343872
4302582,2.0,2.6726417541503906
4305204,11.0,2.6834723949432373
4308178,5.0,2.675487518310547
4311305,4.0,2.679034471511841
4314467,-5.0,2.59281587600708
4317375,-3.0,2.658024549484253
4320495,2.0,2.662653684616089
4323537,-5.0,2.6448001861572266
4326421,-5.0,2.672116279602051
4329526,6.0,2.6324691772460938
4332436,2.0,2.6426684856414795
4335417,-1.0,2.6457600593566895
4338301,-5.0,2.6589035987854004
4341754,-2.0,2.633976936340332
4345677,-1.0,2.583862066268921
4349559,3.0,2.6540095806121826
4352344,10.0,2.6425251960754395
4355356,5.0,2.6457414627075195
4359151,-1.0,2.650761604309082
4362174,7.0,2.63981032371521
4364316,-10.0,2.626619338989258
4367714,-2.0,2.6441147327423096
4370668,-3.0,2.6483678817749023
4373744,-3.0,2.6578848361968994
4376909,7.0,2.648919105529785
4379147,-12.0,2.6376547813415527
4382521,-1.0,2.642702579498291
4385899,1.0,2.6390209197998047
4388940,1.0,2.638237476348877
4391561,6.0,2.5927724838256836
4394145,8.0,2.635345935821533
4398080,-2.0,2.6354339122772217
4401861,-1.0,2.6082146167755127
4404795,-4.0,2.6276612281799316
4407536,-4.0,2.619950294494629
4411307,3.0,2.614678144454956
4414493,4.0,2.6453537940979004
4417785,2.0,2.6283411979675293
4420263,13.0,2.626962661743164
4423080,-3.0,2.6364972591400146
4425800,7.0,2.636775016784668
4429361,1.0,2.5793583393096924
4432568,3.0,2.6489953994750977
4434992,-12.0,2.6134886741638184
4438456,4.0,2.627669334411621
4441213,5.0,2.6272051334381104
4443631,13.0,2.615838050842285
4446938,-1.0,2.614133358001709
4450281,11.0,2.6198441982269287
4453459,6.0,2.627976179122925
4456762,7.0,2.6228408813476562
4459667,7.0,2.61195707321167
4462456,8.0,2.6121959686279297
4465127,9.0,2.6244213581085205
4468212,5.0,2.5693650245666504
4470785,10.0,2.5985450744628906
4473719,7.0,2.610875129699707
4476773,4.0,2.6014769077301025
4479285,13.0,2.630530834197998
4483021,1.0,2.625375270843506
4486423,2.0,2.6208832263946533
4489318,9.0,2.6314194202423096
4492680,-1.0,2.5994787216186523
4495102,11.0,2.615507125854492
4498282,-6.0,2.625432252883911
4500954,-4.0,2.57735538482666
4503474,10.0,2.5995771884918213
4506057,14.0,2.6220762729644775
4508860,-4.0,2.6016063690185547
4512641,1.0,2.633528709411621
4515442,11.0,2.585901975631714
4518658,-5.0,2.616502285003662
4521920,1.0,2.622997283935547
4524044,-9.0,2.6388351917266846
4526654,5.0,2.6229500770568848
4528803,15.0,2.619140625
4531437,-5.0,2.633456230163574
4534468,-4.0,2.631141185760498
4537385,1.0,2.6042556762695312
4540998,-1.0,2.6148486137390137
4544695,-1.0,2.614492893218994
4548058,-1.0,2.628779411315918
4551016,8.0,2.622913360595703
4553741,12.0,2.6083383560180664
4557307,1.0,2.617598056793213
4559788,13.0,2.6124143600463867
4562408,10.0,2.615022659301758
4564671,14.0,2.6349740028381348
4567540,9.0,2.6346874237060547
4570852,-1.0,2.619568109512329
4573935,4.0,2.611267328262329
4576430,10.0,2.6183738708496094
4579490,4.0,2.647988796234131
4582751,-1.0,2.6283020973205566
4585330,11.0,2.64298677444458
4588639,-1.0,2.629875659942627
4591055,14.0,2.6037538051605225
4593846,8.0,2.613572597503662
4596690,5.0,2.6165215969085693
4599814,4.0,2.632622480392456
4602861,-10.0,2.617187738418579
4605434,-7.0,2.5973615646362305
4607908,-7.0,2.624967336654663
4610743,2.0,2.5851712226867676
4613624,-1.0,2.5654220581054688
4616838,2.0,2.6172451972961426
4620501,1.0,2.622016191482544
4623424,7.0,2.6194305419921875
4626004,6.0,2.6351332664489746
4628577,7.0,2.6281208992004395
4630791,16.0,2.625016689300537
4633685,4.0,2.620743751525879
4635723,17.0,2.586233139038086
4638532,11.0,2.6281375885009766
4641413,4.0,2.608739137649536
4645180,-1.0,2.589890480041504
4648132,5.0,2.6199026107788086
4650967,8.0,2.631136894226074
4654465,3.0,2.606689214706421
4657127,10.0,2.6175923347473145
4660164,7.0,2.601614475250244
4662770,14.0,2.5690383911132812
4666101,3.0,2.6014208793640137
4668498,14.0,2.599496841430664
4671528,5.0,2.632793426513672
4674580,7.0,2.6178176403045654
4677695,3.0,2.5921683311462402
4680161,13.0,2.5685720443725586
4683081,3.0,2.6033027172088623
4686687,-1.0,2.6066651344299316
4689807,-1.0,2.599376916885376
4692222,9.0,2.61588191986084
4694984,8.0,2.624363899230957
4698011,5.0,2.6039648056030273
4701126,2.0,2.6094369888305664
4704545,1.0,2.633108139038086
4707782,-1.0,2.6193134784698486
4710867,9.0,2.6072802543640137
4714267,4.0,2.6112115383148193
4716636,10.0,2.596817970275879
4720044,1.0,2.607318162918091
4722860,7.0,2.6271305084228516
4725235,-10.0,2.6144862174987793
4728384,-6.0,2.6252195835113525
4731459,2.0,2.602144718170166
4733948,14.0,2.6234889030456543
4736794,5.0,2.6158370971679688
4739773,-5.0,2.607456922531128
4742798,5.0,2.613621711730957
4746024,5.0,2.616467237472534
4749160,4.0,2.5897417068481445
4752172,7.0,2.625208854675293
4754744,13.0,2.5991806983947754
4757987,5.0,2.6282691955566406
4759959,-14.0,2.6376402378082275
4762961,7.0,2.6389169692993164
4765165,14.0,2.6313846111297607
4768046,8.0,2.6435375213623047
4770464,8.0,2.6209750175476074
4773860,4.0,2.640817165374756
4776821,5.0,2.627460479736328
4779755,5.0,2.6585769653320312
4782364,-9.0,2.642028331756592
4785248,4.0,2.6292014122009277
4788626,7.0,2.6505286693573
4791284,6.0,2.6504998207092285
4795158,2.0,2.6481070518493652
4797658,11.0,2.644289493560791
4801177,1.0,2.619173288345337
4804491,1.0,2.634488582611084
4807653,6.0,2.621469497680664
4810782,-4.0,2.621525526046753
4813034,13.0,2.632254123687744
4815837,7.0,2.628244638442993
4818642,11.0,2.6182403564453125
4822027,-1.0,2.6258010864257812
4824674,8.0,2.6212472915649414
4827579,-7.0,2.641784191131592
4830248,5.0,2.6147546768188477
4833527,2.0,2.6240131855010986
4835982,8.0,2.6472246646881104
4838377,10.0,2.606228828430176
4841690,3.0,2.5992956161499023
4845026,-3.0,2.6273767948150635
4848087,6.0,2.6298086643218994
4850710,11.0,2.6305127143859863
4854385,2.0,2.6010680198669434
4857206,5.0,2.6229074001312256
4860595,-1.0,2.576089859008789
4863190,11.0,2.6144847869873047
4866267,5.0,2.6332669258117676
4869268,9.0,2.6075494289398193
4871703,8.0,2.6323494911193848
4874434,11.0,2.636861562728882
4877520,-3.0,2.62306547164917
4880176,10.0,2.620454788208008
4883500,-1.0,2.6053147315979004
4886671,4.0,2.602055549621582
4890042,1.0,2.563612461090088
4892204,14.0,2.6073529720306396
4894685,10.0,2.6384153366088867
4897336,9.0,2.6105501651763916
4899953,12.0,2.60845947265625
4902077,11.0,2.6076180934906006
4904534,9.0,2.6122756004333496
4906870,13.0,2.6086840629577637
4910075,-1.0,2.608873128890991
4913704,-1.0,2.6072754859924316
4916094,13.0,2.6306214332580566
4919097,-8.0,2.6012723445892334
4922504,1.0,2.6166186332702637
4925948,2.0,2.6219892501831055
4928570,12.0,2.590467929840088
4932159,-2.0,2.614236831665039
4934960,5.0,2.6112704277038574
4938177,6.0,2.607268810272217
4940814,8.0,2.616560935974121
4943026,-14.0,2.6082491874694824
4945852,-1.0,2.545274019241333
4948850,6.0,2.6133108139038086
4952228,4.0,2.6053264141082764
4954935,9.0,2.609384059906006
4958206,3.0,2.610677719116211
4961327,-2.0,2.6011409759521484
4964853,1.0,2.593907117843628
4967864,8.0,2.5961923599243164
4970972,5.0,2.5830135345458984
4973690,11.0,2.608311653137207
4975649,18.0,2.5917787551879883
4978431,9.0,2.603602886199951
4981149,5.0,2.5408987998962402
4983887,12.0,2.597926139831543
4986423,14.0,2.5947446823120117
4989277,9.0,2.546057939529419
4992072,6.0,2.592496395111084
4994203,16.0,2.589144468307495
4997331,-9.0,2.600161552429199
4999784,15.0,2.6072030067443848
5002923,3.0,2.594897747039795
5005672,5.0,2.5764400959014893
5008874,-1.0,2.5756659507751465
5011508,10.0,2.5390734672546387
5014516,7.0,2.5164599418640137
5017558,-1.0,2.5769052505493164
5020820,2.0,2.5677685737609863
5024279,-5.0,2.5929715633392334
5027023,8.0,2.577664852142334
5030094,8.0,2.571479558944702
5032230,16.0,2.580078125
5035359,7.0,2.576822519302368
5038187,13.0,2.5671207904815674
5041159,10.0,2.5755348205566406
5044796,-1.0,2.5735130310058594
5048048,2.0,2.5608625411987305
5051870,-1.0,2.566466808319092
5055209,3.0,2.568056583404541
5057708,12.0,2.523289680480957
5060710,12.0,2.5694422721862793
5063477,4.0,2.55623459815979
5066653,6.0,2.57149076461792
5069741,5.0,2.5686821937561035
5072326,10.0,2.5780041217803955
5075047,-5.0,2.5675339698791504
5077582,9.0,2.574429512023926
5080801,2.0,2.563892364501953
5083940,3.0,2.5627055168151855
5086860,7.0,2.573223352432251
5089369,12.0,2.549015998840332
5092438,5.0,2.5565810203552246
5095213,10.0,2.573150157928467
5097959,8.0,2.578920364379883
5100126,15.0,2.5149898529052734
5102686,10.0,2.563150405883789
5106784,-1.0,2.5694103240966797
5110515,-1.0,2.560365915298462
5113639,4.0,2.5645782947540283
5116771,3.0,2.5631654262542725
5120279,5.0,2.5781259536743164
5123270,-8.0,2.5450210571289062
5126713,6.0,2.5346202850341797
5129785,7.0,2.540564775466919
5133054,4.0,2.564131259918213
5135731,13.0,2.5251305103302
5138498,-4.0,2.552826404571533
5141707,6.0,2.5579311847686768
5143895,15.0,2.491307497024536
5146741,6.0,2.5535597801208496
5150510,-1.0,2.555572271347046
5153390,9.0,2.562211751937866
5156583,9.0,2.544182777404785
5159454,10.0,2.5507378578186035
5162662,-1.0,2.554581642150879
5165639,6.0,2.502592086791992
5168822,4.0,2.5520598888397217
5171140,14.0,2.5543904304504395
5174407,5.0,2.537321090698242
5176558,15.0,2.536917209625244
5179505,5.0,2.548490524291992
5182377,5.0,2.556471347808838
5186072,4.0,2.545487642288208
5188104,16.0,2.5455851554870605
5190478,12.0,2.5320873260498047
5194135,-1.0,2.545165538787842
5197261,-3.0,2.5496530532836914
5200643,-5.0,2.5439577102661133
5203484,6.0,2.488800525665283
5206636,-1.0,2.553553342819214
5210081,6.0,2.5407767295837402
5213220,3.0,2.541715145111084
5215748,12.0,2.544973850250244
5218888,-1.0,2.5167009830474854
5222270,-2.0,2.5596938133239746
5225170,7.0,2.5473647117614746
5228190,7.0,2.498910427093506
5231128,6.0,2.5399169921875
5233998,4.0,2.5358643531799316
5237021,4.0,2.5436387062072754
5240100,3.0,2.502415180206299
5243724,-1.0,2.549726724624634
5246442,13.0,2.5079362392425537
5249377,5.0,2.5408735275268555
5252423,-1.0,2.554652214050293
5255672,-1.0,2.543208122253418
5258018,14.0,2.5247316360473633
5261027,3.0,2.544820785522461
5264327,-1.0,2.5522453784942627
5267824,1.0,2.556619882583618
5270830,3.0,2.55094051361084
5274307,-1.0,2.550304412841797
5277388,4.0,2.4896717071533203
5280205,4.0,2.523085117340088
5283587,2.0,2.52889084815979
5286890,-1.0,2.5360140800476074
5290115,6.0,2.5358924865722656
5293281,2.0,2.5218634605407715
5296136,6.0,2.537529468536377
5298816,10.0,2.51179838180542
5301729,11.0,2.5322794914245605
5304843,-1.0,2.537515163421631
5307907,1.0,2.4609076976776123
5311020,-1.0,2.55850887298584
5314709,-1.0,2.5436947345733643
5317839,4.0,2.5486249923706055
5320939,-1.0,2.548596143722534
5324206,3.0,2.5387213230133057
5326898,-6.0,2.5491220951080322
5329250,-7.0,2.5325887203216553
5332183,6.0,2.540907382965088
5335454,-1.0,2.5226693153381348
5338493,5.0,2.5470991134643555
5341305,-9.0,2.5336356163024902
5344444,4.0,2.4730215072631836
5347765,3.0,2.4891767501831055
5350437,9.0,2.514937162399292
5353575,-1.0,2.5430307388305664
5356727,-7.0,2.5342555046081543
5360118,-1.0,2.52913236618042
5362902,-8.0,2.5180740356445312
5366106,3.0,2.515231132507324
5369096,5.0,2.545250415802002
5371668,10.0,2.535013437271118
5374415,8.0,2.528848886489868
5377624,-5.0,2.546928882598877
5381136,2.0,2.529371738433838
5384059,5.0,2.5409793853759766
5387041,12.0,2.5308783054351807
5390147,2.0,2.534851312637329
5392950,11.0,2.5453407764434814
5396477,4.0,2.5336360931396484
5399767,2.0,2.5109238624572754
5402994,-1.0,2.5209078788757324
5406406,-1.0,2.5091757774353027
5409413,8.0,2.5258049964904785
5412442,5.0,2.514596939086914
5415408,-1.0,2.5192646980285645
5418640,-1.0,2.5232670307159424
5421836,2.0,2.474480152130127
5424175,11.0,2.526599407196045
5426642,-4.0,2.5146989822387695
5430060,-1.0,2.5154483318328857
5432988,7.0,2.519355535507202
5436559,1.0,2.4851269721984863
5439654,4.0,2.519886016845703
5442745,-1.0,2.522116184234619
5445447,-7.0,2.5172128677368164
5448490,-6.0,2.453442096710205
5450774,15.0,2.5133447647094727
5453707,7.0,2.5020735263824463
5457019,4.0,2.418105363845825
5460568,-1.0,2.491208076477051
5463542,-2.0,2.509140968322754
5466589,7.0,2.515139102935791
5469667,6.0,2.511320114135742
5472669,5.0,2.5193421840667725
5476198,1.0,2.518876314163208
5479041,1.0,2.5015177726745605
5481949,11.0,2.4993700981140137
5485021,7.0,2.5098423957824707
5487435,9.0,2.499986171722412
5490965,-1.0,2.5165562629699707
5494174,3.0,2.5122251510620117
5497830,1.0,2.50077486038208
5501190,1.0,2.4718003273010254
5503801,7.0,2.5105886459350586
5506015,-9.0,2.520128011703491
5508635,9.0,2.4872870445251465
5512148,5.0,2.503758192062378
5515034,9.0,2.5062761306762695
5517733,10.0,2.503432035446167
5521419,-1.0,2.511789083480835
5524046,11.0,2.4772238731384277
5527600,1.0,2.4446864128112793
5529855,12.0,2.492842197418213
5532076,16.0,2.5011115074157715
5534933,6.0,2.421267032623291
5538144,5.0,2.489719867706299
5540889,8.0,2.434706687927246
5544129,-5.0,2.4507808685302734
5547435,-5.0,2.4907031059265137
5550152,5.0,2.490476131439209
5553660,3.0,2.4896020889282227
5556370,11.0,2.4690656661987305
5558569,11.0,2.5020546913146973
5561769,-1.0,2.501596689224243
5564619,7.0,2.4981045722961426
5568155,-1.0,2.5049171447753906
5571353,10.0,2.500845432281494
5573339,17.0,2.475084066390991
5576305,8.0,2.4984662532806396
5578980,13.0,2.492295026779175
5582096,5.0,2.5150671005249023
5584908,12.0,2.509335517883301
5588325,-1.0,2.509408950805664
5591582,1.0,2.493851661682129
5594790,5.0,2.4589624404907227
5597749,8.0,2.4971561431884766
5600381,-8.0,2.515350341796875
5603867,-1.0,2.4702820777893066
5607339,4.0,2.487150192260742
5610827,5.0,2.4854187965393066
5613963,10.0,2.489394426345825
5617124,5.0,2.4961962699890137
5620229,3.0,2.4764814376831055
5623306,1.0,2.4779088497161865
5626663,-1.0,2.480316400527954
5629612,-3.0,2.4741568565368652
5632744,5.0,2.4616355895996094
5636124,-1.0,2.492455005645752
5639140,1.0,2.495043992996216
5642872,2.0,2.4833641052246094
5646500,2.0,2.4775588512420654
5649513,6.0,2.465195894241333
5652148,-8.0,2.484513282775879
5655177,6.0,2.4959938526153564
5658353,-1.0,2.47885799407959
5661730,2.0,2.4673171043395996
5665028,2.0,2.4894919395446777
5668505,1.0,2.444657325744629
5671251,10.0,2.4702610969543457
5675098,2.0,2.42533278465271
5678325,1.0,2.474886178970337
5681216,11.0,2.457789897918701
5684080,-3.0,2.470258951187134
5686693,9.0,2.4698314666748047
5690213,-1.0,2.4672045707702637
5692386,18.0,2.473137855529785
5695060,8.0,2.4703755378723145
5698309,-1.0,2.440667152404785
5701762,-3.0,2.464012622833252
5704325,8.0,2.4770030975341797
5706491,11.0,2.457289457321167
5709729,-1.0,2.4515974521636963
5711643,19.0,2.4802322387695312
5715011,-1.0,2.4577393531799316
5718117,-1.0,2.4050533771514893
5721719,1.0,2.441584825515747
5725061,2.0,2.4486188888549805
5728253,-4.0,2.404613494873047
5731316,-1.0,2.452211380004883
5733719,14.0,2.4572956562042236
5736303,10.0,2.4640698432922363
5739302,5.0,2.4931857585906982
5742596,-1.0,2.4558725357055664
5745071,13.0,2.4765117168426514
5747326,15.0,2.468033790588379
5749723,12.0,2.4582157135009766
5752464,7.0,2.4413247108459473
5754732,12.0,2.4754085540771484
5758555,-1.0,2.405625343322754
5761760,2.0,2.421600818634033
5764780,6.0,2.4564526081085205
5768011,6.0,2.438089370727539
5770617,13.0,2.4565377235412598
5773312,8.0,2.4509968757629395
5775363,18.0,2.4393770694732666
5778922,-1.0,2.4539787769317627
5781668,-4.0,2.4609100818634033
5785099,5.0,2.4399337768554688
5788712,3.0,2.457151412963867
5791526,10.0,2.445155382156372
5794044,11.0,2.396254062652588
5798002,1.0,2.425220012664795
5801938,-1.0,2.4418892860412598
5804010,15.0,2.4365758895874023
5806255,17.0,2.451780080795288
5809497,7.0,2.4308550357818604
5812371,10.0,2.380890369415283
5815591,7.0,2.4539284706115723
5818848,4.0,2.440676212310791
5821253,13.0,2.45188045501709
5824006,-1.0,2.4593405723571777
5827242,6.0,2.4274556636810303
5830046,-1.0,2.4416592121124268
5832253,16.0,2.431396007537842
5835470,9.0,2.4236786365509033
5838523,6.0,2.450065851211548
5842017,-1.0,2.4312381744384766
5844738,15.0,2.455409288406372
5847683,7.0,2.4342215061187744
5850619,10.0,2.4285402297973633
5853054,14.0,2.462765693664551
5855959,8.0,2.4388883113861084
5859533,-1.0,2.4520089626312256
5861927,13.0,2.4535388946533203
5865072,7.0,2.439800262451172
5867766,10.0,2.4519379138946533
5870251,11.0,2.423987865447998
5874339,-1.0,2.4338808059692383
5877309,6.0,2.424858808517456
5880198,12.0,2.371157646179199
5883225,6.0,2.436760902404785
5886051,11.0,2.418060302734375
5888665,7.0,2.4202234745025635
5891740,6.0,2.4400460720062256
5894737,-9.0,2.424084186553955
5897325,11.0,2.4166343212127686
5900287,6.0,2.3818745613098145
5902854,14.0,2.42275333404541
5906606,-1.0,2.437678337097168
5908694,14.0,2.425736665725708
5911657,6.0,2.370008945465088
5915029,-1.0,2.409777879714966
5918187,6.0,2.43123459815979
5921177,9.0,2.4267797470092773
5924520,3.0,2.3970866203308105
5927789,5.0,2.4456114768981934
5931216,6.0,2.4011335372924805
5933945,9.0,2.3936398029327393
5937124,9.0,2.437166213989258
5940295,-1.0,2.4296669960021973
5943169,-5.0,2.409541368484497
5946294,-1.0,2.397650718688965
5949166,9.0,2.4289345741271973
5951557,11.0,2.421107053756714
5954132,10.0,2.4091672897338867
5957779,5.0,2.4183616638183594
5960361,11.0,2.4347174167633057
5963140,8.0,2.4047865867614746
5966435,2.0,2.374025821685791
5970126,-1.0,2.411931276321411
5973532,5.0,2.413541316986084
5976729,-1.0,2.407766819000244
5980189,4.0,2.406705856323242
5982907,9.0,2.4136457443237305
5985347,10.0,2.435762405395508
5988885,-1.0,2.4040474891662598
5992314,-1.0,2.4125962257385254
5995065,11.0,2.4042091369628906
5998292,-1.0,2.3374810218811035
6001354,-1.0,2.4211394786834717
6004514,6.0,2.414842128753662
6006916,11.0,2.4160540103912354
6009228,13.0,2.3837409019470215
6012456,-1.0,2.4187169075012207
6015538,-1.0,2.415484666824341
6019041,-1.0,2.41719388961792
6022207,3.0,2.434729814529419
6025137,-1.0,2.4195940494537354
6028117,3.0,2.4150924682617188
6030638,13.0,2.4034340381622314
6033495,6.0,2.4326484203338623
6037028,-1.0,2.4103782176971436
6039881,10.0,2.3968722820281982
6042222,16.0,2.418337345123291
6045544,1.0,2.4211742877960205
6048372,11.0,2.300739288330078
6050928,8.0,2.4150619506835938
6054358,3.0,2.422159194946289
6057017,12.0,2.4139862060546875
6060382,-1.0,2.4131593704223633
6063285,7.0,2.4032111167907715
6066111,9.0,2.4328970909118652
6069337,8.0,2.416293144226074
6072469,3.0,2.4261999130249023
6074678,15.0,2.400439739227295
6077066,13.0,2.42211651802063
6080980,-1.0,2.4045867919921875
6084205,-4.0,2.4258546829223633
6086806,8.0,2.396402359008789
6090359,-3.0,2.4204299449920654
6092808,14.0,2.4360899925231934
6095401,14.0,2.416707754135132
6098946,-1.0,2.4239919185638428
6101412,12.0,2.404669761657715
6104589,-1.0,2.4278273582458496
6107646,-1.0,2.3825950622558594
6110528,12.0,2.3948135375976562
6113394,6.0,2.42236328125
6116337,10.0,2.3207926750183105
6119686,-1.0,2.371521472930908
6122280,16.0,2.3819971084594727
6125479,9.0,2.3506579399108887
6128539,10.0,2.425112247467041
6131704,3.0,2.422675132751465
6134512,10.0,2.4091310501098633
6136898,12.0,2.399665117263794
6140105,6.0,2.40423846244812
6143117,6.0,2.422478437423706
6145615,13.0,2.418928861618042
6147929,16.0,2.407329797744751
6150822,4.0,2.397775650024414
6153694,12.0,2.4032719135284424
6156805,2.0,2.3698301315307617
6159323,10.0,2.4190244674682617
6162522,5.0,2.4095101356506348
6165844,-1.0,2.3933541774749756
6168270,15.0,2.411036491394043
6171039,8.0,2.3974218368530273
6173669,5.0,2.3915326595306396
6177207,-1.0,2.4155237674713135
6180352,8.0,2.35982346534729
6182728,14.0,2.3933253288269043
6185899,-1.0,2.384875774383545
6188950,8.0,2.410921096801758
6191801,8.0,2.426389694213867
6194340,16.0,2.405897855758667
6197547,2.0,2.3978734016418457
6200171,11.0,2.422144889831543
6202027,18.0,2.419102191925049
6204708,8.0,2.396121025085449
6207831,9.0,2.372288942337036
6210693,6.0,2.3946123123168945
6213787,4.0,2.3991446495056152
6216936,-1.0,2.40795636177063
6220682,-1.0,2.397037982940674
6224452,1.0,2.3620710372924805
6226722,17.0,2.4203765392303467
6230257,5.0,2.3866498470306396
6233873,3.0,2.3947596549987793
6236475,11.0,2.3959689140319824
6239539,4.0,2.397904872894287
6242547,5.0,2.4060089588165283
6245934,5.0,2.4091110229492188
6249224,-1.0,2.4147863388061523
6253213,-1.0,2.3398869037628174
6256919,4.0,2.3940844535827637
6259881,8.0,2.403468370437622
6263416,-1.0,2.393463611602783
6266567,-3.0,2.406768321990967
6269268,9.0,2.4050095081329346
6272141,13.0,2.411898136138916
6275125,7.0,2.4121010303497314
6278471,3.0,2.399714231491089
6281844,-2.0,2.414785385131836
6284380,12.0,2.40162992477417
6286763,11.0,2.3977084159851074
6289163,12.0,2.3944897651672363
6292118,11.0,2.413809061050415
6295626,-1.0,2.375472068786621
6297980,10.0,2.405604362487793
6300349,11.0,2.406899929046631
6303424,7.0,2.3550965785980225
6307041,-1.0,2.4108269214630127
6309085,17.0,2.414052963256836
6312455,3.0,2.380679130554199
6314824,10.0,2.3981404304504395
6318006,2.0,2.4017081260681152
6321660,-1.0,2.374379873275757
6324983,-1.0,2.4009625911712646
6327960,-1.0,2.3553524017333984
6330914,1.0,2.4020919799804688
6333402,10.0,2.359633445739746
6336642,2.0,2.4136199951171875
6338801,16.0,2.3799893856048584
6342536,-1.0,2.3758959770202637
6345564,1.0,2.395047187805176
6348602,8.0,2.413193941116333
6351173,4.0,2.39404034614563
6354738,-1.0,2.3983535766601562
6357694,4.0,2.396564245223999
6360099,13.0,2.4047348499298096
6363486,2.0,2.400960683822632
6366377,7.0,2.3633389472961426
6368669,14.0,2.4202075004577637
6371635,4.0,2.3885955810546875
6373870,12.0,2.377767562866211
6376878,1.0,2.3648765087127686
6379611,8.0,2.365858554840088
6381798,16.0,2.349931240081787
6385102,-1.0,2.4213767051696777
6388032,3.0,2.3947019577026367
6390697,12.0,2.396423816680908
6393872,8.0,2.396839141845703
6396563,11.0,2.391073226928711
6399062,17.0,2.3955960273742676
6402430,1.0,2.404155731201172
6405120,14.0,2.3851163387298584
6408508,2.0,2.4057393074035645
6411777,6.0,2.3731131553649902
6414806,10.0,2.375898838043213
6418377,-1.0,2.3914365768432617
6421328,5.0,2.3786754608154297
6424443,3.0,2.3960633277893066
6426513,13.0,2.4008312225341797
6429352,13.0,2.3914215564727783
6432312,9.0,2.340459108352661
6435499,4.0,2.384634494781494
6438454,10.0,2.388570785522461
6441319,8.0,2.4068541526794434
6443726,16.0,2.3997321128845215
6446623,9.0,2.345032215118408
6450219,5.0,2.3747527599334717
6453236,6.0,2.3248820304870605
6456776,-1.0,2.3773601055145264
6460283,-1.0,2.3801493644714355
6463148,9.0,2.374197483062744
6465764,13.0,2.3877267837524414
6468938,5.0,2.375488758087158
6472133,1.0,2.382402181625366
6475037,8.0,2.3771281242370605
6478314,3.0,2.3967113494873047
6481619,-1.0,2.3913393020629883
6484810,-1.0,2.395857810974121
6487420,11.0,2.3768742084503174
6490422,5.0,2.361086368560791
6493620,-4.0,2.390207529067993
6497184,1.0,2.3813233375549316
6500537,-1.0,2.384768009185791
6503289,12.0,2.377986431121826
6505723,12.0,2.382188320159912
6509178,4.0,2.3513710498809814
6511426,13.0,2.3871140480041504
6514443,1.0,2.3891866207122803
6516947,12.0,2.3770947456359863
6519779,7.0,2.3783726692199707
6523123,-1.0,2.3936514854431152
6526622,-1.0,2.3899085521698
6529578,7.0,2.3635120391845703
6532817,-1.0,2.3898396492004395
6536248,3.0,2.3868985176086426
6539303,2.0,2.3916308879852295
6543073,3.0,2.3788487911224365
6546206,6.0,2.369211435317993
6549808,1.0,2.3682870864868164
6552939,-3.0,2.3839354515075684
6556633,6.0,2.3722445964813232
6559180,8.0,2.3711323738098145
6561603,12.0,2.3729372024536133
6564733,6.0,2.321894884109497
6567374,12.0,2.3684821128845215
6570614,-1.0,2.3733575344085693
6572628,16.0,2.3723156452178955
6576222,-1.0,2.4060909748077393
6579667,1.0,2.376990556716919
6582843,-1.0,2.363643169403076
6585695,7.0,2.373088836669922
6588613,5.0,2.3777432441711426
6591378,-8.0,2.3833465576171875
6594096,7.0,2.3552157878875732
6597252,-1.0,2.324618339538574
6600245,7.0,2.3960983753204346
6603696,4.0,2.3668124675750732
6606374,12.0,2.3416991233825684
6609382,10.0,2.383513927459717
6612632,2.0,2.323347806930542
6616140,1.0,2.3734521865844727
6619192,-1.0,2.331806182861328
6622112,7.0,2.36922550201416
6625530,-1.0,2.391354560852051
6628278,10.0,2.377960205078125
6630631,13.0,2.3893561363220215
6633095,9.0,2.358860492706299
6636476,3.0,2.379384994506836
6640247,2.0,2.3721065521240234
6643048,10.0,2.3696486949920654
6645751,10.0,2.3702101707458496
6649462,-1.0,2.3517708778381348
6652617,-1.0,2.3590517044067383
6655259,6.0,2.3841452598571777
6657706,15.0,2.3322019577026367
6661384,-1.0,2.3755009174346924
6664533,7.0,2.3738162517547607
6667756,7.0,2.389962673187256
6671097,-1.0,2.365797996520996
6674443,-1.0,2.3799991607666016
6677484,8.0,2.3557028770446777
6680885,3.0,2.3650856018066406
6682687,-15.0,2.3577821254730225
6684944,-11.0,2.3794009685516357
6688031,3.0,2.3603177070617676
6691276,-1.0,2.356006383895874
6694054,5.0,2.3545913696289062
6697432,-1.0,2.361644744873047
6700709,-1.0,2.382899045944214
6704156,-1.0,2.3468332290649414
6707858,1.0,2.3780508041381836
6710933,2.0,2.363388776779175
6714477,4.0,2.375685691833496
6717174,-7.0,2.36578106880188
6720507,2.0,2.38081693649292
6723103,10.0,2.363110065460205
6726283,-1.0,2.3018150329589844
6729457,-1.0,2.3623063564300537
6732117,9.0,2.3451642990112305
6735037,8.0,2.341604709625244
6737751,8.0,2.35422945022583
6741105,-1.0,2.361114025115967
6744192,9.0,2.3719234466552734
6746899,11.0,2.369901180267334
6749660,14.0,2.3683738708496094
6752668,6.0,2.352969169616699
6755364,9.0,2.358834981918335
6758647,2.0,2.329385280609131
6761852,-3.0,2.3259758949279785
6764780,-4.0,2.344421863555908
6767910,-1.0,2.347945213317871
6770552,-6.0,2.3040947914123535
6772611,16.0,2.3407135009765625
6775122,12.0,2.3045654296875
6778199,-1.0,2.3398311138153076
6781011,6.0,2.3451309204101562
6784107,-3.0,2.289336919784546
6787558,1.0,2.355496406555176
6790732,7.0,2.30723237991333
6793641,1.0,2.3470189571380615
6796072,10.0,2.359057903289795
6798856,10.0,2.325608968734741
6802124,2.0,2.3438591957092285
6805945,-1.0,2.3373870849609375
6809579,-1.0,2.3636622428894043
6812281,12.0,2.349346876144409
6815150,6.0,2.342496871948242
6818472,3.0,2.341036796569824
6821871,-1.0,2.361720561981201
6825098,-5.0,2.265296697616577
6828565,-1.0,2.3231821060180664
6831647,4.0,2.3389782905578613
6834505,3.0,2.3687655925750732
6837596,9.0,2.3403563499450684
6840315,10.0,2.332789421081543
6843970,3.0,2.3085861206054688
6846807,9.0,2.336667060852051
6849936,-1.0,2.3284268379211426
6853398,4.0,2.3417060375213623
6856308,6.0,2.3361997604370117
6858887,13.0,2.3033928871154785
6862250,-1.0,2.3257369995117188
6865178,12.0,2.3400869369506836
6868212,-1.0,2.344747543334961
6871004,9.0,2.33079195022583
6874605,-1.0,2.308495283126831
6877268,15.0,2.3558719158172607
6881080,-1.0,2.3100688457489014
6884070,6.0,2.2843098640441895
6887216,8.0,2.296536445617676
6890640,-1.0,2.2819836139678955
6893668,3.0,2.2953643798828125
6896620,9.0,2.322402000427246
6899848,6.0,2.3190460205078125
6903454,-1.0,2.311553716659546
6907292,2.0,2.3155970573425293
6910297,5.0,2.3355467319488525
6913889,-1.0,2.3239550590515137
6916464,14.0,2.3261783123016357
6918892,9.0,2.3351082801818848
6921730,5.0,2.275045156478882
6925123,-1.0,2.295438289642334
6928704,-1.0,2.322751760482788
6932254,-1.0,2.3133366107940674
6934925,8.0,2.3152318000793457
6937493,-10.0,2.3253872394561768
6940769,-5.0,2.2887887954711914
6944543,1.0,2.3033668994903564
6948004,4.0,2.2985901832580566
6951162,6.0,2.3152849674224854
6953801,8.0,2.3184494972229004
6956324,10.0,2.2802236080169678
6959558,2.0,2.276874542236328
6963337,2.0,2.334456205368042
6967112,2.0,2.277508497238159
6969889,9.0,2.3269453048706055
6973592,3.0,2.3177804946899414
6976918,3.0,2.3238234519958496
6979962,1.0,2.3416738510131836
6983712,3.0,2.2928342819213867
6986969,8.0,2.285348892211914
6990357,-1.0,2.269767999649048
6993350,7.0,2.326840400695801
6996294,8.0,2.3191444873809814
6999737,1.0,2.3222873210906982
7002635,6.0,2.2985801696777344
7005975,-1.0,2.3240652084350586
7009390,-1.0,2.3240177631378174
7012731,5.0,2.3192434310913086
7015670,6.0,2.3123340606689453
7019372,-1.0,2.316779136657715
7022586,-1.0,2.2857248783111572
7026214,-1.0,2.3073482513427734
7028654,15.0,2.3151748180389404
7031843,7.0,2.30667781829834
7035339,-1.0,2.3000800609588623
7039164,4.0,2.309858798980713
7042501,-4.0,2.3222849369049072
7045425,9.0,2.3234870433807373
7049032,-1.0,2.2919576168060303
7051860,7.0,2.3206119537353516
7055259,-1.0,2.3177220821380615
7058313,4.0,2.329385757446289
7061743,-1.0,2.2896289825439453
7065772,-1.0,2.31237530708313
7069094,8.0,2.2972726821899414
7071435,14.0,2.311208963394165
7074555,-3.0,2.319549798965454
7077391,12.0,2.289095878601074
7081099,-1.0,2.293994426727295
7083738,10.0,2.3207759857177734
7086143,10.0,2.3058133125305176
7089565,6.0,2.24929141998291
7092611,8.0,2.3088459968566895
7095679,4.0,2.3129000663757324
7099266,-1.0,2.32745099067688
7102028,6.0,2.329461097717285
7105188,-1.0,2.2994577884674072
7108181,7.0,2.2297534942626953
7110952,11.0,2.321129083633423
7114108,-1.0,2.3110909461975098
7117585,-2.0,2.2986679077148438
7120385,7.0,2.3053112030029297
7123127,8.0,2.2878661155700684
7125676,14.0,2.317601442337036
7128413,8.0,2.3003125190734863
7131218,4.0,2.2966315746307373
7133976,7.0,2.307706832885742
7136633,14.0,2.273163318634033
7139175,11.0,2.307117462158203
7142485,-1.0,2.312384605407715
7145268,10.0,2.271239995956421
7148235,4.0,2.313483715057373
7151017,10.0,2.318099021911621
7154306,5.0,2.291625499725342
7157355,4.0,2.270728588104248
7160327,10.0,2.1945056915283203
7163710,-1.0,2.273322105407715
7166896,5.0,2.297804832458496
7170352,-1.0,2.313735008239746
7173748,-2.0,2.3217763900756836
7177606,-1.0,2.330739736557007
7180987,2.0,2.329423189163208
7183648,9.0,2.2641592025756836
7186866,-1.0,2.293353796005249
7190035,1.0,2.3112282752990723
7193313,6.0,2.3005237579345703
7197158,4.0,2.317178964614868
7200556,-1.0,2.313725471496582
7204033,-1.0,2.3162057399749756
7208090,-1.0,2.2644317150115967
7211201,4.0,2.3305654525756836
7213971,11.0,2.316380500793457
7217498,4.0,2.3239552974700928
7220794,-1.0,2.2882142066955566
7224704,-1.0,2.249511957168579
7228214,-1.0,2.307126045227051
7231801,-1.0,2.274501085281372
7235095,2.0,2.3167052268981934
7238351,5.0,2.291726589202881
7242011,1.0,2.2735342979431152
7245619,3.0,2.28944730758667
7247918,16.0,2.311890125274658
7250821,-3.0,2.285726308822632
7254857,3.0,2.29219388961792
7257229,13.0,2.271401882171631
7260685,8.0,2.2996163368225098
7263201,16.0,2.2996253967285156
7265630,13.0,2.309779167175293
7268447,10.0,2.3020505905151367
7270687,15.0,2.294255256652832
7274062,-1.0,2.334038734436035
7276589,-9.0,2.285275459289551
7279778,-1.0,2.280308246612549
7282971,-1.0,2.3158998489379883
7286527,2.0,2.259531021118164
7289448,5.0,2.2751636505126953
7292147,9.0,2.299773693084717
7295781,1.0,2.2881877422332764
7298117,13.0,2.2972755432128906
7300921,11.0,2.290989398956299
7303599,8.0,2.3144965171813965
7306784,-1.0,2.2812161445617676
7309596,8.0,2.2920711040496826
7312178,11.0,2.271892786026001
7315743,4.0,2.301589012145996
7318245,13.0,2.2784290313720703
7320763,10.0,2.290992259979248
7323716,-3.0,2.277644157409668
7327068,2.0,2.294304132461548
7330266,5.0,2.2947134971618652
7332719,12.0,2.2927446365356445
7335960,-1.0,2.285189151763916
7338928,6.0,2.287210464477539
7342224,4.0,2.273186206817627
7344598,12.0,2.28965425491333
7347514,11.0,2.303065776824951
7351042,-1.0,2.2799715995788574
7354340,5.0,2.294736385345459
7357242,10.0,2.279085397720337
7360621,-1.0,2.292229652404785
7363360,10.0,2.272646427154541
7366063,9.0,2.2872867584228516
7369819,-1.0,2.2705883979797363
7372464,11.0,2.2902884483337402
7375133,7.0,2.279618740081787
7378498,2.0,2.2901597023010254
7381276,9.0,2.2887439727783203
7383780,8.0,2.297764539718628
7386520,12.0,2.301609992980957
7389288,11.0,2.2860918045043945
7392138,5.0,2.278148651123047
7395486,-1.0,2.294257640838623
7398884,-1.0,2.2594408988952637
7402370,-1.0,2.2947335243225098
7406410,-1.0,2.2885942459106445
7410503,1.0,2.294607400894165
7413259,10.0,2.2868919372558594
7416967,3.0,2.287808895111084
7420237,5.0,2.282787322998047
7424008,-1.0,2.273571014404297
7427888,4.0,2.234222888946533
7430647,11.0,2.2606542110443115
7434831,-1.0,2.279611110687256
7437372,10.0,2.2894551753997803
7441035,-1.0,2.2996673583984375
7444338,-1.0,2.307255268096924
7446907,9.0,2.2874069213867188
7450003,-5.0,2.2805957794189453
7452924,9.0,2.243500232696533
7456726,6.0,2.271958351135254
7459633,7.0,2.2334187030792236
7462138,10.0,2.277608633041382
7465267,-1.0,2.2532033920288086
7468545,-1.0,2.285794734954834
7472109,-1.0,2.257188081741333
7475190,7.0,2.2742714881896973
7478749,1.0,2.2746894359588623
7481758,6.0,2.2600488662719727
7484616,-1.0,2.2739524841308594
7487385,-3.0,2.3020756244659424
7490817,3.0,2.254960775375366
7494151,1.0,2.2885780334472656
7496636,9.0,2.272260904312134
7499119,9.0,2.2543981075286865
7502429,4.0,2.266663074493408
7505027,9.0,2.2298507690429688
7508376,3.0,2.26672101020813
7510960,14.0,2.271172523498535
7513765,12.0,2.269963026046753
7516935,-1.0,2.2801637649536133
7520143,-3.0,2.276841163635254
7522865,14.0,2.264995574951172
7526380,-1.0,2.211261749267578
7528916,11.0,2.2588448524475098
7532243,-1.0,2.2819876670837402
7536266,-1.0,2.290560722351074
7539738,-1.0,2.282379150390625
7542676,4.0,2.2483017444610596
7546101,-1.0,2.2872939109802246
7548642,10.0,2.260869026184082
7551492,9.0,2.2680184841156006
7554243,8.0,2.2635936737060547
7556865,10.0,2.2333929538726807
7559696,9.0,2.28989315032959
7562100,9.0,2.2730252742767334
7564904,10.0,2.2697715759277344
7567595,8.0,2.2038912773132324
7570925,3.0,2.2378122806549072
7574710,-1.0,2.2281041145324707
7578507,1.0,2.2722764015197754
7581239,12.0,2.255377769470215
7584569,6.0,2.2301580905914307
7588456,3.0,2.2518703937530518
7591524,9.0,2.237031936645508
7594099,8.0,2.267611026763916
7597110,10.0,2.275658130645752
7599637,11.0,2.2741763591766357
7603234,-1.0,2.2905755043029785
7606462,2.0,2.284571647644043
7609562,9.0,2.221534252166748
7613147,4.0,2.277484893798828
7616727,3.0,2.167900562286377
7619028,12.0,2.245187759399414
7622091,5.0,2.285433292388916
7624686,10.0,2.2696313858032227
7627708,5.0,2.2801594734191895
7630364,9.0,2.2654685974121094
7633246,8.0,2.272528648376465
7636594,-1.0,2.268362283706665
7639540,5.0,2.2482352256774902
7642378,9.0,2.2601401805877686
7646730,-1.0,2.271430015563965
7649351,11.0,2.2712268829345703
7653638,-1.0,2.265108585357666
7656645,9.0,2.2161526679992676
7659868,-1.0,2.2726986408233643
7663546,2.0,2.2371697425842285
7667293,-1.0,2.2789440155029297
7670111,7.0,2.2442123889923096
7673024,5.0,2.281392812728882
7676573,2.0,2.2726035118103027
7679289,10.0,2.2605414390563965
7682893,4.0,2.293635368347168
7686129,-1.0,2.2658166885375977
7689341,7.0,2.2642335891723633
7692170,12.0,2.289781093597412
7695925,2.0,2.259695291519165
7699181,3.0,2.2666754722595215
7701900,8.0,2.2731611728668213
7705130,8.0,2.2538390159606934
7709198,3.0,2.286396026611328
7712061,11.0,2.292341709136963
7714756,10.0,2.251399517059326
7717810,5.0,2.250842332839966
7720830,12.0,2.2540090084075928
7724845,-1.0,2.266648769378662
7728182,10.0,2.2585668563842773
7731133,7.0,2.2042839527130127
7734794,-1.0,2.2637839317321777
7737213,12.0,2.260960102081299
7740028,11.0,2.275409460067749
7742408,9.0,2.2945165634155273
7744999,13.0,2.277575969696045
7747916,10.0,2.199047803878784
7750845,10.0,2.2739481925964355
7753597,11.0,2.214754581451416
7756865,-1.0,2.2796878814697266
7759450,-7.0,2.2352142333984375
7762551,6.0,2.2605175971984863
7765038,13.0,2.2663321495056152
7768541,-1.0,2.2635903358459473
7771732,12.0,2.2311582565307617
7775406,7.0,2.2674317359924316
7778610,8.0,2.254729747772217
7780804,17.0,2.2508792877197266
7783850,8.0,2.2519941329956055
7786502,6.0,2.2105798721313477
7789752,6.0,2.258112907409668
7792485,5.0,2.264488697052002
7795747,5.0,2.2484512329101562
7798540,8.0,2.280409336090088
7801278,13.0,2.2276697158813477
7804311,3.0,2.274050712585449
7807820,7.0,2.272820472717285
7810152,13.0,2.273655414581299
7813512,-1.0,2.2559869289398193
7816768,3.0,2.222822666168213
7820320,-1.0,2.2648987770080566
7823905,6.0,2.232015609741211
7826684,8.0,2.214240074157715
7829788,-2.0,2.2603278160095215
7833937,-1.0,2.2631731033325195
7837065,5.0,2.2126822471618652
7840143,6.0,2.2631781101226807
7843554,-1.0,2.2715468406677246
7846566,8.0,2.260864734649658
7849013,16.0,2.251708984375
7852379,-1.0,2.249756336212158
7855749,3.0,2.2729835510253906
7858671,4.0,2.2261948585510254
7861384,11.0,2.248905658721924
7864151,-3.0,2.2254490852355957
7867849,-1.0,2.221027374267578
7870823,8.0,2.2330994606018066
7873952,7.0,2.204576015472412
7876509,16.0,2.246720790863037
7878511,16.0,2.244719982147217
7880619,16.0,2.248755693435669
7883292,9.0,2.2636122703552246
7886765,-1.0,2.2448534965515137
7889914,1.0,2.226686954498291
7893297,5.0,2.2533161640167236
7896751,4.0,2.267744779586792
7899484,13.0,2.280632734298706
7901608,17.0,2.2498650550842285
7903848,13.0,2.263519287109375
7907602,2.0,2.234670877456665
7909993,11.0,2.2601404190063477
7913178,4.0,2.2628064155578613
7915799,11.0,2.2268004417419434
7918761,9.0,2.2112603187561035
7921262,9.0,2.2494382858276367
7925020,2.0,2.2694902420043945
7928013,8.0,2.2288990020751953
7931413,3.0,2.2436490058898926
7934086,15.0,2.2324812412261963
7937608,-1.0,2.2412149906158447
7940488,10.0,2.2320010662078857
7943810,8.0,2.252387762069702
7946687,8.0,2.2762045860290527
7950337,-1.0,2.2430496215820312
7953474,5.0,2.2668356895446777
7956030,8.0,2.2551772594451904
7958801,7.0,2.2450571060180664
7962172,1.0,2.244065761566162
7965299,6.0,2.212918281555176
7968555,1.0,2.2381844520568848
7970968,16.0,2.250178337097168
7974286,3.0,2.234511375427246
7976672,15.0,2.236118793487549
7980679,1.0,2.2520618438720703
7982975,12.0,2.243419647216797
7986405,-1.0,2.24753475189209
7988822,12.0,2.2361087799072266
7992289,-4.0,2.234173536300659
7995101,9.0,2.2416181564331055
7998054,5.0,2.247659683227539
8001515,1.0,2.2472259998321533
8003617,17.0,2.218937397003174
8006899,-2.0,2.2538790702819824
8010392,6.0,2.237398147583008
8014130,-1.0,2.25148868560791
8017593,7.0,2.2280478477478027
8020086,12.0,2.250533103942871
8023570,4.0,2.21638560295105
8026140,14.0,2.231423854827881
8028331,15.0,2.2621612548828125
8031079,12.0,2.232445240020752
8034370,-1.0,2.246321201324463
8037073,11.0,2.258413314819336
8040067,12.0,2.2429518699645996
8042141,18.0,2.211216688156128
8045250,9.0,2.2358107566833496
8047858,14.0,2.225842237472534
8050803,9.0,2.2397685050964355
8053449,13.0,2.2453269958496094
8057821,-1.0,2.240342617034912
8060893,6.0,2.2420473098754883
8064422,-1.0,2.181203603744507
8067433,7.0,2.1710257530212402
8070306,9.0,2.2228856086730957
8072737,14.0,2.2231812477111816
8076135,6.0,2.2113144397735596
8078951,9.0,2.2065601348876953
8081738,13.0,2.2639360427856445
8084768,2.0,2.223134994506836
8087624,8.0,2.2077465057373047
8090527,-3.0,2.2349960803985596
8094265,2.0,2.199817180633545
8097039,9.0,2.2259366512298584
8100355,7.0,2.19425892829895
8103667,5.0,2.2007040977478027
8105942,16.0,2.2167792320251465
8109005,5.0,2.2399415969848633
8112412,6.0,2.252091407775879
8116574,3.0,2.193323850631714
8119452,12.0,2.217231273651123
8123421,5.0,2.2203283309936523
8126427,7.0,2.2544913291931152
8130011,-1.0,2.1808454990386963
8134193,4.0,2.225088596343994
8136658,12.0,2.2277514934539795
8139278,10.0,2.1948752403259277
8142229,3.0,2.220391035079956
8146085,-1.0,2.2339940071105957
8148774,10.0,2.233234167098999
8151217,17.0,2.2320239543914795
8154308,6.0,2.2313108444213867
8156970,9.0,2.22776460647583
8159750,9.0,2.2193186283111572
8162942,2.0,2.204176187515259
8165172,15.0,2.223325490951538
8168294,9.0,2.233377456665039
8172185,-1.0,2.2029058933258057
8174877,9.0,2.240074634552002
8178570,-1.0,2.220674991607666
8182398,6.0,2.245638847351074
8185474,9.0,2.2165768146514893
8188062,11.0,2.2172975540161133
8190572,13.0,2.204033851623535
8193252,9.0,2.213397979736328
8196906,5.0,2.204113006591797
8200272,5.0,2.2200019359588623
8202765,12.0,2.2030715942382812
8206317,-1.0,2.1801936626434326
8209752,-1.0,2.2225475311279297
8212486,9.0,2.1628313064575195
8215589,-1.0,2.1886072158813477
8218251,9.0,2.2298781871795654
8221783,-2.0,2.233553171157837
8223847,17.0,2.205954074859619
8226950,3.0,2.1965444087982178
8230590,-1.0,2.199193000793457
8234174,-1.0,2.1851038932800293
8236400,16.0,2.1660733222961426
8240459,1.0,2.1773812770843506
8243692,-2.0,2.2235000133514404
8246392,11.0,2.228215217590332
8249816,-1.0,2.2055299282073975
8253631,-1.0,2.179349660873413
8256807,-1.0,2.2032227516174316
8259543,6.0,2.1997759342193604
8263009,1.0,2.190572738647461
8266364,-1.0,2.2366461753845215
8269990,-1.0,2.0826611518859863
8272656,8.0,2.132565975189209
8275445,9.0,2.2216553688049316
8278859,-1.0,2.212533473968506
8281474,9.0,2.1714847087860107
8284212,11.0,2.2110414505004883
8287741,2.0,2.1973328590393066
8290946,4.0,2.1885948181152344
8293856,10.0,2.2120697498321533
8296530,9.0,2.20930814743042
8298506,17.0,2.244352340698242
8301768,5.0,2.2181949615478516
8305412,2.0,2.218493938446045
8308551,2.0,2.184593677520752
8310928,14.0,2.170395851135254
8313845,11.0,2.2060770988464355
8317804,-1.0,2.192258834838867
8320140,14.0,2.234419822692871
8323707,-3.0,2.111241102218628
8326937,10.0,2.197809934616089
8330504,6.0,2.2484371662139893
8333553,10.0,2.209014892578125
8335623,16.0,2.2401323318481445
8338010,17.0,2.2035882472991943
8340948,10.0,2.239314556121826
8343619,10.0,2.2160744667053223
8346781,7.0,2.2300493717193604
8349105,13.0,2.24186372756958
8352047,9.0,2.210416078567505
8354781,10.0,2.2251975536346436
8358072,-1.0,2.21077823638916
8361008,7.0,2.2027788162231445
8364529,4.0,2.2306036949157715
8367468,10.0,2.2058143615722656
8370774,6.0,2.21995210647583
8373672,12.0,2.209540605545044
8376966,2.0,2.2374444007873535
8379735,12.0,2.221135139465332
8383333,2.0,2.2130939960479736
8386129,9.0,2.2033236026763916
8389681,2.0,2.196904420852661
8392444,9.0,2.231611728668213
8395894,5.0,2.244020462036133
8399562,6.0,2.212005615234375
8402609,7.0,2.192113161087036
8406255,-1.0,2.212261199951172
8409053,7.0,2.181165933609009
8412507,5.0,2.1944289207458496
8415924,6.0,2.165219783782959
8419535,-1.0,2.1797938346862793
8422043,12.0,2.2105226516723633
8425290,9.0,2.1814322471618652
8429075,-1.0,2.2349162101745605
8431493,13.0,2.2409703731536865
8434300,11.0,2.229273796081543
8437639,4.0,2.179431200027466
8440330,11.0,2.2382569313049316
8443349,2.0,2.200200080871582
8446768,5.0,2.2242283821105957
8450468,4.0,2.2056546211242676
8453367,10.0,2.205045461654663
8456716,3.0,2.2042155265808105
8460268,8.0,2.2160439491271973
8463657,2.0,2.2344717979431152
8466670,7.0,2.2287001609802246
8470010,6.0,2.1859216690063477
8472576,-5.0,2.201836585998535
8475374,3.0,2.2168660163879395
8478285,-6.0,2.2222023010253906
8480398,-9.0,2.239686965942383
8483044,7.0,2.230210781097412
8485671,13.0,2.1949875354766846
8488839,-1.0,2.209057569503784
8492097,-5.0,2.242182731628418
8495603,3.0,2.2100648880004883
8498877,8.0,2.251464366912842
8501497,15.0,2.211643695831299
8504014,9.0,2.2050230503082275
8506862,8.0,2.198171854019165
8509932,10.0,2.2279245853424072
8513230,3.0,2.1616508960723877
8516070,12.0,2.2398884296417236
8520046,-1.0,2.248077869415283
8522713,9.0,2.1869618892669678
8525894,8.0,2.175309658050537
8528968,4.0,2.2477240562438965
8531959,4.0,2.2266414165496826
8535543,1.0,2.209268569946289
8539248,2.0,2.200291633605957
8542374,-7.0,2.185431480407715
8545180,7.0,2.2170305252075195
8548361,6.0,2.2398548126220703
8552024,-1.0,2.1853389739990234
8555718,-1.0,2.2005600929260254
8559193,-1.0,2.2231972217559814
8561960,7.0,2.191197395324707
8565360,5.0,2.197946071624756
8569139,-1.0,2.163482189178467
8571999,7.0,2.210219621658325
8574675,6.0,2.199977397918701
8578154,3.0,2.211360216140747
8581111,9.0,2.1974902153015137
8583785,14.0,2.22872257232666
8586937,7.0,2.180121898651123
8590689,-1.0,2.2137451171875
8594248,1.0,2.219430446624756
8597306,4.0,2.226776599884033
8600446,6.0,2.2156991958618164
8602972,13.0,2.166565179824829
8606309,5.0,2.2132415771484375
8608833,15.0,2.206568717956543
8612235,4.0,2.2253799438476562
8615963,-1.0,2.157264471054077
8618925,9.0,2.2202324867248535
8621534,4.0,2.2267889976501465
8624839,-1.0,2.180920362472534
8628813,-1.0,2.1921048164367676
8631373,11.0,2.2216506004333496
8633891,11.0,2.2139358520507812
8637278,-2.0,2.192690134048462
8640299,3.0,2.20346999168396
8643674,2.0,2.2137796878814697
8647129,-1.0,2.195218086242676
8649932,7.0,2.146526336669922
8653367,-1.0,2.177203893661499
8656412,4.0,2.214174270629883
8659507,1.0,2.199187755584717
8662700,6.0,2.2241640090942383
8665623,11.0,2.1946778297424316
8668718,-4.0,2.211311101913452
8671478,11.0,2.19230318069458
8674219,8.0,2.137028694152832
8677054,-8.0,2.1824140548706055
8680085,10.0,2.2120487689971924
8682959,10.0,2.2025065422058105
8686111,11.0,2.194896697998047
8689045,5.0,2.1730661392211914
8691419,12.0,2.2019832134246826
8694973,-1.0,2.2071592807769775
8697415,14.0,2.1484789848327637
8700415,9.0,2.1982336044311523
8703106,10.0,2.197610378265381
8705908,6.0,2.191519260406494
8709565,2.0,2.18554949760437
8712520,10.0,2.1788015365600586
8716168,-1.0,2.1493403911590576
8719150,-1.0,2.1839189529418945
8722076,8.0,2.1838607788085938
8724902,-4.0,2.1561832427978516
8728439,-1.0,2.1651408672332764
8731596,7.0,2.186021566390991
8734600,10.0,2.153904438018799
8736987,16.0,2.1425094604492188
8739591,14.0,2.19026780128479
8742284,10.0,2.1807007789611816
8746213,2.0,2.1833035945892334
8749456,7.0,2.1150901317596436
8752990,3.0,2.104172468185425
8756131,3.0,2.163590431213379
8759352,8.0,2.1846399307250977
8762441,12.0,2.1764917373657227
8765726,7.0,2.183155059814453
8768255,7.0,2.2020211219787598
8772518,3.0,2.123908519744873
8775422,6.0,2.175309658050537
8778873,7.0,2.2136287689208984
8781721,12.0,2.169442653656006
8784629,5.0,2.1768457889556885
8787861,3.0,2.1577491760253906
8791222,9.0,2.1108412742614746
8793492,13.0,2.1621687412261963
8795641,16.0,2.166210889816284
8798988,5.0,2.1727824211120605
8802763,-1.0,2.2120201587677
8806279,5.0,2.180401086807251
8809821,-1.0,2.1980597972869873
8813027,-5.0,2.1470749378204346
8816366,4.0,2.193321466445923
8819410,2.0,2.1775622367858887
8822811,-1.0,2.16792893409729
8825529,13.0,2.2130603790283203
8828809,7.0,2.1763923168182373
8831274,14.0,2.19130277633667
8834207,13.0,2.1727793216705322
8836650,12.0,2.1628165245056152
8838925,12.0,2.169114589691162
8841975,4.0,2.1704840660095215
8845586,-1.0,2.184000253677368
8848484,9.0,2.1471238136291504
8851380,7.0,2.166874647140503
8854191,14.0,2.184629201889038
8857895,5.0,2.166672706604004
8861311,7.0,2.1818277835845947
8864481,6.0,2.1690163612365723
8867684,7.0,2.184223175048828
8871034,4.0,2.2052478790283203
8874284,3.0,2.197258234024048
8878494,4.0,2.171586036682129
8881729,8.0,2.1646652221679688
8884229,-10.0,2.1610050201416016
8887169,-2.0,2.178068161010742
8890115,7.0,2.135317802429199
8893501,2.0,2.1841821670532227
8896807,-1.0,2.2068629264831543
8900800,3.0,2.16105318069458
8905065,2.0,2.162527084350586
8908238,5.0,2.1570935249328613
8911775,1.0,2.1725730895996094
8914576,7.0,2.1888132095336914
8918865,-1.0,2.131812334060669
8922372,3.0,2.175431251525879
8925607,-2.0,2.1479310989379883
8928449,10.0,2.180715560913086
8931891,-5.0,2.147031307220459
8934968,8.0,2.175642728805542
8937921,5.0,2.185647487640381
8940572,12.0,2.152078866958618
8944765,-1.0,2.194826364517212
8947618,11.0,2.170215129852295
8951050,-1.0,2.1642861366271973
8954911,3.0,2.1730737686157227
8958626,-1.0,2.1128222942352295
8962417,2.0,2.189446210861206
8965292,-8.0,2.152951717376709
8969096,2.0,2.156632900238037
8972445,2.0,2.166628360748291
8975189,10.0,2.149007797241211
8977741,12.0,2.194389581680298
8980548,4.0,2.1854653358459473
8983541,-1.0,2.1535489559173584
8986587,5.0,2.1525964736938477
8989111,15.0,2.1864423751831055
8992482,6.0,2.2116806507110596
8996089,-4.0,2.2043251991271973
8999628,2.0,2.170288562774658
9002933,-4.0,2.1876261234283447
9005512,9.0,2.162734031677246
9008400,9.0,2.194218158721924
9011038,11.0,2.205566167831421
9013346,15.0,2.1360998153686523
9016521,3.0,2.2048025131225586
9019512,9.0,2.1477482318878174
9023121,5.0,2.1664793491363525
9026156,4.0,2.175111770629883
9029178,9.0,2.1481261253356934
9032498,-1.0,2.141282558441162
9035229,10.0,2.2152163982391357
9038216,7.0,2.167048454284668
9041600,9.0,2.195176362991333
9044560,8.0,2.17071533203125
9047405,5.0,2.1459646224975586
9050062,9.0,2.1821722984313965
9052634,11.0,2.2043144702911377
9056021,-1.0,2.2100675106048584
9059120,8.0,2.145446300506592
9062443,7.0,2.131002187728882
9065904,4.0,2.1989328861236572
9068407,5.0,2.1850218772888184
9070750,14.0,2.1583051681518555
9073440,7.0,2.21211838722229
9076852,-1.0,2.165201187133789
9079490,11.0,2.1352858543395996
9082589,-1.0,2.1816461086273193
9085470,7.0,2.2023825645446777
9088340,4.0,2.177441358566284
9091389,-1.0,2.187603235244751
9093867,10.0,2.1470093727111816
9096599,12.0,2.1826415061950684
9100024,7.0,2.165480375289917
9102591,12.0,2.181354284286499
9105390,10.0,2.187284469604492
9108463,7.0,2.1480021476745605
9111786,-1.0,2.19865083694458
9114697,7.0,2.157176971435547
9117786,8.0,2.1926794052124023
9120652,12.0,2.1834030151367188
9123073,14.0,2.173746109008789
9126415,5.0,2.1797335147857666
9129549,12.0,2.1323952674865723
9132084,12.0,2.179262638092041
9134634,8.0,2.168072462081909
9137414,7.0,2.1799511909484863
9140169,11.0,2.1535418033599854
9143500,-1.0,2.199751853942871
9147069,-1.0,2.1671547889709473
9150123,6.0,2.186755657196045
9153312,4.0,2.195545196533203
9155965,11.0,2.2055575847625732
9158797,6.0,2.177884101867676
9161352,8.0,2.1689703464508057
9164804,5.0,2.171931743621826
9167177,-9.0,2.1785473823547363
9170921,5.0,2.143895149230957
9174211,1.0,2.1674816608428955
9176428,16.0,2.1480071544647217
9179272,10.0,2.190455913543701
9181533,14.0,2.1684794425964355
9185310,1.0,2.203601837158203
9187853,15.0,2.163468599319458
9191953,-1.0,2.180691719055176
9194963,7.0,2.1816213130950928
9198103,-1.0,2.1535072326660156
9201010,6.0,2.2068443298339844
9204663,3.0,2.1672730445861816
9207012,11.0,2.1511447429656982
9210918,-4.0,2.1459903717041016
9213014,14.0,2.1744399070739746
9216939,5.0,2.1542787551879883
9220481,2.0,2.11582350730896
9224654,-1.0,2.144019603729248
9227830,5.0,2.1334588527679443
9231094,8.0,2.1687374114990234
9234122,-5.0,2.169499635696411
9236903,12.0,2.1454005241394043
9240173,9.0,2.140286922454834
9243502,2.0,2.1939589977264404
9246464,12.0,2.139219045639038
9249103,9.0,2.1698994636535645
9251689,8.0,2.147862434387207
9254208,15.0,2.144892692565918
9257454,4.0,2.1672523021698
9260567,-1.0,2.1172308921813965
9264363,5.0,2.170281410217285
9266858,13.0,2.1264162063598633
9270500,-1.0,2.1682240962982178
9274280,-1.0,2.142101526260376
9277023,11.0,2.17050838470459
9279703,11.0,2.18731689453125
9282539,5.0,2.1729564666748047
9285658,-1.0,2.1294164657592773
9288254,11.0,2.1459836959838867
9291774,1.0,2.1734633445739746
9295284,2.0,2.1694014072418213
9298215,5.0,2.148296356201172
9301183,4.0,2.162214994430542
9304548,7.0,2.1948935985565186
9306685,15.0,2.1440885066986084
9310272,3.0,2.1734158992767334
9313039,11.0,2.136183738708496
9316325,3.0,2.181354522705078
9318439,15.0,2.128021717071533
9321063,12.0,2.1746981143951416
9324369,5.0,2.105419635772705
9327649,4.0,2.126451015472412
9331589,2.0,2.1786417961120605
9334289,14.0,2.154102087020874
9336663,11.0,2.1820144653320312
9340102,-1.0,2.1550450325012207
9342584,13.0,2.1724367141723633
9345709,8.0,2.165066719055176
9348904,6.0,2.156836748123169
9351701,7.0,2.1484899520874023
9354814,4.0,2.126626491546631
9357678,6.0,2.1861133575439453
9360133,15.0,2.128481149673462
9364044,3.0,2.162631034851074
9367665,2.0,2.1592483520507812
9371601,-1.0,2.119804620742798
9374505,10.0,2.163893699645996
9377723,4.0,2.143301010131836
9381558,3.0,2.101050853729248
9384341,9.0,2.1344563961029053
9387858,9.0,2.1247055530548096
9390908,7.0,2.1344919204711914
9394364,2.0,2.1651771068573
9397410,9.0,2.159432888031006
9400198,13.0,2.145988941192627
9403287,6.0,2.0724472999572754
9406197,8.0,2.172722816467285
9409661,5.0,2.122814655303955
9412725,8.0,2.1484086513519287
9415589,14.0,2.1623549461364746
9418265,13.0,2.0816800594329834
9420939,12.0,2.1643214225769043
9423711,12.0,2.0997281074523926
9426856,7.0,2.1539664268493652
9430484,1.0,2.16847562789917
9433204,13.0,2.12503719329834
9436360,7.0,2.167742967605591
9439539,7.0,2.1587343215942383
9442662,-1.0,2.154550075531006
9446107,-1.0,2.1706695556640625
9449050,4.0,2.1395153999328613
9452795,-1.0,2.1683783531188965
9455933,11.0,2.0931546688079834
9459260,5.0,2.1563072204589844
9462783,5.0,2.1649153232574463
9465905,5.0,2.1481971740722656
9469067,-1.0,2.1058034896850586
9472171,3.0,2.143965721130371
9475013,8.0,2.089407205581665
9478057,9.0,2.173335313796997
9480802,12.0,2.159146308898926
9484210,3.0,2.1620068550109863
9486994,12.0,2.1486117839813232
9489805,11.0,2.150073528289795
9493258,5.0,2.147975206375122
9496390,9.0,2.1339845657348633
9499199,9.0,2.1522982120513916
9502877,5.0,2.179046630859375
9505566,16.0,2.152657985687256
9508349,7.0,2.1298656463623047
9511802,9.0,2.140977621078491
9514190,14.0,2.133930206298828
9516440,15.0,2.1817092895507812
9518777,12.0,2.128201961517334
9521409,10.0,2.1527223587036133
9524346,9.0,2.144191026687622
9527359,8.0,2.125218391418457
9530351,9.0,2.1410984992980957
9532617,13.0,2.145954132080078
9535053,14.0,2.170523166656494
9538005,9.0,2.1491806507110596
9541078,12.0,2.144955635070801
9543714,12.0,2.118687152862549
9547255,3.0,2.1286134719848633
9550631,10.0,2.15211820602417
9553767,5.0,2.187635660171509
9556436,9.0,2.151413917541504
9559744,1.0,2.095716953277588
9563087,2.0,2.1468183994293213
9566711,-1.0,2.1617019176483154
9569662,8.0,2.1608829498291016
9572026,15.0,2.16874361038208
9575408,8.0,2.1020665168762207
9577980,13.0,2.077333927154541
9580827,14.0,2.1700074672698975
9583476,8.0,2.141432285308838
9586579,5.0,2.0981943607330322
9589224,10.0,2.149515151977539
9592288,4.0,2.15826416015625
9594695,16.0,2.1631999015808105
9597600,4.0,2.1311216354370117
9600480,6.0,2.127981662750244
9602965,13.0,2.1353001594543457
9607283,3.0,2.1123299598693848
9610091,8.0,2.1542792320251465
9613780,7.0,2.094402313232422
9616970,10.0,2.201904535293579
9620479,4.0,2.1400318145751953
9623879,10.0,2.1452040672302246
9627176,4.0,2.1495823860168457
9630484,-1.0,2.1350584030151367
9633917,8.0,2.111908435821533
9636676,10.0,2.1627707481384277
9639921,5.0,2.1259493827819824
9642766,6.0,2.169430732727051
9646464,4.0,2.164278030395508
9650114,-1.0,2.1385772228240967
9652921,10.0,2.08323335647583
9656128,-1.0,2.1545791625976562
9658833,11.0,2.098536968231201
9661362,13.0,2.1265833377838135
9663963,11.0,2.1633999347686768
9667124,4.0,2.1490161418914795
9670249,3.0,2.0913760662078857
9673118,9.0,2.1201348304748535
9676390,5.0,2.1427760124206543
9679873,-1.0,2.1537389755249023
9683000,5.0,2.128354072570801
9686602,-1.0,2.11753511428833
9689461,8.0,2.1153299808502197
9692682,4.0,2.134899616241455
9695645,10.0,2.141397476196289
9698903,2.0,2.1149415969848633
9702276,1.0,2.139556407928467
9704214,20.0,2.0879244804382324
9707095,6.0,2.09383487701416
9710141,11.0,2.144688606262207
9712957,9.0,2.1199655532836914
9716915,2.0,2.086195468902588
9719830,9.0,2.131023645401001
9723497,-1.0,2.1373367309570312
9726704,-1.0,2.1638262271881104
9729491,11.0,2.09859037399292
9733301,-1.0,2.1509923934936523
9735714,13.0,2.125095844268799
9738064,13.0,2.105531692504883
9740782,12.0,2.115666627883911
9743229,10.0,2.163701057434082
9745714,12.0,2.126534938812256
9748856,7.0,2.1220388412475586
9751769,8.0,2.140082836151123
9755078,1.0,2.1539559364318848
9757640,10.0,2.129525661468506
9761005,6.0,2.117142915725708
9763474,11.0,2.122920513153076
9767179,-1.0,2.1622798442840576
9770318,4.0,2.0984139442443848
9772463,16.0,2.108365058898926
9775489,-1.0,2.140775680541992
9778691,9.0,2.0990519523620605
9781373,13.0,2.0960123538970947
9783783,11.0,2.1544485092163086
9786146,12.0,2.1161389350891113
9788597,10.0,2.1336376667022705
9791541,8.0,2.107901096343994
9794614,11.0,2.1476054191589355
9797995,4.0,2.1294500827789307
9800922,8.0,2.1635782718658447
9804748,2.0,2.1109659671783447
9808243,7.0,2.0554633140563965
9811295,10.0,2.082886219024658
9814588,4.0,2.0643444061279297
9818187,6.0,2.1453261375427246
9820754,9.0,2.099187135696411
9824035,4.0,2.1400349140167236
9827569,2.0,2.103111982345581
9830433,7.0,2.0855653285980225
9833747,-4.0,2.118375301361084
9835963,13.0,2.1011338233947754
9839911,2.0,2.1347320079803467
9842256,12.0,2.12327241897583
9845801,2.0,2.1233901977539062
9849455,2.0,2.086399555206299
9851502,16.0,2.1381568908691406
9855510,-1.0,2.1460366249084473
9857953,13.0,2.0685434341430664
9860442,13.0,2.131437301635742
9863618,7.0,2.155785083770752
9866540,9.0,2.070474147796631
9869426,6.0,2.16763973236084
9872349,12.0,2.132824420928955
9874422,16.0,2.1242661476135254
9877785,2.0,2.122605800628662
9881377,-1.0,2.119943618774414
9884016,12.0,2.1565566062927246
9887316,5.0,2.1435837745666504
9890204,8.0,2.1464462280273438
9893741,7.0,2.123361587524414
9896177,13.0,2.134423017501831
9899130,6.0,2.120567560195923
9902741,6.0,2.1424219608306885
9906369,-1.0,2.154745101928711
9910026,-1.0,2.0966365337371826
9913396,-1.0,2.172421455383301
9916806,5.0,2.134411573410034
9919320,11.0,2.1473026275634766
9922292,5.0,2.1352877616882324
9925582,-1.0,2.1309237480163574
9928824,9.0,2.101459264755249
9931983,1.0,2.0924127101898193
9935419,3.0,2.130159854888916
9937928,11.0,2.132330894470215
9940744,5.0,2.1179685592651367
9943846,2.0,2.1704959869384766
9946882,8.0,2.071176052093506
9950167,6.0,2.1362740993499756
9953842,-1.0,2.1549460887908936
9957326,8.0,2.0925214290618896
9960579,-1.0,2.1426568031311035
9963467,6.0,2.154736042022705
9966210,6.0,2.115939140319824
9969747,9.0,2.0961568355560303
9973392,4.0,2.1391565799713135
9976788,-6.0,2.1154704093933105
9979775,12.0,2.0930895805358887
9981968,15.0,2.106454849243164
9986117,3.0,2.130526065826416
9989838,1.0,2.1369171142578125
9993202,-1.0,2.133657932281494
9996454,4.0,2.1369309425354004
10000306,-2.0,2.129660129547119
10003449,1.0,2.1310458183288574
10006714,8.0,2.1834754943847656
10009590,7.0,2.1528117656707764
10012199,14.0,2.0826568603515625
10015153,9.0,2.145514488220215
10018150,6.0,2.113250732421875
10019691,-17.0,2.1281609535217285
10023025,5.0,2.091658592224121
10025909,10.0,2.1387386322021484
10029172,2.0,2.0798532962799072
10032317,9.0,2.1004996299743652
10035356,-1.0,2.071316719055176
10039339,3.0,2.067288398742676
10043413,-1.0,2.120748519897461
10047097,-1.0,2.1216869354248047
10050485,-1.0,2.1125166416168213
10054376,1.0,2.1054744720458984
10056897,-6.0,2.11892032623291
10060403,3.0,2.092702865600586
10063280,12.0,2.084636688232422
10065797,12.0,2.1032793521881104
10069065,8.0,2.104112148284912
10071587,13.0,2.095647096633911
10074261,9.0,2.0937747955322266
10076998,10.0,2.150116443634033
10080424,4.0,2.0770859718322754
10083714,7.0,2.1198933124542236
10086062,16.0,2.124269723892212
10088617,11.0,2.1022446155548096
10091090,14.0,2.0764150619506836
10093918,10.0,2.0657143592834473
10097764,1.0,2.1159653663635254
10100868,7.0,2.1352152824401855
10103631,9.0,2.0853826999664307
10106278,9.0,2.0971150398254395
10108635,11.0,2.1262621879577637
10111402,7.0,2.0820508003234863
10114216,8.0,2.118043899536133
10117425,7.0,2.1296281814575195
10119617,12.0,2.1503257751464844
10122415,8.0,2.1092514991760254
10125753,4.0,2.112239360809326
10129653,1.0,2.0956244468688965
10132139,12.0,2.107454776763916
10135532,2.0,2.1157543659210205
10138125,10.0,2.0587732791900635
10141647,-1.0,2.0899412631988525
10144274,12.0,2.151303768157959
10147457,8.0,2.135679006576538
10150225,12.0,2.0873289108276367
10153106,11.0,2.1241226196289062
10155517,12.0,2.078993797302246
10158653,8.0,2.0729334354400635
10161995,6.0,2.0905661582946777
10165384,8.0,2.0184319019317627
10168103,12.0,2.104501724243164
10171067,10.0,2.1320252418518066
10174732,-1.0,2.1176178455352783
10176979,17.0,2.1251635551452637
10179616,12.0,2.129488945007324
10182352,10.0,2.091709613800049
10184887,10.0,2.1065354347229004
10187511,9.0,2.1367030143737793
10189929,14.0,2.108083724975586
10192899,10.0,2.1858584880828857
10195452,11.0,2.1330344676971436
10198785,6.0,2.0992746353149414
10202004,2.0,2.1156110763549805
10204764,7.0,2.1338775157928467
10208053,2.0,2.129288673400879
10210520,13.0,2.085604190826416
10213543,13.0,2.1225876808166504
10216476,9.0,2.029970645904541
10218931,16.0,2.1129190921783447
10222383,-1.0,2.1624135971069336
