frame,score,loss
762,-21.0,0
1548,-21.0,0.1778988242149353
2341,-21.0,0.1748998463153839
3160,-21.0,0.1745598316192627
4003,-20.0,0.17584271728992462
4792,-21.0,0.17513076961040497
5614,-21.0,0.17471714317798615
6494,-21.0,0.17674952745437622
7257,-21.0,0.17735329270362854
8035,-21.0,0.17865754663944244
9035,-21.0,0.17659583687782288
9950,-20.0,0.17850935459136963
10895,-20.0,0.17646527290344238
11734,-20.0,0.17524763941764832
12553,-21.0,0.17610296607017517
13312,-21.0,0.17505820095539093
14260,-20.0,0.17625781893730164
15094,-20.0,0.17495834827423096
15858,-21.0,0.17596402764320374
16619,-21.0,0.1771393120288849
17550,-20.0,0.17622536420822144
18308,-21.0,0.21922416985034943
19144,-20.0,0.17674320936203003
20105,-19.0,0.17642100155353546
20947,-20.0,0.22406025230884552
21785,-20.0,0.1756586730480194
22656,-21.0,0.17501705884933472
23498,-20.0,0.17580726742744446
24341,-21.0,0.1744251251220703
25101,-21.0,0.17325648665428162
25892,-21.0,0.17210090160369873
26714,-21.0,0.17625747621059418
27477,-21.0,0.17753493785858154
28294,-21.0,0.17486773431301117
29129,-20.0,0.17898941040039062
30011,-21.0,0.17302629351615906
30774,-21.0,0.1780911386013031
31593,-21.0,0.17690137028694153
32410,-21.0,0.17600904405117035
33326,-20.0,0.17725105583667755
34208,-21.0,0.17498955130577087
35187,-20.0,0.17552891373634338
35949,-21.0,0.1762639582157135
36707,-21.0,0.17537659406661987
37525,-21.0,0.17497758567333221
38424,-21.0,0.17536821961402893
39421,-19.0,0.17790628969669342
40243,-21.0,0.17421941459178925
41083,-20.0,0.19393295049667358
41847,-21.0,0.19459562003612518
42605,-21.0,0.19451534748077393
43409,-21.0,0.19727414846420288
44368,-20.0,0.1928705871105194
45160,-21.0,0.19448702037334442
46062,-20.0,0.19705809652805328
46884,-21.0,0.19208401441574097
47672,-21.0,0.1916857361793518
48521,-21.0,0.19287312030792236
49347,-21.0,0.19271229207515717
50242,-20.0,0.19469502568244934
51002,-21.0,0.19181305170059204
51870,-20.0,0.19080856442451477
52629,-21.0,0.19432072341442108
53453,-21.0,0.19416572153568268
54278,-21.0,0.1935264617204666
55036,-21.0,0.1930045485496521
55876,-20.0,0.19000238180160522
56652,-21.0,0.19417987763881683
57471,-21.0,0.1936016082763672
58232,-21.0,0.19503852725028992
59078,-21.0,0.19612246751785278
59836,-21.0,0.19353421032428741
60822,-20.0,0.19282588362693787
61579,-21.0,0.19471383094787598
62410,-20.0,0.19431054592132568
63248,-20.0,0.1918329894542694
64010,-21.0,0.1925986111164093
64798,-21.0,0.19038772583007812
65606,-21.0,0.19269903004169464
66520,-19.0,0.2329481691122055
67279,-21.0,0.1927114725112915
68114,-20.0,0.19150950014591217
68932,-21.0,0.19008556008338928
69839,-21.0,0.19293680787086487
70630,-21.0,0.19524429738521576
71453,-21.0,0.19255095720291138
72284,-20.0,0.19619423151016235
73043,-21.0,0.19512715935707092
73806,-21.0,0.21731168031692505
74685,-21.0,0.19588762521743774
75507,-21.0,0.19716548919677734
76270,-21.0,0.19435957074165344
77124,-21.0,0.1920275241136551
77947,-21.0,0.19363155961036682
78939,-21.0,0.1939980685710907
79762,-21.0,0.19267112016677856
80551,-21.0,0.19612030684947968
81370,-21.0,0.20733629167079926
82190,-21.0,0.20146428048610687
82947,-21.0,0.21438750624656677
83766,-21.0,0.20493951439857483
84704,-21.0,0.2009812891483307
85658,-20.0,0.2061898410320282
86556,-20.0,0.20631280541419983
87373,-21.0,0.2043418288230896
88211,-20.0,0.20112645626068115
89187,-20.0,0.20267248153686523
90023,-20.0,0.22146505117416382
90843,-21.0,0.20484857261180878
91742,-20.0,0.20192661881446838
92673,-21.0,0.20148584246635437
93540,-20.0,0.2058277130126953
94318,-21.0,0.2027364820241928
95281,-20.0,0.20492979884147644
96041,-21.0,0.20465397834777832
96919,-20.0,0.21966838836669922
97842,-20.0,0.20760321617126465
98710,-20.0,0.20429161190986633
99534,-21.0,0.20363177359104156
100293,-21.0,0.20392286777496338
101178,-21.0,0.2022038996219635
102000,-21.0,0.21202883124351501
102762,-21.0,0.2015695422887802
103579,-21.0,0.20423170924186707
104341,-21.0,0.20229455828666687
105306,-20.0,0.20514601469039917
106156,-21.0,0.23949944972991943
107139,-20.0,0.20690053701400757
107986,-21.0,0.20761007070541382
108838,-21.0,0.20546197891235352
109781,-21.0,0.20352375507354736
110543,-21.0,0.20566630363464355
111425,-21.0,0.2074415683746338
112213,-21.0,0.20108263194561005
112975,-21.0,0.20844346284866333
113736,-21.0,0.20432192087173462
114514,-21.0,0.20168668031692505
115333,-21.0,0.20194372534751892
116171,-20.0,0.20347021520137787
116992,-21.0,0.21955499053001404
117751,-21.0,0.20244401693344116
118583,-20.0,0.20438218116760254
119369,-21.0,0.20547080039978027
120237,-20.0,0.20433396100997925
120996,-21.0,0.20682504773139954
121758,-21.0,0.21694783866405487
122547,-21.0,0.22043931484222412
123388,-20.0,0.21941283345222473
124152,-21.0,0.22154709696769714
124970,-21.0,0.2164921760559082
125727,-21.0,0.21951475739479065
126548,-21.0,0.21535521745681763
127369,-21.0,0.21507740020751953
128194,-21.0,0.2513015866279602
129173,-19.0,0.22019286453723907
129933,-21.0,0.2249825894832611
130774,-20.0,0.21956971287727356
131594,-21.0,0.22307753562927246
132463,-20.0,0.22364650666713715
133281,-21.0,0.21647174656391144
134041,-21.0,0.22090600430965424
134939,-21.0,0.2189987301826477
135810,-21.0,0.22140830755233765
136631,-21.0,0.22286275029182434
137468,-20.0,0.21555596590042114
138355,-20.0,0.21387989819049835
139315,-21.0,0.21993008255958557
140103,-21.0,0.2258889377117157
141038,-20.0,0.22494980692863464
142066,-19.0,0.22283348441123962
142824,-21.0,0.21693676710128784
143643,-21.0,0.21815204620361328
144401,-21.0,0.2571910321712494
145282,-21.0,0.22280247509479523
146092,-21.0,0.21557646989822388
146889,-21.0,0.2216164916753769
147707,-21.0,0.22069306671619415
148489,-21.0,0.2191794216632843
149252,-21.0,0.21914184093475342
150182,-19.0,0.2163446545600891
151025,-21.0,0.22116169333457947
151983,-21.0,0.22047948837280273
152764,-21.0,0.22236201167106628
153646,-20.0,0.21873007714748383
154661,-20.0,0.21842429041862488
155745,-20.0,0.2174115777015686
156652,-21.0,0.22215382754802704
157493,-20.0,0.22026272118091583
158352,-20.0,0.22222204506397247
159231,-21.0,0.21981194615364075
160012,-21.0,0.21960188448429108
160863,-21.0,0.21882489323616028
161759,-21.0,0.24671781063079834
162601,-21.0,0.24226519465446472
163501,-21.0,0.23060770332813263
164373,-21.0,0.22929047048091888
165218,-21.0,0.22755253314971924
166050,-20.0,0.229624941945076
166889,-20.0,0.2248620241880417
167681,-21.0,0.268899530172348
168518,-20.0,0.22997674345970154
169340,-21.0,0.22894391417503357
170118,-21.0,0.2329380214214325
170996,-21.0,0.22368893027305603
171995,-21.0,0.22785699367523193
172757,-21.0,0.24290220439434052
173561,-21.0,0.22227990627288818
174386,-21.0,0.22387070953845978
175223,-20.0,0.2255123406648636
176046,-21.0,0.2249964475631714
176997,-20.0,0.2285696566104889
177820,-21.0,0.22413644194602966
178824,-19.0,0.22962892055511475
179893,-19.0,0.22793763875961304
180802,-21.0,0.22928957641124725
181799,-19.0,0.23001274466514587
182728,-20.0,0.22492143511772156
183629,-20.0,0.23575635254383087
184438,-21.0,0.2242291122674942
185258,-21.0,0.2311352789402008
186173,-20.0,0.2295762598514557
187089,-20.0,0.2290637493133545
187927,-20.0,0.22881945967674255
188745,-21.0,0.23060345649719238
189681,-19.0,0.228194460272789
190673,-20.0,0.24241255223751068
191728,-19.0,0.22882497310638428
192700,-21.0,0.2265341430902481
193517,-21.0,0.2288825809955597
194368,-21.0,0.22851718962192535
195214,-21.0,0.22994112968444824
195973,-21.0,0.22842612862586975
196838,-20.0,0.22639873623847961
197754,-20.0,0.23699450492858887
198541,-21.0,0.24463826417922974
199363,-21.0,0.22765818238258362
200210,-21.0,0.23627427220344543
201178,-21.0,0.2374807596206665
201966,-21.0,0.23860906064510345
202900,-19.0,0.23685678839683533
203752,-21.0,0.2344125360250473
204707,-21.0,0.23787790536880493
205482,-21.0,0.23976737260818481
206392,-21.0,0.23543629050254822
207349,-20.0,0.23733264207839966
208265,-20.0,0.23860402405261993
209029,-21.0,0.2352004051208496
210046,-20.0,0.23463517427444458
210868,-21.0,0.235089510679245
211795,-20.0,0.239842027425766
212558,-21.0,0.23448045551776886
213423,-21.0,0.24002885818481445
214334,-20.0,0.2358267605304718
215158,-21.0,0.23797249794006348
215994,-21.0,0.24832862615585327
216758,-21.0,0.25885698199272156
217606,-21.0,0.23483601212501526
218364,-21.0,0.2507432699203491
219265,-20.0,0.23742231726646423
220183,-20.0,0.2481532245874405
221128,-21.0,0.23358827829360962
222012,-21.0,0.23895512521266937
222827,-21.0,0.23533844947814941
223644,-21.0,0.2397303581237793
224405,-21.0,0.24475350975990295
225451,-19.0,0.23674434423446655
226424,-21.0,0.23681223392486572
227182,-21.0,0.2327282428741455
228003,-21.0,0.23621240258216858
228945,-21.0,0.23827245831489563
229985,-21.0,0.23922854661941528
230881,-20.0,0.23782199621200562
231670,-21.0,0.23716919124126434
232593,-20.0,0.24996769428253174
233412,-21.0,0.24221259355545044
234202,-21.0,0.2551434338092804
235040,-20.0,0.2345343381166458
235864,-21.0,0.23626214265823364
236716,-21.0,0.23965488374233246
237655,-21.0,0.2316184639930725
238502,-21.0,0.2375534474849701
239440,-21.0,0.2272835522890091
240256,-21.0,0.23761865496635437
241137,-21.0,0.24473513662815094
241959,-21.0,0.24495136737823486
242859,-20.0,0.24166244268417358
243732,-21.0,0.2446361780166626
244494,-21.0,0.24471989274024963
245252,-21.0,0.2432296872138977
246077,-21.0,0.2505771517753601
247019,-21.0,0.2431371659040451
247861,-20.0,0.24333767592906952
248672,-21.0,0.24671857059001923
249490,-21.0,0.24261707067489624
250275,-21.0,0.24292081594467163
251154,-21.0,0.24582865834236145
251978,-21.0,0.24270160496234894
252861,-21.0,0.24232494831085205
253700,-20.0,0.25385984778404236
254521,-21.0,0.2669253349304199
255339,-21.0,0.25543031096458435
256159,-21.0,0.24710822105407715
257037,-21.0,0.25687146186828613
257857,-21.0,0.2409677356481552
258637,-21.0,0.24581408500671387
259399,-21.0,0.26863768696784973
260157,-21.0,0.2490396499633789
260916,-21.0,0.2468283325433731
261706,-21.0,0.24417178332805634
262684,-19.0,0.24137000739574432
263525,-20.0,0.24443376064300537
264282,-21.0,0.24641448259353638
265121,-20.0,0.24535629153251648
265945,-21.0,0.24659061431884766
266842,-21.0,0.24715153872966766
267726,-21.0,0.2580161392688751
268484,-21.0,0.2436220794916153
269422,-21.0,0.2466941773891449
270240,-21.0,0.24216049909591675
271077,-20.0,0.2575080692768097
271912,-20.0,0.24749603867530823
272671,-21.0,0.2406424880027771
273477,-21.0,0.24170926213264465
274254,-21.0,0.24363011121749878
275091,-20.0,0.24237099289894104
275878,-21.0,0.26368770003318787
276637,-21.0,0.2593304514884949
277455,-21.0,0.24754610657691956
278326,-21.0,0.24510374665260315
279086,-21.0,0.24449284374713898
279964,-21.0,0.24269135296344757
280783,-21.0,0.24744927883148193
281680,-20.0,0.25403302907943726
282443,-21.0,0.24915030598640442
283280,-20.0,0.254130482673645
284044,-21.0,0.2611813545227051
284866,-21.0,0.25636187195777893
285768,-20.0,0.2705060839653015
286619,-21.0,0.24882858991622925
287463,-21.0,0.25237783789634705
288275,-21.0,0.2637058198451996
289094,-21.0,0.24881528317928314
289880,-21.0,0.2555151581764221
290823,-21.0,0.263326495885849
291692,-20.0,0.2547297477722168
292588,-20.0,0.2525230050086975
293394,-21.0,0.2581387162208557
294270,-20.0,0.25691449642181396
295099,-21.0,0.25234073400497437
296153,-18.0,0.2522954046726227
297076,-20.0,0.24947236478328705
297979,-21.0,0.2509741187095642
298759,-21.0,0.25427597761154175
299662,-21.0,0.252858966588974
300588,-20.0,0.2590778172016144
301396,-21.0,0.2563777565956116
302229,-20.0,0.25546666979789734
303115,-21.0,0.25201767683029175
303875,-21.0,0.2536572813987732
304745,-21.0,0.2648056745529175
305629,-21.0,0.2647045850753784
306572,-21.0,0.25035321712493896
307440,-20.0,0.2553715407848358
308230,-21.0,0.25502240657806396
309054,-21.0,0.26693809032440186
309940,-21.0,0.2540374994277954
310731,-21.0,0.2696218490600586
311611,-21.0,0.250028133392334
312464,-21.0,0.25376999378204346
313249,-21.0,0.2648393511772156
314031,-21.0,0.25484180450439453
314922,-20.0,0.25349581241607666
315738,-21.0,0.2525508403778076
316633,-21.0,0.24642989039421082
317454,-21.0,0.2681821882724762
318333,-21.0,0.25471848249435425
319266,-19.0,0.2592562735080719
320088,-21.0,0.2514045834541321
320998,-21.0,0.2513609826564789
321889,-20.0,0.2652202844619751
322712,-21.0,0.264498233795166
323534,-21.0,0.25998741388320923
324386,-21.0,0.26038432121276855
325174,-21.0,0.2645556628704071
325991,-21.0,0.29010626673698425
326847,-20.0,0.26395633816719055
327904,-20.0,0.26652902364730835
328696,-21.0,0.2743545174598694
329474,-21.0,0.2626631557941437
330316,-21.0,0.260662317276001
331092,-21.0,0.27965009212493896
331901,-21.0,0.26339471340179443
332661,-21.0,0.26284486055374146
333421,-21.0,0.2630215585231781
334270,-21.0,0.2734838128089905
335033,-21.0,0.27065885066986084
335791,-21.0,0.26568761467933655
336570,-21.0,0.2638434171676636
337387,-21.0,0.26149994134902954
338210,-21.0,0.2622408866882324
338969,-21.0,0.25865867733955383
339816,-21.0,0.2622857689857483
340605,-21.0,0.26221394538879395
341471,-20.0,0.2603417634963989
342250,-21.0,0.2887980043888092
343097,-21.0,0.2672097682952881
343903,-21.0,0.25749364495277405
344722,-21.0,0.2606791853904724
345692,-21.0,0.2773565649986267
346689,-19.0,0.25873470306396484
347480,-21.0,0.2682793140411377
348331,-20.0,0.25971969962120056
349118,-21.0,0.2650067210197449
350089,-21.0,0.27867648005485535
350915,-21.0,0.27705705165863037
351785,-21.0,0.26106807589530945
352628,-21.0,0.2649337649345398
353510,-21.0,0.27896249294281006
354393,-21.0,0.2872335612773895
355174,-21.0,0.2609829604625702
355988,-21.0,0.2638896703720093
356962,-19.0,0.26285165548324585
357809,-21.0,0.27091389894485474
358691,-21.0,0.2604162096977234
359531,-20.0,0.2753441333770752
360369,-21.0,0.2559265196323395
361407,-19.0,0.27140480279922485
362348,-21.0,0.2796635627746582
363124,-21.0,0.2842247188091278
363946,-21.0,0.26985278725624084
364768,-21.0,0.2678319215774536
365648,-21.0,0.2834245264530182
366468,-21.0,0.26801759004592896
367292,-21.0,0.26982975006103516
368112,-21.0,0.2760432958602905
368930,-21.0,0.27319031953811646
369720,-21.0,0.27078792452812195
370681,-20.0,0.2644088864326477
371518,-20.0,0.27699050307273865
372488,-21.0,0.28235724568367004
373247,-21.0,0.2847939729690552
374143,-21.0,0.272298663854599
374901,-21.0,0.2738327980041504
375681,-21.0,0.2623448371887207
376469,-21.0,0.2722853720188141
377289,-21.0,0.28346672654151917
378183,-20.0,0.26916399598121643
379051,-20.0,0.26843172311782837
379984,-19.0,0.2758423686027527
380774,-21.0,0.2699820101261139
381658,-21.0,0.28083038330078125
382560,-20.0,0.27092307806015015
383505,-20.0,0.2669360041618347
384351,-21.0,0.2688378691673279
385168,-21.0,0.26948946714401245
386093,-21.0,0.2661834955215454
386918,-21.0,0.2764475345611572
387763,-21.0,0.26888230443000793
388580,-21.0,0.271646648645401
389487,-21.0,0.2895960211753845
390368,-21.0,0.2710624039173126
391131,-21.0,0.2846895456314087
391891,-21.0,0.269344687461853
392772,-21.0,0.26685652136802673
393772,-21.0,0.2705174684524536
394564,-21.0,0.27383190393447876
395405,-20.0,0.2786647081375122
396242,-20.0,0.2694624364376068
397031,-21.0,0.2698795795440674
397880,-21.0,0.2654304802417755
398729,-21.0,0.2688668668270111
399517,-21.0,0.2720978260040283
400279,-21.0,0.2699027955532074
401146,-20.0,0.2752319276332855
402111,-19.0,0.2828136086463928
403085,-21.0,0.27196717262268066
403965,-21.0,0.2811397612094879
404788,-21.0,0.2775340676307678
405642,-21.0,0.3041633665561676
406418,-21.0,0.28017640113830566
407209,-21.0,0.27426522970199585
408094,-21.0,0.2785176634788513
408985,-20.0,0.2851297855377197
409804,-21.0,0.27646732330322266
410567,-21.0,0.275393545627594
411388,-21.0,0.2694949507713318
412273,-21.0,0.27235686779022217
413114,-20.0,0.27782100439071655
413874,-21.0,0.27345144748687744
414634,-21.0,0.28931981325149536
415482,-21.0,0.2943859100341797
416438,-20.0,0.27428680658340454
417288,-21.0,0.2717217206954956
418152,-21.0,0.2781965434551239
418915,-21.0,0.28014037013053894
419705,-21.0,0.2735995054244995
420493,-21.0,0.2770136892795563
421253,-21.0,0.29126739501953125
422079,-21.0,0.2851932644844055
422897,-21.0,0.29585033655166626
423654,-21.0,0.2706819772720337
424535,-21.0,0.2760172486305237
425357,-21.0,0.28700029850006104
426192,-20.0,0.27899840474128723
427010,-21.0,0.29004138708114624
427826,-21.0,0.27450770139694214
428739,-21.0,0.2677135467529297
429647,-20.0,0.26868733763694763
430494,-21.0,0.2805235981941223
431378,-21.0,0.2741481065750122
432276,-20.0,0.29074808955192566
433063,-21.0,0.28927814960479736
433883,-21.0,0.27732425928115845
434670,-21.0,0.2746904492378235
435489,-21.0,0.2847644090652466
436418,-20.0,0.27284643054008484
437256,-20.0,0.27812331914901733
438154,-20.0,0.29154711961746216
438915,-21.0,0.3072352409362793
439795,-21.0,0.2962004244327545
440784,-21.0,0.2765616774559021
441720,-19.0,0.27807700634002686
442503,-21.0,0.28471145033836365
443260,-21.0,0.30053210258483887
444159,-20.0,0.28775522112846375
444919,-21.0,0.29914677143096924
445757,-21.0,0.27874189615249634
446639,-21.0,0.2848351001739502
447462,-21.0,0.2954022288322449
448413,-20.0,0.2866790294647217
449171,-21.0,0.28621718287467957
449992,-21.0,0.2878599464893341
450777,-21.0,0.2827070355415344
451660,-21.0,0.28464335203170776
452496,-20.0,0.32532113790512085
453278,-21.0,0.27976325154304504
454114,-21.0,0.28360921144485474
454892,-21.0,0.272185742855072
455678,-21.0,0.30923089385032654
456555,-21.0,0.29616254568099976
457377,-21.0,0.2845289707183838
458278,-20.0,0.29145920276641846
459056,-21.0,0.30732929706573486
459902,-21.0,0.30133238434791565
460719,-21.0,0.28660932183265686
461542,-21.0,0.27933257818222046
462331,-21.0,0.2747141718864441
463248,-20.0,0.2818719446659088
464128,-21.0,0.298088937997818
465022,-20.0,0.2871299386024475
465861,-20.0,0.2903227210044861
466679,-21.0,0.28391146659851074
467468,-21.0,0.2818015217781067
468254,-21.0,0.28579962253570557
469078,-21.0,0.2896440029144287
469921,-20.0,0.28806042671203613
470680,-21.0,0.2823226749897003
471550,-20.0,0.29061973094940186
472314,-21.0,0.2890768051147461
473178,-20.0,0.2928162217140198
473968,-21.0,0.2922043800354004
474810,-21.0,0.2857113182544708
475599,-21.0,0.28997868299484253
476516,-19.0,0.30673494935035706
477358,-20.0,0.30456721782684326
478236,-21.0,0.3081086277961731
479021,-21.0,0.3141617774963379
479918,-21.0,0.2958877682685852
480896,-19.0,0.28808003664016724
481656,-21.0,0.31932705640792847
482418,-21.0,0.2988761067390442
483257,-20.0,0.3001518249511719
484076,-21.0,0.2951602041721344
484838,-21.0,0.2946072816848755
485649,-21.0,0.2912890315055847
486485,-20.0,0.30476856231689453
487244,-21.0,0.29471683502197266
488101,-20.0,0.29428115487098694
488860,-21.0,0.29844215512275696
489666,-21.0,0.2927228808403015
490576,-21.0,0.3021652102470398
491400,-21.0,0.2994840145111084
492265,-21.0,0.3083692789077759
493086,-21.0,0.2965224087238312
493908,-21.0,0.29857683181762695
494671,-21.0,0.3017510175704956
495523,-21.0,0.2931492030620575
496526,-19.0,0.2916308045387268
497366,-20.0,0.29879623651504517
498262,-20.0,0.29779738187789917
499082,-21.0,0.2889400124549866
499844,-21.0,0.2874428331851959
500710,-20.0,0.2974534034729004
501501,-21.0,0.29891541600227356
502342,-20.0,0.3093991279602051
503178,-20.0,0.29012876749038696
504048,-21.0,0.2987440824508667
504809,-21.0,0.31289738416671753
505572,-21.0,0.29974430799484253
506333,-21.0,0.29717838764190674
507121,-21.0,0.31832224130630493
507957,-21.0,0.2889179587364197
508876,-19.0,0.294818639755249
509662,-21.0,0.28814592957496643
510619,-20.0,0.30690598487854004
511379,-21.0,0.2964596152305603
512222,-20.0,0.31750786304473877
513042,-21.0,0.29633209109306335
513800,-21.0,0.28844165802001953
514563,-21.0,0.3137478828430176
515320,-21.0,0.2815473675727844
516175,-21.0,0.30095550417900085
516994,-21.0,0.3207783102989197
517784,-21.0,0.3054664731025696
518635,-21.0,0.29478195309638977
519396,-21.0,0.29820021986961365
520214,-21.0,0.2967866063117981
521156,-21.0,0.3068627417087555
521917,-21.0,0.3143348693847656
522674,-21.0,0.31427237391471863
523438,-21.0,0.3187573254108429
524197,-21.0,0.31728577613830566
524977,-21.0,0.3190830945968628
525738,-21.0,0.2988834083080292
526759,-20.0,0.3267638087272644
527583,-21.0,0.29609328508377075
528420,-21.0,0.3135371208190918
529359,-21.0,0.31971174478530884
530182,-21.0,0.30811023712158203
531006,-21.0,0.3004462718963623
531823,-21.0,0.29274898767471313
532757,-19.0,0.30596858263015747
533778,-20.0,0.3015117645263672
534592,-21.0,0.3250400424003601
535349,-21.0,0.30382490158081055
536310,-21.0,0.3074943423271179
537145,-20.0,0.30377697944641113
538189,-20.0,0.3056250810623169
539110,-20.0,0.30211418867111206
539898,-21.0,0.31722867488861084
540801,-21.0,0.3350619673728943
541639,-20.0,0.2992061972618103
542417,-21.0,0.3136919438838959
543180,-21.0,0.30770689249038696
544109,-21.0,0.3035036623477936
544992,-21.0,0.30445027351379395
545749,-21.0,0.3056699335575104
546507,-21.0,0.31670212745666504
547325,-21.0,0.2996915578842163
548083,-21.0,0.3058273494243622
548840,-21.0,0.28963449597358704
549597,-21.0,0.3051178753376007
550545,-19.0,0.3119972050189972
551416,-21.0,0.3001241683959961
552178,-21.0,0.3103340268135071
552969,-21.0,0.3062360882759094
553788,-21.0,0.3186289370059967
554546,-21.0,0.30441364645957947
555410,-21.0,0.30891045928001404
556249,-20.0,0.2954177260398865
557129,-20.0,0.30577874183654785
557951,-21.0,0.3160130977630615
558773,-21.0,0.2967187166213989
559531,-21.0,0.29806679487228394
560397,-20.0,0.30358877778053284
561157,-21.0,0.3048904538154602
561994,-20.0,0.30054864287376404
562831,-20.0,0.3165556788444519
563802,-20.0,0.3171503245830536
564757,-20.0,0.30637240409851074
565580,-21.0,0.3088698387145996
566337,-21.0,0.3122473955154419
567173,-20.0,0.3058074712753296
567935,-21.0,0.3263825476169586
568786,-21.0,0.3240886330604553
569622,-21.0,0.318543016910553
570383,-21.0,0.31751924753189087
571141,-21.0,0.3459419012069702
571983,-20.0,0.3194648027420044
572742,-21.0,0.32552358508110046
573504,-21.0,0.3267335295677185
574384,-21.0,0.3104596734046936
575144,-21.0,0.30862700939178467
575996,-21.0,0.3057817816734314
576755,-21.0,0.33832231163978577
577635,-21.0,0.3302748501300812
578423,-21.0,0.31821149587631226
579187,-21.0,0.31465840339660645
579950,-21.0,0.29708486795425415
580773,-21.0,0.3143236041069031
581536,-21.0,0.3170925974845886
582526,-19.0,0.3026295304298401
583288,-21.0,0.31871461868286133
584050,-21.0,0.31015294790267944
584809,-21.0,0.3111696243286133
585589,-21.0,0.3073209524154663
586353,-21.0,0.31303665041923523
587111,-21.0,0.3263464570045471
588041,-20.0,0.308523029088974
588801,-21.0,0.30817386507987976
589619,-21.0,0.3351610600948334
590380,-21.0,0.3011670708656311
591198,-21.0,0.31318843364715576
591984,-21.0,0.31234216690063477
592793,-21.0,0.3355999290943146
593636,-21.0,0.329337477684021
594396,-21.0,0.3088570237159729
595185,-21.0,0.3118859529495239
595943,-21.0,0.30706942081451416
596829,-20.0,0.3149506151676178
597648,-21.0,0.31729069352149963
598525,-21.0,0.30177706480026245
599422,-20.0,0.3234861493110657
600245,-21.0,0.3173624277114868
601069,-21.0,0.31568828225135803
602000,-19.0,0.3220844864845276
602761,-21.0,0.3279459476470947
603659,-20.0,0.30672961473464966
604476,-21.0,0.3294339179992676
605235,-21.0,0.32013869285583496
606116,-21.0,0.31616708636283875
606876,-21.0,0.3229221701622009
607668,-21.0,0.3157857060432434
608427,-21.0,0.31652581691741943
609218,-21.0,0.32779547572135925
610115,-20.0,0.33224862813949585
610904,-21.0,0.32322174310684204
611664,-21.0,0.32169821858406067
612421,-21.0,0.3252386450767517
613246,-21.0,0.3348589241504669
614069,-21.0,0.3161274194717407
615013,-19.0,0.32510828971862793
615838,-21.0,0.32519418001174927
616628,-21.0,0.30905789136886597
617391,-21.0,0.3281882703304291
618293,-20.0,0.3286130428314209
619148,-21.0,0.3221490979194641
619988,-20.0,0.301990807056427
620748,-21.0,0.3148190975189209
621684,-19.0,0.354867160320282
622447,-21.0,0.33965617418289185
623208,-21.0,0.3210413157939911
623996,-21.0,0.31816384196281433
624813,-21.0,0.32344937324523926
625753,-21.0,0.32030171155929565
626575,-21.0,0.32681289315223694
627394,-21.0,0.30705276131629944
628153,-21.0,0.33232179284095764
628913,-21.0,0.32100921869277954
629811,-21.0,0.32516637444496155
630631,-21.0,0.3512991964817047
631513,-21.0,0.32897526025772095
632314,-21.0,0.3173069655895233
633071,-21.0,0.33075034618377686
633834,-21.0,0.3315853774547577
634596,-21.0,0.33338797092437744
635358,-21.0,0.31904488801956177
636115,-21.0,0.32247650623321533
636875,-21.0,0.3194682002067566
637634,-21.0,0.30710604786872864
638500,-20.0,0.329144686460495
639397,-20.0,0.3328266739845276
640157,-21.0,0.3464308977127075
641041,-21.0,0.31522148847579956
641860,-21.0,0.333243727684021
642648,-21.0,0.3311472535133362
643470,-21.0,0.34020736813545227
644405,-19.0,0.3382132053375244
645236,-20.0,0.34901827573776245
645997,-21.0,0.3378005623817444
646761,-21.0,0.35531938076019287
647521,-21.0,0.32921892404556274
648301,-21.0,0.33872151374816895
649063,-21.0,0.33204177021980286
649820,-21.0,0.327578604221344
650578,-21.0,0.30665090680122375
651338,-21.0,0.3263322710990906
652352,-19.0,0.3199615478515625
653247,-20.0,0.31619012355804443
654004,-21.0,0.3204491138458252
654962,-19.0,0.3214375972747803
655722,-21.0,0.3153829872608185
656623,-21.0,0.3319495618343353
657381,-21.0,0.3265896439552307
658232,-21.0,0.32124006748199463
659079,-21.0,0.31701892614364624
660067,-18.0,0.3355715274810791
661104,-19.0,0.35118567943573
661913,-21.0,0.34447187185287476
662670,-21.0,0.32712358236312866
663483,-21.0,0.32818546891212463
664246,-21.0,0.328464150428772
665029,-21.0,0.310584157705307
665788,-21.0,0.35661065578460693
666546,-21.0,0.35064077377319336
667304,-21.0,0.3335149586200714
668065,-21.0,0.3210671544075012
668914,-21.0,0.313227117061615
669749,-20.0,0.33131760358810425
670570,-21.0,0.32419711351394653
671328,-21.0,0.334863543510437
672146,-21.0,0.31524527072906494
672964,-21.0,0.3313838243484497
673874,-21.0,0.3113269805908203
674635,-21.0,0.3291443884372711
675396,-21.0,0.326055109500885
676153,-21.0,0.3127707839012146
677020,-21.0,0.3170042335987091
677862,-20.0,0.323600709438324
678714,-21.0,0.3370603024959564
679595,-21.0,0.34497296810150146
680481,-20.0,0.3256601095199585
681245,-21.0,0.3354666829109192
682009,-21.0,0.33668848872184753
682771,-21.0,0.33612245321273804
683619,-21.0,0.34967637062072754
684592,-21.0,0.3387528359889984
685414,-21.0,0.32468944787979126
686173,-21.0,0.32742857933044434
686994,-21.0,0.3408617079257965
687756,-21.0,0.324831485748291
688574,-21.0,0.32973426580429077
689355,-21.0,0.32076913118362427
690114,-21.0,0.32338154315948486
690931,-21.0,0.341606080532074
691693,-21.0,0.3344656229019165
692533,-20.0,0.3371656537055969
693385,-21.0,0.3213353753089905
694268,-21.0,0.31716811656951904
695026,-21.0,0.32442405819892883
695785,-21.0,0.3211674988269806
696547,-21.0,0.35389795899391174
697338,-21.0,0.32908523082733154
698233,-20.0,0.318006694316864
699021,-21.0,0.3278104066848755
699842,-21.0,0.3324592113494873
700599,-21.0,0.32572758197784424
701448,-21.0,0.32788702845573425
702265,-21.0,0.3344428539276123
703026,-21.0,0.3491482734680176
703845,-21.0,0.351215660572052
704604,-21.0,0.33676549792289734
705454,-21.0,0.3605681359767914
706262,-21.0,0.32390856742858887
707019,-21.0,0.33309507369995117
707779,-21.0,0.32209381461143494
708540,-21.0,0.33030039072036743
709332,-21.0,0.35101422667503357
710118,-21.0,0.32774877548217773
710877,-21.0,0.34684431552886963
711634,-21.0,0.3409314453601837
712391,-21.0,0.3499113917350769
713206,-21.0,0.3177061676979065
713966,-21.0,0.3252437710762024
714803,-20.0,0.34700360894203186
715560,-21.0,0.33467423915863037
716381,-21.0,0.3328394591808319
717144,-21.0,0.34381499886512756
717998,-21.0,0.3314442038536072
718761,-21.0,0.3365896940231323
719597,-20.0,0.3251110911369324
720361,-21.0,0.33780598640441895
721182,-21.0,0.32885098457336426
722095,-20.0,0.3353171646595001
722854,-21.0,0.33292409777641296
723633,-21.0,0.32289403676986694
724529,-20.0,0.3297326862812042
725318,-21.0,0.33486655354499817
726196,-21.0,0.32277756929397583
726988,-21.0,0.35425329208374023
727945,-20.0,0.3594580292701721
728785,-20.0,0.3573649227619171
729543,-21.0,0.329048216342926
730300,-21.0,0.34002676606178284
731060,-21.0,0.33193737268447876
731823,-21.0,0.335170179605484
732585,-21.0,0.3489646315574646
733348,-21.0,0.3281635642051697
734289,-20.0,0.3242393732070923
735047,-21.0,0.3562697768211365
735809,-21.0,0.33762532472610474
736570,-21.0,0.3354371190071106
737329,-21.0,0.3348085582256317
738087,-21.0,0.3584121763706207
738845,-21.0,0.3191285729408264
739801,-19.0,0.33999237418174744
740600,-21.0,0.3325546383857727
741357,-21.0,0.3255808651447296
742114,-21.0,0.34893640875816345
743134,-19.0,0.3238603472709656
743897,-21.0,0.3334299623966217
744763,-21.0,0.3344493508338928
745586,-21.0,0.3534703850746155
746348,-21.0,0.3453885316848755
747107,-21.0,0.3232402205467224
747867,-21.0,0.3413832187652588
748628,-21.0,0.33266255259513855
749390,-21.0,0.3754020929336548
750247,-21.0,0.3246840238571167
751244,-20.0,0.3333650827407837
752008,-21.0,0.3455479145050049
752768,-21.0,0.33650681376457214
753531,-21.0,0.3426293730735779
754450,-20.0,0.3522370159626007
755210,-21.0,0.32331904768943787
756030,-21.0,0.33865752816200256
756793,-21.0,0.3335966467857361
757694,-20.0,0.332979679107666
758451,-21.0,0.3433852791786194
759208,-21.0,0.35266146063804626
759995,-21.0,0.34358757734298706
760758,-21.0,0.3364843428134918
761517,-21.0,0.340884804725647
762447,-20.0,0.3429286777973175
763377,-20.0,0.3358183205127716
764140,-21.0,0.3581376075744629
764915,-21.0,0.343199759721756
765780,-21.0,0.3267737925052643
766617,-21.0,0.3458264470100403
767375,-21.0,0.32528042793273926
768133,-21.0,0.34172552824020386
768953,-21.0,0.3358992338180542
769785,-20.0,0.34400445222854614
770661,-21.0,0.3376885950565338
771423,-21.0,0.34814155101776123
772182,-21.0,0.36623436212539673
772940,-21.0,0.351679265499115
773805,-21.0,0.3435036242008209
774566,-21.0,0.3633604347705841
775328,-21.0,0.33068332076072693
776090,-21.0,0.35188156366348267
776850,-21.0,0.34594613313674927
777612,-21.0,0.3332837224006653
778452,-20.0,0.35419929027557373
779313,-21.0,0.33712446689605713
780074,-21.0,0.34045758843421936
780898,-21.0,0.33927997946739197
781655,-21.0,0.34915196895599365
782496,-20.0,0.3361752927303314
783255,-21.0,0.3303207755088806
784073,-21.0,0.3430795669555664
784860,-21.0,0.3410446047782898
785621,-21.0,0.3679026961326599
786457,-20.0,0.34628307819366455
787214,-21.0,0.3555839955806732
788035,-21.0,0.3326025903224945
788795,-21.0,0.3401066064834595
789614,-21.0,0.35391783714294434
790440,-21.0,0.34825295209884644
791204,-21.0,0.34853261709213257
791961,-21.0,0.352695107460022
792723,-21.0,0.3278183341026306
793480,-21.0,0.3393750786781311
794512,-19.0,0.34442561864852905
795397,-21.0,0.36265861988067627
796158,-21.0,0.33742597699165344
796915,-21.0,0.33727148175239563
797807,-20.0,0.3783986270427704
798565,-21.0,0.3380850851535797
799388,-21.0,0.3566210865974426
800148,-21.0,0.34844669699668884
800933,-21.0,0.32914912700653076
801724,-21.0,0.3514338433742523
802482,-21.0,0.35043394565582275
803244,-21.0,0.35910987854003906
804085,-20.0,0.32970985770225525
804922,-21.0,0.3376655876636505
805681,-21.0,0.33218249678611755
806440,-21.0,0.3492054343223572
807226,-21.0,0.34181198477745056
807988,-21.0,0.33470386266708374
808748,-21.0,0.3574368357658386
809658,-20.0,0.3403232991695404
810444,-21.0,0.3626214265823364
811207,-21.0,0.35091888904571533
812026,-21.0,0.35152381658554077
812849,-21.0,0.3446395993232727
813762,-20.0,0.34609556198120117
814521,-21.0,0.34989702701568604
815282,-21.0,0.34040606021881104
816059,-21.0,0.35285431146621704
816898,-21.0,0.35686182975769043
817817,-20.0,0.3434237241744995
818579,-21.0,0.3328019976615906
819343,-21.0,0.3436926603317261
820177,-20.0,0.3426607549190521
821022,-21.0,0.3631543517112732
821842,-21.0,0.3653488755226135
822908,-20.0,0.3299003839492798
823775,-20.0,0.3319447636604309
824538,-21.0,0.3765220046043396
825355,-21.0,0.31574898958206177
826177,-21.0,0.33895277976989746
827019,-20.0,0.35299715399742126
827855,-21.0,0.34191808104515076
828677,-21.0,0.344915509223938
829465,-21.0,0.35762786865234375
830228,-21.0,0.34613656997680664
831018,-21.0,0.3683288097381592
831842,-21.0,0.3412681818008423
832601,-21.0,0.33925777673721313
833448,-21.0,0.3573474884033203
834284,-21.0,0.34808725118637085
835044,-21.0,0.34964925050735474
835806,-21.0,0.33139216899871826
836566,-21.0,0.3469184339046478
837326,-21.0,0.34192049503326416
838084,-21.0,0.3510632812976837
838844,-21.0,0.34992921352386475
839625,-21.0,0.3357001841068268
840474,-21.0,0.3658576011657715
841298,-21.0,0.34945017099380493
842061,-21.0,0.3475898504257202
842998,-19.0,0.3558094799518585
843815,-21.0,0.34995096921920776
844695,-21.0,0.35533469915390015
845534,-21.0,0.33751624822616577
846293,-21.0,0.3395145535469055
847113,-21.0,0.3483412265777588
847871,-21.0,0.33764833211898804
848632,-21.0,0.35563212633132935
849391,-21.0,0.34851351380348206
850152,-21.0,0.3543184995651245
850988,-21.0,0.35304850339889526
851745,-21.0,0.35616177320480347
852507,-21.0,0.3366435766220093
853294,-21.0,0.3487205505371094
854053,-21.0,0.3351837694644928
854812,-21.0,0.3405580222606659
855714,-20.0,0.35368090867996216
856628,-21.0,0.36170968413352966
857391,-21.0,0.33561328053474426
858155,-21.0,0.3541135787963867
858913,-21.0,0.34505724906921387
859672,-21.0,0.3260036110877991
860433,-21.0,0.3627845048904419
861191,-21.0,0.3433249890804291
862099,-21.0,0.3506443500518799
862983,-21.0,0.3358975052833557
863741,-21.0,0.3351091742515564
864717,-20.0,0.35146060585975647
865480,-21.0,0.3711312413215637
866237,-21.0,0.36096814274787903
867148,-21.0,0.33009207248687744
868086,-19.0,0.36707520484924316
868925,-20.0,0.3393658399581909
869955,-19.0,0.33678627014160156
870865,-21.0,0.33919695019721985
871683,-21.0,0.33889633417129517
872507,-21.0,0.34957438707351685
873333,-21.0,0.3588515520095825
874181,-21.0,0.3340056240558624
874944,-21.0,0.35520297288894653
875706,-21.0,0.3529035151004791
876546,-21.0,0.3434106111526489
877524,-19.0,0.3334103226661682
878348,-21.0,0.3492184281349182
879133,-21.0,0.3509088456630707
879894,-21.0,0.36735016107559204
880655,-21.0,0.35142210125923157
881416,-21.0,0.354850709438324
882233,-21.0,0.35076791048049927
882991,-21.0,0.36417973041534424
883752,-21.0,0.33626148104667664
884573,-21.0,0.3637888729572296
885529,-20.0,0.3387061655521393
886414,-21.0,0.3314254879951477
887173,-21.0,0.35753193497657776
887931,-21.0,0.3744167387485504
888691,-21.0,0.35697656869888306
889527,-21.0,0.376252144575119
890484,-19.0,0.37182360887527466
891246,-21.0,0.34424498677253723
892008,-21.0,0.3575485348701477
892826,-21.0,0.33051827549934387
893586,-21.0,0.3541796803474426
894347,-21.0,0.35324639081954956
895164,-21.0,0.32392218708992004
896012,-21.0,0.3345913887023926
896771,-21.0,0.34614914655685425
897530,-21.0,0.33224382996559143
898292,-21.0,0.35035061836242676
899130,-20.0,0.3293030858039856
899889,-21.0,0.3319584131240845
900647,-21.0,0.33525550365448
901439,-21.0,0.3379645347595215
902224,-21.0,0.333703875541687
903157,-20.0,0.35484057664871216
903918,-21.0,0.3536803126335144
904678,-21.0,0.37133872509002686
905439,-21.0,0.3286663293838501
906354,-20.0,0.3420298099517822
907115,-21.0,0.3569120764732361
907878,-21.0,0.3590087890625
908641,-21.0,0.3711203336715698
909403,-21.0,0.3471641540527344
910263,-20.0,0.3321244418621063
911025,-21.0,0.3428230285644531
911785,-21.0,0.3414589762687683
912543,-21.0,0.3500789403915405
913300,-21.0,0.35222238302230835
914060,-21.0,0.3600497841835022
914885,-21.0,0.3455345034599304
915706,-21.0,0.34187817573547363
916548,-20.0,0.3774670958518982
917308,-21.0,0.33843645453453064
918070,-21.0,0.3519907593727112
918830,-21.0,0.3620029091835022
919620,-21.0,0.35650700330734253
920383,-21.0,0.3881872892379761
921146,-21.0,0.34436550736427307
921969,-21.0,0.3264589309692383
922759,-21.0,0.3434597849845886
923519,-21.0,0.3498496413230896
924283,-21.0,0.3542584180831909
925146,-20.0,0.3538667559623718
925909,-21.0,0.37079501152038574
926668,-21.0,0.3693530559539795
927432,-21.0,0.35336509346961975
928214,-21.0,0.3520861566066742
928971,-21.0,0.35769355297088623
929728,-21.0,0.3623054623603821
930490,-21.0,0.3432428240776062
931251,-21.0,0.34595829248428345
932011,-21.0,0.3609766960144043
932769,-21.0,0.3629785180091858
933625,-20.0,0.3735896944999695
934383,-21.0,0.34578123688697815
935361,-19.0,0.34512457251548767
936125,-21.0,0.3282853960990906
936982,-20.0,0.36647722125053406
937746,-21.0,0.35752904415130615
938509,-21.0,0.3329986035823822
939271,-21.0,0.3348570168018341
940031,-21.0,0.35111138224601746
940794,-21.0,0.3461984097957611
941556,-21.0,0.3602410554885864
942313,-21.0,0.3692268133163452
943105,-21.0,0.34186670184135437
943869,-21.0,0.3635329604148865
944630,-21.0,0.34813791513442993
945394,-21.0,0.3642474114894867
946157,-21.0,0.3372340798377991
946918,-21.0,0.3622227609157562
947681,-21.0,0.3498341143131256
948676,-20.0,0.3674742579460144
949434,-21.0,0.3594043254852295
950367,-20.0,0.3718312680721283
951128,-21.0,0.3465701639652252
951964,-20.0,0.3547254502773285
952725,-21.0,0.3492206335067749
953591,-20.0,0.3512687683105469
954411,-21.0,0.3327054977416992
955174,-21.0,0.3525713086128235
955935,-21.0,0.3730960488319397
956694,-21.0,0.3788415193557739
957456,-21.0,0.3455735743045807
958294,-20.0,0.36175137758255005
959051,-21.0,0.36630409955978394
959898,-21.0,0.3587845265865326
960720,-21.0,0.33789998292922974
961599,-21.0,0.36399051547050476
962359,-21.0,0.3750537037849426
963148,-21.0,0.3651031255722046
963910,-21.0,0.3796997666358948
964733,-21.0,0.3695796728134155
965490,-21.0,0.3801363706588745
966322,-20.0,0.34072476625442505
967084,-21.0,0.37844184041023254
967843,-21.0,0.3646789789199829
968600,-21.0,0.3851378858089447
969362,-21.0,0.32129478454589844
970126,-21.0,0.3622136414051056
971042,-20.0,0.3451075553894043
971803,-21.0,0.37304359674453735
972691,-21.0,0.35625678300857544
973448,-21.0,0.36777082085609436
974289,-20.0,0.35749632120132446
975049,-21.0,0.3675318956375122
975836,-21.0,0.3421880602836609
976657,-21.0,0.3612503409385681
977414,-21.0,0.3579575717449188
978234,-21.0,0.35583361983299255
978992,-21.0,0.36865001916885376
979754,-21.0,0.3584251403808594
980515,-21.0,0.35890549421310425
981334,-21.0,0.37665796279907227
982092,-21.0,0.35896313190460205
982850,-21.0,0.36729294061660767
983608,-21.0,0.3706129789352417
984536,-20.0,0.3644131124019623
985297,-21.0,0.35421302914619446
986056,-21.0,0.3821253776550293
986895,-20.0,0.3634864091873169
987719,-21.0,0.36324721574783325
988478,-21.0,0.3462468385696411
989239,-21.0,0.3750534653663635
990000,-21.0,0.3827517628669739
990820,-21.0,0.36971527338027954
991706,-21.0,0.3559144139289856
992556,-21.0,0.3577616214752197
993388,-20.0,0.3630993366241455
994146,-21.0,0.3590529263019562
995059,-20.0,0.33690863847732544
995856,-21.0,0.3697361350059509
996616,-21.0,0.3337748646736145
997781,-18.0,0.3481271266937256
998701,-19.0,0.35846567153930664
999610,-21.0,0.35045135021209717
1000430,-21.0,0.3505916893482208
1001251,-21.0,0.34110552072525024
1002008,-21.0,0.366209477186203
1002802,-21.0,0.3514021039009094
1003560,-21.0,0.35181137919425964
1004323,-21.0,0.376046359539032
1005082,-21.0,0.34647753834724426
1005846,-21.0,0.3636997640132904
1006610,-21.0,0.37671151757240295
1007434,-21.0,0.34609782695770264
1008198,-21.0,0.3550693392753601
1008962,-21.0,0.34430867433547974
1009720,-21.0,0.3505713641643524
1010481,-21.0,0.3651506304740906
1011241,-21.0,0.379000723361969
1012002,-21.0,0.35465312004089355
1012899,-20.0,0.36310631036758423
1013662,-21.0,0.35240355134010315
1014570,-19.0,0.3581477105617523
1015333,-21.0,0.39158767461776733
1016150,-21.0,0.3447958827018738
1016908,-21.0,0.3552793264389038
1017788,-21.0,0.3647036850452423
1018565,-21.0,0.36752238869667053
1019326,-21.0,0.36834943294525146
1020088,-21.0,0.34814250469207764
1020848,-21.0,0.35363709926605225
1021669,-21.0,0.3509488105773926
1022812,-17.0,0.39818063378334045
1023570,-21.0,0.3812573552131653
1024334,-21.0,0.3508121371269226
1025097,-21.0,0.3596608638763428
1026010,-21.0,0.351295530796051
1026771,-21.0,0.36785680055618286
1027534,-21.0,0.35483986139297485
1028294,-21.0,0.38333696126937866
1029087,-21.0,0.36082184314727783
1029955,-21.0,0.34442171454429626
1030776,-21.0,0.3524984121322632
1031596,-21.0,0.33581382036209106
1032421,-21.0,0.37220120429992676
1033183,-21.0,0.3828579783439636
1033966,-21.0,0.352744460105896
1034727,-21.0,0.351948082447052
1035517,-21.0,0.4037390947341919
1036279,-21.0,0.35476207733154297
1037039,-21.0,0.336611807346344
1037797,-21.0,0.363722026348114
1038555,-21.0,0.4028623104095459
1039314,-21.0,0.37235027551651
1040073,-21.0,0.3682370185852051
1040835,-21.0,0.3763273358345032
1041688,-21.0,0.37407368421554565
1042529,-20.0,0.34933924674987793
1043288,-21.0,0.36732611060142517
1044047,-21.0,0.3611556887626648
1044832,-21.0,0.351525217294693
1045677,-21.0,0.38769155740737915
1046458,-21.0,0.3695506453514099
1047305,-21.0,0.3623669147491455
1048063,-21.0,0.41022685170173645
1048822,-21.0,0.367747038602829
1049642,-21.0,0.3684210181236267
1050462,-21.0,0.363576740026474
1051221,-21.0,0.3691943883895874
1051983,-21.0,0.35927870869636536
1052740,-21.0,0.3824680745601654
1053519,-21.0,0.3509538769721985
1054309,-21.0,0.3709923326969147
1055071,-21.0,0.3702176511287689
1055834,-21.0,0.36803972721099854
1056594,-21.0,0.3772242069244385
1057355,-21.0,0.404973566532135
1058119,-21.0,0.36798691749572754
1058879,-21.0,0.3772379755973816
1059639,-21.0,0.38989484310150146
1060396,-21.0,0.3764198422431946
1061160,-21.0,0.37721335887908936
1061923,-21.0,0.37087106704711914
1062747,-21.0,0.38701915740966797
1063628,-21.0,0.3763945698738098
1064479,-21.0,0.3415775001049042
1065243,-21.0,0.40068772435188293
1066064,-21.0,0.3570883572101593
1066825,-21.0,0.3688792586326599
1067646,-21.0,0.3855177164077759
1068407,-21.0,0.3537338972091675
1069369,-20.0,0.36959242820739746
1070132,-21.0,0.33886727690696716
1070896,-21.0,0.36832624673843384
1071660,-21.0,0.3519652783870697
1072417,-21.0,0.3637395203113556
1073175,-21.0,0.37393370270729065
1073963,-21.0,0.3548257350921631
1074832,-20.0,0.36976975202560425
1075593,-21.0,0.3777213394641876
1076356,-21.0,0.39291197061538696
1077117,-21.0,0.370771586894989
1077880,-21.0,0.3735124468803406
1078642,-21.0,0.39158153533935547
1079403,-21.0,0.35849103331565857
1080164,-21.0,0.37265443801879883
1080983,-21.0,0.36278125643730164
1081743,-21.0,0.34702473878860474
1082505,-21.0,0.38662219047546387
1083268,-21.0,0.3486141860485077
1084032,-21.0,0.34435760974884033
1084796,-21.0,0.3737567663192749
1085615,-21.0,0.382016122341156
1086465,-21.0,0.38763511180877686
1087225,-21.0,0.38370025157928467
1088048,-21.0,0.37643998861312866
1088836,-21.0,0.3790723979473114
1089656,-21.0,0.3715125024318695
1090417,-21.0,0.3676925301551819
1091204,-21.0,0.34643077850341797
1091996,-21.0,0.36311599612236023
1092758,-21.0,0.3498065173625946
1093522,-21.0,0.3740285038948059
1094426,-20.0,0.3701229691505432
1095291,-20.0,0.3596806228160858
1096053,-21.0,0.3809128999710083
1096816,-21.0,0.373684823513031
1097576,-21.0,0.3775094747543335
1098398,-21.0,0.3651895523071289
1099157,-21.0,0.37051811814308167
1099982,-21.0,0.3715627193450928
1100745,-21.0,0.35327988862991333
1101504,-21.0,0.3916991055011749
1102261,-21.0,0.39686858654022217
1103023,-21.0,0.37947410345077515
1103780,-21.0,0.36764925718307495
1104542,-21.0,0.38512158393859863
1105391,-21.0,0.36100274324417114
1106149,-21.0,0.36107414960861206
1106997,-21.0,0.3600149154663086
1107759,-21.0,0.36048126220703125
1108580,-21.0,0.3681516945362091
1109339,-21.0,0.38911107182502747
1110191,-21.0,0.3726472556591034
1110973,-21.0,0.3603441119194031
1111808,-20.0,0.3733091950416565
1112627,-21.0,0.3754320740699768
1113390,-21.0,0.3549913763999939
1114153,-21.0,0.36323127150535583
1114974,-21.0,0.3527326285839081
1115736,-21.0,0.36152929067611694
1116696,-20.0,0.35826924443244934
1117565,-20.0,0.4115336239337921
1118323,-21.0,0.3746454119682312
1119147,-21.0,0.3598497807979584
1119966,-21.0,0.37486767768859863
1120723,-21.0,0.3676564693450928
1121500,-21.0,0.3680764436721802
1122324,-21.0,0.3612913489341736
1123088,-21.0,0.3619842231273651
1123875,-21.0,0.3735574781894684
1124632,-21.0,0.3629337251186371
1125512,-21.0,0.3593381643295288
1126269,-21.0,0.3836745023727417
1127028,-21.0,0.3411073088645935
1127786,-21.0,0.3634042739868164
1128547,-21.0,0.35334837436676025
1129311,-21.0,0.34960702061653137
1130091,-21.0,0.36789777874946594
1130850,-21.0,0.35354334115982056
1131636,-21.0,0.3807663321495056
1132393,-21.0,0.3417123556137085
1133270,-21.0,0.37243688106536865
1134090,-21.0,0.391892671585083
1134916,-21.0,0.3651566505432129
1135678,-21.0,0.37413209676742554
1136436,-21.0,0.3400152325630188
1137193,-21.0,0.36402711272239685
1137952,-21.0,0.3580356538295746
1138793,-20.0,0.4154132306575775
1139552,-21.0,0.3594725430011749
1140388,-20.0,0.3606393337249756
1141273,-20.0,0.3794741928577423
1142031,-21.0,0.368086576461792
1142849,-21.0,0.37766924500465393
1143637,-21.0,0.37116751074790955
1144397,-21.0,0.384561151266098
1145159,-21.0,0.374211847782135
1145976,-21.0,0.38406839966773987
1146738,-21.0,0.36280399560928345
1147502,-21.0,0.3887055516242981
1148263,-21.0,0.3398212194442749
1149101,-20.0,0.399217426776886
1149940,-20.0,0.36506879329681396
1150698,-21.0,0.3452504873275757
1151462,-21.0,0.37271976470947266
1152248,-21.0,0.3751024007797241
1153148,-20.0,0.37835463881492615
1153933,-21.0,0.3696731925010681
1154691,-21.0,0.3500969707965851
1155515,-21.0,0.3659088611602783
1156274,-21.0,0.3577967882156372
1157098,-21.0,0.3682369291782379
1157941,-21.0,0.3806911110877991
1158701,-21.0,0.38365286588668823
1159460,-21.0,0.3754708766937256
1160220,-21.0,0.3480962812900543
1160984,-21.0,0.34018778800964355
1161770,-21.0,0.3551039397716522
1162551,-21.0,0.35866403579711914
1163331,-21.0,0.36091148853302
1164169,-21.0,0.3805263638496399
1164927,-21.0,0.37404781579971313
1165689,-21.0,0.37564533948898315
1166511,-21.0,0.3807903528213501
1167347,-20.0,0.3973745107650757
1168105,-21.0,0.3873730003833771
1168868,-21.0,0.36218971014022827
1169688,-21.0,0.3610576391220093
1170509,-21.0,0.366504967212677
1171266,-21.0,0.3515249490737915
1172030,-21.0,0.39065825939178467
1172811,-21.0,0.38287660479545593
1173634,-21.0,0.36228764057159424
1174393,-21.0,0.35227102041244507
1175223,-20.0,0.367737352848053
1176041,-21.0,0.3527700901031494
1176849,-21.0,0.33273568749427795
1177667,-21.0,0.3528952896595001
1178426,-21.0,0.35062718391418457
1179187,-21.0,0.3705238699913025
1180008,-21.0,0.371065616607666
1180771,-21.0,0.3717554211616516
1181593,-21.0,0.3689615726470947
1182413,-21.0,0.3922332525253296
1183236,-21.0,0.3657037615776062
1184059,-21.0,0.3543888032436371
1184849,-21.0,0.36863604187965393
1185675,-21.0,0.3828218877315521
1186434,-21.0,0.37565967440605164
1187198,-21.0,0.36372125148773193
1187957,-21.0,0.34842145442962646
1188745,-21.0,0.37534815073013306
1189624,-21.0,0.36224204301834106
1190444,-21.0,0.3553692698478699
1191204,-21.0,0.3968726098537445
1191963,-21.0,0.3772851824760437
1192740,-21.0,0.3712909519672394
1193498,-21.0,0.37156951427459717
1194259,-21.0,0.3672028183937073
1195237,-20.0,0.3637898564338684
1196065,-21.0,0.3475659191608429
1196823,-21.0,0.364413321018219
1197581,-21.0,0.3830067813396454
1198399,-21.0,0.3585924506187439
1199261,-20.0,0.336347371339798
1200159,-20.0,0.3536646366119385
1200944,-21.0,0.34972432255744934
1201870,-20.0,0.3892718255519867
1202648,-21.0,0.36947184801101685
1203411,-21.0,0.3529771566390991
1204203,-21.0,0.3536739945411682
1204961,-21.0,0.3774028718471527
1205818,-20.0,0.3715391755104065
1206578,-21.0,0.368069589138031
1207420,-20.0,0.3666856288909912
1208202,-21.0,0.3789576292037964
1208992,-21.0,0.35249027609825134
1209752,-21.0,0.3695414662361145
1210514,-21.0,0.365543007850647
1211273,-21.0,0.3886852264404297
1212170,-20.0,0.34460991621017456
1212929,-21.0,0.3691449761390686
1213687,-21.0,0.3821067214012146
1214475,-21.0,0.3900676369667053
1215265,-21.0,0.35724109411239624
1216053,-21.0,0.3696540594100952
1216833,-21.0,0.3569316565990448
1217652,-21.0,0.380098819732666
1218428,-21.0,0.3780630826950073
1219185,-21.0,0.3659374415874481
1219942,-21.0,0.3648536503314972
1220742,-21.0,0.37634211778640747
1221562,-21.0,0.4046837091445923
1222321,-21.0,0.3628307580947876
1223216,-20.0,0.3583488166332245
1224085,-20.0,0.37480026483535767
1224921,-20.0,0.3735170364379883
1225682,-21.0,0.3653569221496582
1226461,-21.0,0.33960288763046265
1227251,-21.0,0.361316978931427
1228010,-21.0,0.3519704341888428
1228788,-21.0,0.3569743037223816
1229610,-21.0,0.3711244463920593
1230372,-21.0,0.3708432614803314
1231134,-21.0,0.38489246368408203
1231894,-21.0,0.35241878032684326
1232652,-21.0,0.35826486349105835
1233433,-21.0,0.3877730667591095
1234212,-21.0,0.3830050230026245
1234971,-21.0,0.33991578221321106
1235790,-21.0,0.34495964646339417
1236611,-21.0,0.3950575292110443
1237373,-21.0,0.3618341088294983
1238196,-21.0,0.4170646667480469
1238956,-21.0,0.3565788269042969
1239776,-21.0,0.380667507648468
1240534,-21.0,0.3784211277961731
1241325,-21.0,0.36655184626579285
1242106,-21.0,0.3902621865272522
1242949,-20.0,0.37460774183273315
1243712,-21.0,0.3525611162185669
1244532,-21.0,0.3586398661136627
1245296,-21.0,0.34984710812568665
1246134,-20.0,0.3504526913166046
1246891,-21.0,0.38074058294296265
1247650,-21.0,0.36516785621643066
1248413,-21.0,0.35338741540908813
1249237,-21.0,0.42142772674560547
1250059,-21.0,0.36953699588775635
1250851,-21.0,0.3678061366081238
1251675,-21.0,0.35717442631721497
1252434,-21.0,0.3498132824897766
1253252,-21.0,0.36430829763412476
1254090,-20.0,0.3471015691757202
1254923,-20.0,0.3651927709579468
1255849,-20.0,0.35658249258995056
1256606,-21.0,0.33445751667022705
1257365,-21.0,0.37430042028427124
1258177,-21.0,0.37139463424682617
1259037,-20.0,0.37637919187545776
1259953,-20.0,0.35707682371139526
1260713,-21.0,0.3475133180618286
1261555,-20.0,0.34532883763313293
1262369,-21.0,0.33165308833122253
1263195,-21.0,0.36183470487594604
1264000,-21.0,0.36308005452156067
1264778,-21.0,0.40308696031570435
1265565,-21.0,0.36706817150115967
1266397,-20.0,0.3703615665435791
1267546,-18.0,0.35815197229385376
1268366,-21.0,0.37865787744522095
1269146,-21.0,0.3576490879058838
1269966,-21.0,0.3647155165672302
1270729,-21.0,0.34919506311416626
1271553,-21.0,0.37241849303245544
1272375,-21.0,0.3441627621650696
1273133,-21.0,0.3856213092803955
1273969,-20.0,0.3853961229324341
1274729,-21.0,0.3529638648033142
1275491,-21.0,0.3388957679271698
1276420,-21.0,0.39858362078666687
1277177,-21.0,0.3885851204395294
1277934,-21.0,0.3356979489326477
1278691,-21.0,0.3586200177669525
1279478,-21.0,0.38173389434814453
1280236,-21.0,0.3583419919013977
1280994,-21.0,0.3747279644012451
1281786,-21.0,0.3761404752731323
1282577,-21.0,0.387678861618042
1283397,-21.0,0.4095322787761688
1284155,-21.0,0.3946951627731323
1284945,-21.0,0.37019509077072144
1285793,-21.0,0.3932971656322479
1286556,-21.0,0.3630256652832031
1287373,-21.0,0.3606662452220917
1288164,-21.0,0.3373950719833374
1288984,-21.0,0.39821553230285645
1289880,-20.0,0.39510685205459595
1290781,-20.0,0.376778781414032
1291600,-21.0,0.3574245274066925
1292360,-21.0,0.3870599865913391
1293121,-21.0,0.33184707164764404
1293942,-21.0,0.3715239465236664
1294703,-21.0,0.3638191819190979
1295460,-21.0,0.3618091940879822
1296218,-21.0,0.3699566125869751
1297064,-21.0,0.35360008478164673
1297828,-21.0,0.35053879022598267
1298711,-21.0,0.3599253296852112
1299628,-20.0,0.4020515978336334
1300493,-21.0,0.3368493616580963
1301250,-21.0,0.39758241176605225
1302127,-21.0,0.3830399811267853
1303103,-20.0,0.3646273910999298
1303924,-21.0,0.36055320501327515
1304706,-21.0,0.38046133518218994
1305528,-21.0,0.38331663608551025
1306309,-21.0,0.3556881546974182
1307091,-21.0,0.3894411623477936
1307850,-21.0,0.374990314245224
1308636,-21.0,0.3534689247608185
1309412,-21.0,0.36694973707199097
1310172,-21.0,0.4023740887641907
1310955,-21.0,0.4063563942909241
1311735,-21.0,0.35585129261016846
1312496,-21.0,0.3707910180091858
1313257,-21.0,0.3952412009239197
1314040,-21.0,0.3621978759765625
1314862,-21.0,0.36355024576187134
1315647,-21.0,0.36645302176475525
1316470,-21.0,0.37733256816864014
1317262,-21.0,0.353711873292923
1318021,-21.0,0.34676593542099
1318812,-21.0,0.36124706268310547
1319610,-21.0,0.3547898828983307
1320388,-21.0,0.35275813937187195
1321164,-21.0,0.3382456600666046
1321925,-21.0,0.3774493932723999
1322704,-21.0,0.37151890993118286
1323522,-21.0,0.3630860447883606
1324342,-21.0,0.37337979674339294
1325160,-21.0,0.3597285747528076
1325983,-21.0,0.38364923000335693
1326758,-21.0,0.3672128915786743
1327577,-21.0,0.3591722846031189
1328399,-21.0,0.38028484582901
1329233,-20.0,0.3844429850578308
1329995,-21.0,0.38736194372177124
1330893,-21.0,0.36015254259109497
1331711,-21.0,0.3676213026046753
1332488,-21.0,0.37520062923431396
1333248,-21.0,0.38094431161880493
1334036,-21.0,0.3526900112628937
1334857,-21.0,0.3593062162399292
1335617,-21.0,0.3789964020252228
1336395,-21.0,0.3821885585784912
1337153,-21.0,0.37726083397865295
1337911,-21.0,0.3800791800022125
1338731,-21.0,0.3788595199584961
1339521,-21.0,0.3831941783428192
1340282,-21.0,0.41971442103385925
1341040,-21.0,0.35857564210891724
1341846,-21.0,0.37936362624168396
1342623,-21.0,0.3578396439552307
1343415,-21.0,0.3806600570678711
1344195,-21.0,0.3628551959991455
1344956,-21.0,0.3960440754890442
1345745,-21.0,0.33685675263404846
1346503,-21.0,0.35827070474624634
1347312,-21.0,0.3722113370895386
1348075,-21.0,0.3613269627094269
1348958,-21.0,0.37693995237350464
1349782,-21.0,0.35170894861221313
1350558,-21.0,0.3395269215106964
1351410,-21.0,0.37037530541419983
1352251,-20.0,0.3436611592769623
1353090,-20.0,0.36907726526260376
1353912,-21.0,0.3901258707046509
1354674,-21.0,0.3930385410785675
1355513,-20.0,0.37000590562820435
1356270,-21.0,0.36307138204574585
1357033,-21.0,0.34114930033683777
1357870,-20.0,0.35552552342414856
1358648,-21.0,0.35851189494132996
1359484,-20.0,0.3821905255317688
1360272,-21.0,0.36961376667022705
1361035,-21.0,0.39770686626434326
1361823,-21.0,0.32840442657470703
1362613,-21.0,0.39947324991226196
1363395,-21.0,0.36653128266334534
1364154,-21.0,0.33905029296875
1364918,-21.0,0.35247188806533813
1365743,-21.0,0.37667858600616455
1366535,-21.0,0.3711414635181427
1367400,-20.0,0.35338670015335083
1368210,-21.0,0.3660327196121216
1368996,-21.0,0.35768312215805054
1369755,-21.0,0.3663371801376343
1370512,-21.0,0.38989245891571045
1371287,-21.0,0.35618871450424194
1372073,-21.0,0.38486921787261963
1372835,-21.0,0.36862510442733765
1373660,-21.0,0.36772972345352173
1374480,-21.0,0.3882805407047272
1375242,-21.0,0.3380354046821594
1376002,-21.0,0.3947681486606598
1376766,-21.0,0.36414653062820435
1377559,-21.0,0.39027515053749084
1378339,-21.0,0.37374189496040344
1379176,-21.0,0.34739986062049866
1379963,-21.0,0.3759925961494446
1380750,-21.0,0.36240875720977783
1381541,-21.0,0.37752407789230347
1382372,-20.0,0.3834979832172394
1383131,-21.0,0.33993494510650635
1383990,-20.0,0.37382593750953674
1384777,-21.0,0.3740348517894745
1385609,-20.0,0.3535475730895996
1386536,-19.0,0.3656195402145386
1387322,-21.0,0.3739416003227234
1388108,-21.0,0.3585488200187683
1388893,-21.0,0.40209323167800903
1389653,-21.0,0.3772183358669281
1390469,-21.0,0.3667852580547333
1391256,-21.0,0.38038623332977295
1392013,-21.0,0.3663504421710968
1392854,-20.0,0.40469294786453247
1393645,-21.0,0.4000980854034424
1394409,-21.0,0.3700447082519531
1395187,-21.0,0.3777729868888855
1395964,-21.0,0.3396211564540863
1396723,-21.0,0.39220184087753296
1397558,-20.0,0.37199151515960693
1398393,-20.0,0.3913021683692932
1399212,-21.0,0.39764124155044556
1399972,-21.0,0.3692794442176819
1400733,-21.0,0.3628804385662079
1401512,-21.0,0.3673906922340393
1402332,-21.0,0.4100370407104492
1403153,-21.0,0.33995816111564636
1403935,-21.0,0.3657470643520355
1404693,-21.0,0.36768901348114014
1405450,-21.0,0.37918147444725037
1406289,-20.0,0.35428130626678467
1407172,-20.0,0.3618350028991699
1407961,-21.0,0.3813628554344177
1408738,-21.0,0.35850095748901367
1409513,-21.0,0.35292333364486694
1410270,-21.0,0.3248588442802429
1411030,-21.0,0.3865901827812195
1411895,-20.0,0.37224650382995605
1412678,-21.0,0.3723248839378357
1413526,-21.0,0.37686887383461
1414285,-21.0,0.3818548321723938
1415075,-21.0,0.38240641355514526
1415911,-20.0,0.3891857862472534
1416700,-21.0,0.35888269543647766
1417538,-20.0,0.3662795424461365
1418300,-21.0,0.3838334083557129
1419168,-20.0,0.38414520025253296
1420015,-21.0,0.39257025718688965
1420846,-20.0,0.3482557237148285
1421622,-21.0,0.3962240219116211
1422386,-21.0,0.4116545021533966
1423236,-21.0,0.39490342140197754
1424019,-21.0,0.3820210099220276
1424843,-21.0,0.381969153881073
1425667,-21.0,0.3945818245410919
1426566,-20.0,0.38620615005493164
1427342,-21.0,0.36426374316215515
1428102,-21.0,0.4056603014469147
1428864,-21.0,0.37924110889434814
1429641,-21.0,0.3767949342727661
1430430,-21.0,0.3926708698272705
1431246,-21.0,0.3794595003128052
1432064,-21.0,0.35136687755584717
1432826,-21.0,0.36448949575424194
1433606,-21.0,0.3508482873439789
1434446,-20.0,0.3576406240463257
1435281,-20.0,0.3367089629173279
1436060,-21.0,0.38171252608299255
1436950,-20.0,0.36537495255470276
1437714,-21.0,0.37098971009254456
1438551,-20.0,0.3956180810928345
1439308,-21.0,0.35384443402290344
1440107,-21.0,0.34237778186798096
1440869,-21.0,0.3388516306877136
1441656,-21.0,0.40364474058151245
1442444,-21.0,0.3517249822616577
1443327,-21.0,0.3679208755493164
1444091,-21.0,0.3691948354244232
1444850,-21.0,0.37205570936203003
1445685,-20.0,0.355995237827301
1446445,-21.0,0.37038272619247437
1447298,-21.0,0.384177029132843
1448183,-21.0,0.3645405173301697
1449022,-20.0,0.39887431263923645
1449879,-20.0,0.3762909770011902
1450749,-20.0,0.3517606556415558
1451605,-21.0,0.386322021484375
1452386,-21.0,0.3743799924850464
1453145,-21.0,0.3707319498062134
1453906,-21.0,0.3356970548629761
1454667,-21.0,0.3562236428260803
1455537,-20.0,0.3527429699897766
1456294,-21.0,0.38324737548828125
1457154,-20.0,0.3789183497428894
1457942,-21.0,0.3540416955947876
1458734,-21.0,0.35963207483291626
1459552,-21.0,0.368649959564209
1460416,-20.0,0.3796347677707672
1461175,-21.0,0.3502510190010071
1461939,-21.0,0.370603084564209
1462721,-21.0,0.367022305727005
1463503,-21.0,0.3852137625217438
1464344,-21.0,0.3851067125797272
1465103,-21.0,0.3846321105957031
1465922,-21.0,0.35354557633399963
1466763,-21.0,0.3718429505825043
1467522,-21.0,0.3730890154838562
1468281,-21.0,0.3958897590637207
1469117,-20.0,0.39468714594841003
1469896,-21.0,0.35508567094802856
1470657,-21.0,0.3590778708457947
1471414,-21.0,0.39075344800949097
1472176,-21.0,0.41028326749801636
1473035,-20.0,0.35892990231513977
1473886,-21.0,0.3585660457611084
1474643,-21.0,0.38866132497787476
1475461,-21.0,0.3824536204338074
1476338,-20.0,0.3872968554496765
1477099,-21.0,0.3518218994140625
1477860,-21.0,0.369424968957901
1478620,-21.0,0.3655092418193817
1479399,-21.0,0.3410806357860565
1480236,-21.0,0.36166539788246155
1480998,-21.0,0.37216657400131226
1481761,-21.0,0.36887413263320923
1482522,-21.0,0.38794922828674316
1483302,-21.0,0.3681117594242096
1484060,-21.0,0.3728107213973999
1484883,-21.0,0.3734261989593506
1485645,-21.0,0.3712068796157837
1486409,-21.0,0.40205371379852295
1487173,-21.0,0.3927873373031616
1487932,-21.0,0.3536735773086548
1488768,-20.0,0.3578729033470154
1489556,-21.0,0.35666680335998535
1490334,-21.0,0.373462975025177
1491152,-21.0,0.3750336766242981
1491943,-21.0,0.3909049928188324
1492733,-21.0,0.3470700979232788
1493511,-21.0,0.4228709936141968
1494291,-21.0,0.363094300031662
1495131,-21.0,0.3986988067626953
1495894,-21.0,0.36447086930274963
1496657,-21.0,0.3753007650375366
1497436,-21.0,0.36941346526145935
1498198,-21.0,0.331277996301651
1498977,-21.0,0.34695929288864136
1499796,-21.0,0.36254531145095825
1500694,-21.0,0.37611812353134155
1501484,-21.0,0.3648393154144287
1502323,-20.0,0.3633355498313904
1503103,-21.0,0.36932969093322754
1503918,-21.0,0.36235252022743225
1504708,-21.0,0.3824501931667328
1505466,-21.0,0.36186516284942627
1506226,-21.0,0.3865482211112976
1507046,-21.0,0.3749232888221741
1507882,-20.0,0.34761714935302734
1508724,-20.0,0.3768341541290283
1509485,-21.0,0.3825012743473053
1510301,-21.0,0.392208456993103
1511092,-21.0,0.36623120307922363
1511946,-21.0,0.3983527421951294
1512707,-21.0,0.34891477227211
1513486,-21.0,0.40049806237220764
1514266,-21.0,0.367004930973053
1515101,-20.0,0.38548868894577026
1515865,-21.0,0.35458219051361084
1516650,-21.0,0.356428325176239
1517469,-21.0,0.38508665561676025
1518255,-21.0,0.37457340955734253
1519072,-21.0,0.3309575915336609
1519832,-21.0,0.35447293519973755
1520609,-21.0,0.392426073551178
1521478,-20.0,0.3641454577445984
1522265,-21.0,0.3934715986251831
1523026,-21.0,0.34278103709220886
1523784,-21.0,0.3661494851112366
1524635,-21.0,0.36306536197662354
1525458,-21.0,0.37355050444602966
1526283,-21.0,0.375421404838562
1527122,-20.0,0.40264421701431274
1527907,-21.0,0.40163153409957886
1528771,-20.0,0.3826504647731781
1529553,-21.0,0.3795170783996582
1530310,-21.0,0.38601040840148926
1531091,-21.0,0.38622039556503296
1531931,-20.0,0.34455621242523193
1532689,-21.0,0.3537561893463135
1533471,-21.0,0.3594073951244354
1534228,-21.0,0.3313559293746948
1535006,-21.0,0.3419171869754791
1535769,-21.0,0.38474899530410767
1536551,-21.0,0.37687936425209045
1537388,-20.0,0.3568832278251648
1538212,-21.0,0.35966265201568604
1539002,-21.0,0.38354289531707764
1539826,-21.0,0.3823883533477783
1540651,-21.0,0.3574987053871155
1541469,-21.0,0.37158846855163574
1542250,-21.0,0.36628371477127075
1543074,-21.0,0.35377228260040283
1543894,-21.0,0.37217622995376587
1544715,-21.0,0.37338584661483765
1545536,-21.0,0.3620396852493286
1546295,-21.0,0.3879282474517822
1547145,-21.0,0.37910735607147217
1547993,-21.0,0.3522067666053772
1548750,-21.0,0.36315375566482544
1549606,-20.0,0.36512166261672974
1550396,-21.0,0.34904247522354126
1551214,-21.0,0.36064356565475464
1552033,-21.0,0.3772791624069214
1552858,-21.0,0.38800448179244995
1553620,-21.0,0.36547422409057617
1554382,-21.0,0.36857134103775024
1555144,-21.0,0.3719422221183777
1555998,-20.0,0.3418801426887512
1556789,-21.0,0.3958020806312561
1557625,-20.0,0.3782031536102295
1558474,-21.0,0.380989134311676
1559264,-21.0,0.37428146600723267
1560101,-20.0,0.3780517280101776
1560938,-20.0,0.3539556860923767
1561758,-21.0,0.3838297128677368
1562581,-21.0,0.39759916067123413
1563370,-21.0,0.37596434354782104
1564192,-21.0,0.3402774930000305
1565011,-21.0,0.39032185077667236
1565844,-20.0,0.3845725655555725
1566668,-21.0,0.37636348605155945
1567500,-20.0,0.3742184340953827
1568320,-21.0,0.36361396312713623
1569138,-21.0,0.3494729995727539
1569973,-20.0,0.3717218041419983
1570796,-21.0,0.3744068145751953
1571728,-19.0,0.3892497420310974
1572505,-21.0,0.3623398542404175
1573268,-21.0,0.3740884065628052
1574089,-21.0,0.4063895344734192
1574849,-21.0,0.3842584490776062
1575782,-19.0,0.371101051568985
1576543,-21.0,0.3879862129688263
1577302,-21.0,0.3588607907295227
1578065,-21.0,0.3743152618408203
1578888,-21.0,0.3416402339935303
1579649,-21.0,0.4152674078941345
1580544,-20.0,0.3887683153152466
1581363,-21.0,0.3480178415775299
1582182,-21.0,0.3748655915260315
1582946,-21.0,0.4197489321231842
1583768,-21.0,0.3416714370250702
1584529,-21.0,0.35712605714797974
1585286,-21.0,0.38757607340812683
1586066,-21.0,0.3439411520957947
1587014,-19.0,0.3752187192440033
1587845,-20.0,0.36366504430770874
1588715,-20.0,0.36694902181625366
1589538,-21.0,0.3494558036327362
1590299,-21.0,0.33801013231277466
1591209,-20.0,0.3674009442329407
1591971,-21.0,0.3723425567150116
1592735,-21.0,0.38851213455200195
1593557,-21.0,0.38978976011276245
1594314,-21.0,0.38686642050743103
1595078,-21.0,0.3716917932033539
1595960,-21.0,0.36298075318336487
1596722,-21.0,0.34608814120292664
1597563,-20.0,0.3711225688457489
1598383,-21.0,0.38247931003570557
1599145,-21.0,0.39016562700271606
1599904,-21.0,0.3804285526275635
1600690,-21.0,0.378037691116333
1601473,-21.0,0.3791547119617462
1602234,-21.0,0.33609914779663086
1603075,-20.0,0.3809446096420288
1603893,-21.0,0.38990169763565063
1604714,-21.0,0.4143381118774414
1605505,-21.0,0.36647748947143555
1606324,-21.0,0.3591846525669098
1607163,-20.0,0.38164642453193665
1607988,-21.0,0.4103671610355377
1608890,-20.0,0.3831811547279358
1609676,-21.0,0.3562130630016327
1610526,-21.0,0.33540666103363037
1611290,-21.0,0.37594687938690186
1612052,-21.0,0.3635103702545166
1612873,-21.0,0.3604077994823456
1613695,-21.0,0.36990466713905334
1614457,-21.0,0.36320245265960693
1615291,-20.0,0.4108334481716156
1616127,-20.0,0.38210558891296387
1616891,-21.0,0.3563639521598816
1617652,-21.0,0.3828464150428772
1618443,-21.0,0.3978201746940613
1619225,-21.0,0.35792243480682373
1620003,-21.0,0.3485884368419647
1620783,-21.0,0.37190333008766174
1621544,-21.0,0.39357972145080566
1622305,-21.0,0.3922511339187622
1623064,-21.0,0.4038439989089966
1623826,-21.0,0.37963247299194336
1624590,-21.0,0.348610520362854
1625421,-20.0,0.3489004075527191
1626256,-20.0,0.3846847414970398
1627013,-21.0,0.37432560324668884
1627850,-20.0,0.36064207553863525
1628614,-21.0,0.365497887134552
1629451,-20.0,0.35638856887817383
1630227,-21.0,0.3629916310310364
1631084,-21.0,0.3620525896549225
1631845,-21.0,0.34334084391593933
1632636,-21.0,0.39713677763938904
1633457,-21.0,0.3793363571166992
1634244,-21.0,0.3622734844684601
1635004,-21.0,0.4029967188835144
1635762,-21.0,0.40100720524787903
1636626,-20.0,0.3836106061935425
1637389,-21.0,0.391267329454422
1638150,-21.0,0.35813790559768677
1639011,-20.0,0.38906893134117126
1639770,-21.0,0.3773845434188843
1640648,-21.0,0.35753512382507324
1641466,-21.0,0.3333430886268616
1642351,-21.0,0.3840169906616211
1643113,-21.0,0.36556679010391235
1643902,-21.0,0.3452455401420593
1644661,-21.0,0.3822179138660431
1645439,-21.0,0.3680907189846039
1646196,-21.0,0.39177119731903076
1646981,-21.0,0.387578547000885
1647887,-21.0,0.3502548933029175
1648762,-20.0,0.361036479473114
1649581,-21.0,0.3577536344528198
1650341,-21.0,0.3603891134262085
1651122,-21.0,0.3956516981124878
1651909,-21.0,0.3801504075527191
1652700,-21.0,0.36085325479507446
1653462,-21.0,0.4136430621147156
1654221,-21.0,0.3694612681865692
1655009,-21.0,0.3738149106502533
1655851,-20.0,0.3666493892669678
1656637,-21.0,0.36017000675201416
1657479,-20.0,0.36743494868278503
1658316,-20.0,0.42437654733657837
1659139,-21.0,0.3696495294570923
1659963,-21.0,0.3937898278236389
1660725,-21.0,0.38718926906585693
1661559,-20.0,0.37186378240585327
1662437,-21.0,0.32248470187187195
1663272,-20.0,0.3410370349884033
1664031,-21.0,0.35600021481513977
1664813,-21.0,0.3599180579185486
1665635,-21.0,0.36654746532440186
1666456,-21.0,0.3576366901397705
1667294,-20.0,0.37929439544677734
1668054,-21.0,0.369447261095047
1668840,-21.0,0.37958043813705444
1669658,-21.0,0.36264461278915405
1670523,-20.0,0.35371941328048706
1671400,-21.0,0.36109334230422974
1672163,-21.0,0.3527739644050598
1672941,-21.0,0.3611420691013336
1673763,-21.0,0.353426069021225
1674598,-20.0,0.38487711548805237
1675440,-20.0,0.3820371925830841
1676198,-21.0,0.3516402542591095
1676960,-21.0,0.4203750789165497
1677810,-21.0,0.41881096363067627
1678689,-21.0,0.3684151768684387
1679448,-21.0,0.3689292073249817
1680230,-21.0,0.34888580441474915
1681052,-21.0,0.37979578971862793
1681876,-21.0,0.342367559671402
1682651,-21.0,0.36554303765296936
1683490,-20.0,0.3677743673324585
1684251,-21.0,0.37598204612731934
1685032,-21.0,0.37669557332992554
1685870,-20.0,0.34777113795280457
1686660,-21.0,0.3905387818813324
1687571,-21.0,0.3772623538970947
1688331,-21.0,0.35371261835098267
1689157,-21.0,0.3639572858810425
1689981,-21.0,0.352058082818985
1690766,-21.0,0.363735556602478
1691551,-21.0,0.3576177656650543
1692386,-20.0,0.35520410537719727
1693145,-21.0,0.36381077766418457
1694042,-20.0,0.3548494577407837
1694834,-21.0,0.40570610761642456
1695765,-20.0,0.374927818775177
1696555,-21.0,0.3939211964607239
1697317,-21.0,0.3615846335887909
1698077,-21.0,0.33834853768348694
1698859,-21.0,0.3588252067565918
1699648,-21.0,0.36377835273742676
1700440,-21.0,0.3713287115097046
1701279,-20.0,0.34528690576553345
1702104,-21.0,0.3499394655227661
1702893,-21.0,0.3724125325679779
1703681,-21.0,0.3645382523536682
1704471,-21.0,0.39577633142471313
1705254,-21.0,0.36441218852996826
1706077,-21.0,0.4047433137893677
1706979,-20.0,0.37585967779159546
1707798,-21.0,0.4112176299095154
1708576,-21.0,0.36977076530456543
1709358,-21.0,0.35587841272354126
1710116,-21.0,0.36461859941482544
1711001,-21.0,0.36995893716812134
1711779,-21.0,0.36495500802993774
1712543,-21.0,0.3867262899875641
1713319,-21.0,0.34987616539001465
1714078,-21.0,0.3707606792449951
1714958,-21.0,0.3802308738231659
1715750,-21.0,0.368945837020874
1716514,-21.0,0.35940396785736084
1717333,-21.0,0.3830738067626953
1718175,-21.0,0.3588107228279114
1718957,-21.0,0.3611045479774475
1719808,-20.0,0.37250882387161255
1720597,-21.0,0.3829566240310669
1721461,-20.0,0.3781508207321167
1722282,-21.0,0.39743340015411377
1723318,-19.0,0.38687771558761597
1724109,-21.0,0.3760780096054077
1724963,-20.0,0.39470618963241577
1725726,-21.0,0.35063302516937256
1726519,-21.0,0.3763337731361389
1727387,-20.0,0.38410013914108276
1728462,-18.0,0.37153375148773193
1729285,-21.0,0.3646372854709625
1730108,-21.0,0.38028475642204285
1730894,-21.0,0.3577946424484253
1731672,-21.0,0.3718946874141693
1732433,-21.0,0.36933982372283936
1733365,-19.0,0.38625743985176086
1734220,-20.0,0.38869988918304443
1735179,-20.0,0.35970649123191833
1735937,-21.0,0.3580443859100342
1736951,-19.0,0.33095166087150574
1737771,-21.0,0.3532005548477173
1738590,-21.0,0.3603149652481079
1739488,-20.0,0.37547630071640015
1740354,-20.0,0.38841766119003296
1741113,-21.0,0.35456857085227966
1741870,-21.0,0.35689473152160645
1742689,-21.0,0.39006859064102173
1743447,-21.0,0.3843079209327698
1744207,-21.0,0.38143324851989746
1745028,-21.0,0.367512583732605
1745870,-21.0,0.3797227740287781
1746646,-21.0,0.36752334237098694
1747467,-21.0,0.38295498490333557
1748230,-21.0,0.3533938527107239
1749011,-21.0,0.37707650661468506
1749973,-21.0,0.36268430948257446
1750838,-20.0,0.3716270923614502
1751599,-21.0,0.3835340440273285
1752418,-21.0,0.3736864924430847
1753235,-21.0,0.37327611446380615
1754013,-21.0,0.41499826312065125
1754899,-21.0,0.37333959341049194
1755724,-21.0,0.3605380654335022
1756564,-20.0,0.3753505051136017
1757402,-21.0,0.37603655457496643
1758222,-21.0,0.35381466150283813
1759103,-21.0,0.3787304162979126
1759940,-20.0,0.34848177433013916
1760761,-21.0,0.3675864040851593
1761601,-20.0,0.3731875717639923
1762425,-21.0,0.37101590633392334
1763250,-21.0,0.36642152070999146
1764041,-21.0,0.3791976571083069
1764865,-21.0,0.3869716227054596
1765693,-21.0,0.38091766834259033
1766513,-21.0,0.3563951849937439
1767274,-21.0,0.38599613308906555
1768033,-21.0,0.3457513451576233
1768853,-21.0,0.3599585294723511
1769614,-21.0,0.3830729126930237
1770394,-21.0,0.34382516145706177
1771215,-21.0,0.3833007514476776
1772036,-21.0,0.38082969188690186
1772795,-21.0,0.3628491759300232
1773647,-21.0,0.37017375230789185
1774483,-20.0,0.38001173734664917
1775442,-20.0,0.40273717045783997
1776223,-21.0,0.36623749136924744
1777047,-21.0,0.3479987680912018
1777871,-21.0,0.38069775700569153
1778662,-21.0,0.3734186291694641
1779497,-20.0,0.36412155628204346
1780373,-20.0,0.3821013569831848
1781194,-21.0,0.4026278853416443
1781997,-21.0,0.37582045793533325
1782756,-21.0,0.3713185787200928
1783576,-21.0,0.3562857508659363
1784385,-21.0,0.41004759073257446
1785143,-21.0,0.37117722630500793
1785983,-20.0,0.354500412940979
1786747,-21.0,0.38376379013061523
1787567,-21.0,0.38578832149505615
1788448,-21.0,0.37859290838241577
1789285,-20.0,0.3614664375782013
1790103,-21.0,0.3814517855644226
1790925,-21.0,0.33622708916664124
1791779,-21.0,0.3853020668029785
1792602,-21.0,0.38597866892814636
1793420,-21.0,0.3299930989742279
1794196,-21.0,0.3459036946296692
1795019,-21.0,0.34424522519111633
1795804,-21.0,0.37591153383255005
1796629,-21.0,0.4009697437286377
1797389,-21.0,0.33956044912338257
1798230,-21.0,0.3470180034637451
1799052,-21.0,0.40691715478897095
1799814,-21.0,0.3930853605270386
1800655,-20.0,0.3654567003250122
1801474,-21.0,0.3787463903427124
1802265,-21.0,0.36082497239112854
1803023,-21.0,0.3447498381137848
1803907,-21.0,0.40150514245033264
1804724,-21.0,0.38311949372291565
1805762,-18.0,0.35998308658599854
1806542,-21.0,0.3507670760154724
1807443,-20.0,0.3981332778930664
1808224,-21.0,0.41327357292175293
1809047,-21.0,0.3464416265487671
1809870,-21.0,0.38763904571533203
1810630,-21.0,0.3653358221054077
1811569,-21.0,0.38107746839523315
1812405,-20.0,0.39882320165634155
1813352,-20.0,0.3808213770389557
1814178,-21.0,0.3345504701137543
1814941,-21.0,0.3589782118797302
1815703,-21.0,0.3436605930328369
1816524,-21.0,0.382301926612854
1817348,-21.0,0.3707370162010193
1818105,-21.0,0.34667646884918213
1818975,-20.0,0.3430105745792389
1819793,-21.0,0.3784623444080353
1820612,-21.0,0.35035771131515503
1821401,-21.0,0.4180615544319153
1822161,-21.0,0.41413262486457825
1822980,-21.0,0.3880482316017151
1823820,-20.0,0.35670119524002075
1824638,-21.0,0.38167816400527954
1825478,-20.0,0.3725874125957489
1826300,-21.0,0.3410491645336151
1827224,-20.0,0.35044246912002563
1828045,-21.0,0.3617858588695526
1828807,-21.0,0.35818326473236084
1829626,-21.0,0.3860301077365875
1830384,-21.0,0.37334883213043213
1831293,-21.0,0.3739074766635895
1832162,-20.0,0.37005913257598877
1832981,-21.0,0.3645559549331665
1833799,-21.0,0.3547275960445404
1834623,-21.0,0.38701650500297546
1835461,-20.0,0.37689536809921265
1836279,-21.0,0.3574753701686859
1837070,-21.0,0.37551671266555786
1837890,-21.0,0.37444260716438293
1838737,-21.0,0.35674822330474854
1839573,-20.0,0.3557441532611847
1840361,-21.0,0.38210082054138184
1841290,-21.0,0.35016024112701416
1842112,-21.0,0.4083181619644165
1842873,-21.0,0.38102954626083374
1843695,-21.0,0.36534255743026733
1844476,-21.0,0.36013662815093994
1845295,-21.0,0.39010441303253174
1846137,-21.0,0.39089488983154297
1846955,-21.0,0.3587821125984192
1847713,-21.0,0.39404618740081787
1848533,-21.0,0.3752654790878296
1849355,-21.0,0.3650825023651123
1850117,-21.0,0.4060724377632141
1850875,-21.0,0.37956613302230835
1851636,-21.0,0.38010746240615845
1852422,-21.0,0.37810152769088745
1853212,-21.0,0.37373900413513184
1854031,-21.0,0.37132394313812256
1854792,-21.0,0.3521233797073364
1855581,-21.0,0.3627224862575531
1856389,-21.0,0.3969668447971344
1857178,-21.0,0.3736354112625122
1857996,-21.0,0.362230509519577
1858759,-21.0,0.3907775282859802
1859542,-21.0,0.3545945882797241
1860319,-21.0,0.3710174858570099
1861155,-21.0,0.3763815760612488
1861974,-21.0,0.40079858899116516
1862815,-21.0,0.37843531370162964
1863657,-20.0,0.363579124212265
1864510,-21.0,0.38188791275024414
1865270,-21.0,0.38056808710098267
1866091,-21.0,0.38493427634239197
1867007,-20.0,0.3738246560096741
1867855,-21.0,0.3575778603553772
1868641,-21.0,0.3789970874786377
1869429,-21.0,0.37823307514190674
1870249,-21.0,0.3546416163444519
1871134,-21.0,0.38667023181915283
1871975,-20.0,0.3535632789134979
1872795,-21.0,0.37873727083206177
1873557,-21.0,0.36391979455947876
1874402,-21.0,0.37394580245018005
1875180,-21.0,0.3501996695995331
1876003,-21.0,0.3853374719619751
1876825,-21.0,0.3751956820487976
1877650,-21.0,0.40405240654945374
1878464,-21.0,0.36989468336105347
1879251,-21.0,0.3792879581451416
1880028,-21.0,0.36831414699554443
1880870,-20.0,0.3465123176574707
1881709,-20.0,0.38516965508461
1882487,-21.0,0.3654288053512573
1883278,-21.0,0.36706095933914185
1884096,-21.0,0.33355972170829773
1884882,-21.0,0.35161083936691284
1885701,-21.0,0.3666929602622986
1886543,-20.0,0.34621214866638184
1887331,-21.0,0.3951312303543091
1888171,-20.0,0.3819800317287445
1889021,-21.0,0.38111311197280884
1889969,-20.0,0.34397006034851074
1890841,-20.0,0.35917627811431885
1891664,-21.0,0.34929248690605164
1892513,-21.0,0.37021252512931824
1893336,-21.0,0.3964940011501312
1894134,-21.0,0.3749924898147583
1894911,-21.0,0.38534048199653625
1895672,-21.0,0.3610827922821045
1896542,-20.0,0.373905748128891
1897385,-20.0,0.3979078233242035
1898167,-21.0,0.3836445212364197
1898945,-21.0,0.3876250386238098
1899704,-21.0,0.3651391565799713
1900524,-21.0,0.38768014311790466
1901307,-21.0,0.3929034471511841
1902127,-21.0,0.3948761820793152
1902890,-21.0,0.33885639905929565
1903770,-21.0,0.3709678053855896
1904592,-21.0,0.3708508610725403
1905478,-21.0,0.3616349697113037
1906299,-21.0,0.3631477653980255
1907123,-21.0,0.3488585352897644
1908003,-21.0,0.3618243932723999
1908888,-21.0,0.40434157848358154
1909711,-21.0,0.36160120368003845
1910502,-21.0,0.34640946984291077
1911320,-21.0,0.35901719331741333
1912203,-21.0,0.3674478232860565
1912989,-21.0,0.3822632431983948
1913829,-20.0,0.38266533613204956
1914610,-21.0,0.374808669090271
1915578,-20.0,0.3712029457092285
1916398,-21.0,0.3828109800815582
1917155,-21.0,0.37305423617362976
1918002,-21.0,0.3747616708278656
1918824,-21.0,0.3665409982204437
1919642,-21.0,0.3809027671813965
1920456,-21.0,0.35687658190727234
1921300,-20.0,0.3942617177963257
1922152,-21.0,0.3584243655204773
1922944,-21.0,0.3491140305995941
1923762,-21.0,0.3783847987651825
1924554,-21.0,0.3957441747188568
1925377,-21.0,0.3706218898296356
1926212,-20.0,0.3977373540401459
1926976,-21.0,0.37861937284469604
1927737,-21.0,0.3658306300640106
1928560,-21.0,0.3716154098510742
1929479,-20.0,0.37069207429885864
1930485,-21.0,0.4109555184841156
1931321,-20.0,0.3457769453525543
1932143,-21.0,0.3509407937526703
1932960,-21.0,0.3651409149169922
1933750,-21.0,0.3545917868614197
1934597,-21.0,0.4005303382873535
1935356,-21.0,0.3465242385864258
1936221,-20.0,0.35801905393600464
1937062,-20.0,0.36942243576049805
1937897,-20.0,0.3472304940223694
1938719,-21.0,0.39912304282188416
1939478,-21.0,0.38368403911590576
1940302,-21.0,0.37987205386161804
1941079,-21.0,0.3693034052848816
1941869,-21.0,0.3638807535171509
1942657,-21.0,0.3420149087905884
1943482,-21.0,0.37390369176864624
1944240,-21.0,0.3985271453857422
1945181,-21.0,0.36177748441696167
1946004,-21.0,0.3708353638648987
1946828,-21.0,0.3469553589820862
1947650,-21.0,0.33365511894226074
1948468,-21.0,0.3417551815509796
1949400,-20.0,0.3934728801250458
1950187,-21.0,0.3826378583908081
1951004,-21.0,0.3564639389514923
1951824,-21.0,0.3636591136455536
1952718,-20.0,0.39136630296707153
1953560,-20.0,0.35726630687713623
1954349,-21.0,0.35594987869262695
1955124,-21.0,0.384380042552948
1955914,-21.0,0.341673344373703
1956829,-20.0,0.3814130127429962
1957588,-21.0,0.3913969397544861
1958409,-21.0,0.36906641721725464
1959291,-21.0,0.3921136260032654
1960233,-21.0,0.3612489402294159
1961051,-21.0,0.3482450246810913
1961831,-21.0,0.3879103660583496
1962637,-21.0,0.39833566546440125
1963488,-21.0,0.37447410821914673
1964252,-21.0,0.40210604667663574
1965016,-21.0,0.38859644532203674
1965864,-21.0,0.3932928740978241
1966702,-20.0,0.38426607847213745
1967525,-21.0,0.35797199606895447
1968315,-21.0,0.39298751950263977
1969138,-21.0,0.357050359249115
1969974,-20.0,0.3659246563911438
1970793,-21.0,0.35799819231033325
1971792,-21.0,0.35433143377304077
1972663,-20.0,0.3620225489139557
1973454,-21.0,0.3603934943675995
1974276,-21.0,0.36630570888519287
1975065,-21.0,0.3624928295612335
1975886,-21.0,0.37122979760169983
1976738,-21.0,0.35700517892837524
1977525,-21.0,0.37209656834602356
1978344,-21.0,0.3804836869239807
1979181,-20.0,0.367572158575058
1979942,-21.0,0.3881380558013916
1980761,-21.0,0.38214612007141113
1981581,-21.0,0.44014772772789
1982403,-21.0,0.3457885980606079
1983227,-21.0,0.3621334433555603
1984138,-21.0,0.34994059801101685
1984895,-21.0,0.3572090268135071
1985683,-21.0,0.3800201714038849
1986503,-21.0,0.368386447429657
1987338,-20.0,0.38836777210235596
1988118,-21.0,0.40011298656463623
1988877,-21.0,0.3560445308685303
1989717,-20.0,0.34840381145477295
1990476,-21.0,0.34449303150177
1991264,-21.0,0.3725038170814514
1992084,-21.0,0.372071236371994
1992910,-21.0,0.34438103437423706
1993763,-21.0,0.3361685276031494
1994587,-21.0,0.3511543869972229
1995467,-21.0,0.3675079345703125
1996287,-21.0,0.376589298248291
1997106,-21.0,0.3934478163719177
1997891,-21.0,0.3711298704147339
1998734,-21.0,0.35653483867645264
1999512,-21.0,0.3771462142467499
2000348,-20.0,0.3525596261024475
2001251,-20.0,0.3260931372642517
2002074,-21.0,0.3556478023529053
2002896,-21.0,0.3762096166610718
2003673,-21.0,0.35831883549690247
2004453,-21.0,0.3807474970817566
2005234,-21.0,0.3861919641494751
2006058,-21.0,0.38337838649749756
2006820,-21.0,0.3844177722930908
2007641,-21.0,0.36719706654548645
2008463,-21.0,0.36702999472618103
2009251,-21.0,0.3763447701931
2010072,-21.0,0.34331247210502625
2010914,-20.0,0.35623645782470703
2011746,-20.0,0.3887820541858673
2012568,-21.0,0.3494848906993866
2013373,-21.0,0.3706396818161011
2014194,-21.0,0.37191325426101685
2014983,-21.0,0.3649876117706299
2015769,-21.0,0.33910754323005676
2016588,-21.0,0.3717529773712158
2017412,-21.0,0.3698399066925049
2018169,-21.0,0.3754305839538574
2018988,-21.0,0.36423948407173157
2019810,-21.0,0.3597511649131775
2020690,-21.0,0.3683139979839325
2021480,-21.0,0.36824870109558105
2022330,-21.0,0.34204453229904175
2023148,-21.0,0.3267784118652344
2023971,-21.0,0.37425029277801514
2024830,-20.0,0.37409114837646484
2025615,-21.0,0.3693109154701233
2026376,-21.0,0.39406585693359375
2027276,-20.0,0.3628320097923279
2028056,-21.0,0.35692739486694336
2028836,-21.0,0.37569212913513184
2029596,-21.0,0.36776578426361084
2030436,-20.0,0.35314232110977173
2031287,-21.0,0.38002803921699524
2032189,-20.0,0.36953204870224
2032970,-21.0,0.33566802740097046
2033752,-21.0,0.40761229395866394
2034587,-20.0,0.3807269036769867
2035409,-21.0,0.40358567237854004
2036230,-21.0,0.37056803703308105
2037054,-21.0,0.38145899772644043
2037816,-21.0,0.37622565031051636
2038638,-21.0,0.3873234689235687
2039427,-21.0,0.3803890347480774
2040249,-21.0,0.3748544454574585
2041026,-21.0,0.37780123949050903
2041903,-21.0,0.3750026226043701
2042727,-21.0,0.3464362621307373
2043551,-21.0,0.338684618473053
2044478,-20.0,0.426345556974411
2045318,-20.0,0.36180663108825684
2046103,-21.0,0.36636459827423096
2046926,-21.0,0.3660755455493927
2047745,-21.0,0.36868393421173096
2048509,-21.0,0.376346617937088
2049393,-21.0,0.4017638564109802
2050259,-20.0,0.3507225215435028
2051109,-21.0,0.35207805037498474
2051928,-21.0,0.3543107509613037
2052747,-21.0,0.39410966634750366
2053567,-21.0,0.3759133815765381
2054402,-20.0,0.37657737731933594
2055223,-21.0,0.3481127917766571
2056168,-19.0,0.379792720079422
2057004,-20.0,0.3696180582046509
2057762,-21.0,0.37584057450294495
2058553,-21.0,0.36291947960853577
2059339,-21.0,0.3953729271888733
2060102,-21.0,0.3870049715042114
2060878,-21.0,0.38583502173423767
2061636,-21.0,0.3972604274749756
2062454,-21.0,0.4003433287143707
2063277,-21.0,0.33292412757873535
2064040,-21.0,0.3752664625644684
2064804,-21.0,0.340215265750885
2065586,-21.0,0.3948526382446289
2066439,-21.0,0.3563314974308014
2067258,-21.0,0.3273424804210663
2068017,-21.0,0.40558922290802
2068835,-21.0,0.38735896348953247
2069715,-21.0,0.3658486604690552
2070536,-21.0,0.34584641456604004
2071293,-21.0,0.35312896966934204
2072141,-21.0,0.35906755924224854
2072905,-21.0,0.39836573600769043
2073694,-21.0,0.3770504593849182
2074514,-21.0,0.3854714632034302
2075291,-21.0,0.344795823097229
2076137,-21.0,0.38294824957847595
2076975,-20.0,0.3832662105560303
2077752,-21.0,0.367729127407074
2078573,-21.0,0.3392067551612854
2079392,-21.0,0.34980738162994385
2080216,-21.0,0.36083027720451355
2081055,-21.0,0.3781888484954834
2082001,-21.0,0.4070263206958771
2082945,-21.0,0.39358675479888916
2083732,-21.0,0.3414720594882965
2084551,-21.0,0.3694249391555786
2085371,-21.0,0.35533905029296875
2086190,-21.0,0.36682796478271484
2087093,-21.0,0.38178908824920654
2087855,-21.0,0.37138429284095764
2088686,-20.0,0.36970004439353943
2089663,-20.0,0.42724114656448364
2090422,-21.0,0.3864612877368927
2091289,-20.0,0.35900431871414185
2092112,-21.0,0.4100904166698456
2092935,-21.0,0.36028480529785156
2093753,-21.0,0.35093700885772705
2094571,-21.0,0.37386447191238403
2095388,-21.0,0.36434024572372437
2096325,-21.0,0.3910258412361145
2097143,-21.0,0.3591069281101227
2098091,-21.0,0.37489399313926697
2098999,-21.0,0.3406057059764862
2099819,-21.0,0.3681981563568115
2100642,-21.0,0.3661826252937317
2101541,-20.0,0.38092175126075745
2102454,-20.0,0.3515776991844177
2103356,-20.0,0.3363928496837616
2104176,-21.0,0.37402668595314026
2104940,-21.0,0.3544366955757141
2105722,-21.0,0.37409508228302
2106543,-21.0,0.39626234769821167
2107301,-21.0,0.39452558755874634
2108058,-21.0,0.40278303623199463
2109014,-20.0,0.38353243470191956
2109778,-21.0,0.3632136881351471
2110735,-20.0,0.3447820544242859
2111593,-20.0,0.34913086891174316
2112415,-21.0,0.4048618972301483
2113237,-21.0,0.36949485540390015
2114073,-20.0,0.33841472864151
2114911,-20.0,0.37130194902420044
2115730,-21.0,0.39960891008377075
2116549,-21.0,0.36246049404144287
2117432,-21.0,0.42793700098991394
2118191,-21.0,0.4109968841075897
2119012,-21.0,0.3654533922672272
2119834,-21.0,0.4005796015262604
2120654,-21.0,0.36735856533050537
2121474,-21.0,0.3959543704986572
2122441,-20.0,0.37604349851608276
2123260,-21.0,0.36323070526123047
2124079,-21.0,0.38262656331062317
2124855,-21.0,0.36693328619003296
2125675,-21.0,0.4064933955669403
2126496,-21.0,0.38268381357192993
2127260,-21.0,0.40075862407684326
2128020,-21.0,0.3758785128593445
2128918,-20.0,0.3859473168849945
2129736,-21.0,0.3607989549636841
2130496,-21.0,0.35892656445503235
2131259,-21.0,0.4028000831604004
2132079,-21.0,0.362164169549942
2132903,-21.0,0.3910842835903168
2133722,-21.0,0.35997381806373596
2134567,-21.0,0.370108425617218
2135412,-21.0,0.39082610607147217
2136230,-21.0,0.3343673646450043
2137054,-21.0,0.40100574493408203
2137904,-21.0,0.3946542739868164
2138724,-21.0,0.34895840287208557
2139547,-21.0,0.37956494092941284
2140369,-21.0,0.39268505573272705
2141208,-20.0,0.3527924418449402
2142033,-21.0,0.39159929752349854
2142793,-21.0,0.3727952837944031
2143640,-21.0,0.37756311893463135
2144459,-21.0,0.3635050058364868
2145248,-21.0,0.35190877318382263
2146131,-21.0,0.37304380536079407
2146950,-21.0,0.36433446407318115
2147770,-21.0,0.35075026750564575
2148590,-21.0,0.3917653560638428
2149415,-21.0,0.36077648401260376
2150238,-21.0,0.36222416162490845
2151056,-21.0,0.38375818729400635
2151875,-21.0,0.3871392011642456
2152698,-21.0,0.3973727226257324
2153576,-21.0,0.3769810199737549
2154397,-21.0,0.34543830156326294
2155158,-21.0,0.3518504798412323
2155977,-21.0,0.35855501890182495
2156878,-20.0,0.38501521944999695
2157668,-21.0,0.39048853516578674
2158636,-21.0,0.3639960289001465
2159474,-20.0,0.37507665157318115
2160263,-21.0,0.3530203700065613
2161023,-21.0,0.3766692876815796
2161861,-20.0,0.3679898679256439
2162706,-21.0,0.3812085688114166
2163526,-21.0,0.3600175976753235
2164351,-21.0,0.3607124984264374
2165127,-21.0,0.3819481432437897
2165950,-21.0,0.34414249658584595
2166907,-19.0,0.34973737597465515
2167724,-21.0,0.38067466020584106
2168695,-19.0,0.3445044159889221
2169515,-21.0,0.3927130699157715
2170295,-21.0,0.3546590805053711
2171117,-21.0,0.3614439070224762
2171875,-21.0,0.3656797707080841
2172693,-21.0,0.3552490770816803
2173476,-21.0,0.36041101813316345
2174295,-21.0,0.39930328726768494
2175191,-20.0,0.37752068042755127
2176009,-21.0,0.3731837868690491
2176830,-21.0,0.37622278928756714
2177593,-21.0,0.3739969730377197
2178435,-20.0,0.3496730923652649
2179226,-21.0,0.38628923892974854
2180063,-20.0,0.3914337754249573
2180886,-21.0,0.3482198715209961
2181705,-21.0,0.37047281861305237
2182465,-21.0,0.3758741021156311
2183314,-21.0,0.365479975938797
2184154,-20.0,0.35373276472091675
2184940,-21.0,0.3485126495361328
2185776,-20.0,0.36964520812034607
2186559,-21.0,0.36092424392700195
2187379,-21.0,0.3907981514930725
2188202,-21.0,0.39476561546325684
2189023,-21.0,0.36563676595687866
2189809,-21.0,0.37175917625427246
2190572,-21.0,0.3658595085144043
2191395,-21.0,0.40425658226013184
2192371,-19.0,0.34976667165756226
2193151,-21.0,0.34292465448379517
2193911,-21.0,0.3947538137435913
2194702,-21.0,0.39266514778137207
2195459,-21.0,0.34346577525138855
2196237,-21.0,0.3341987133026123
2197025,-21.0,0.4082596004009247
2197815,-21.0,0.36283236742019653
2198572,-21.0,0.3753007650375366
2199333,-21.0,0.38356536626815796
2200095,-21.0,0.4079676866531372
2200915,-21.0,0.38101428747177124
2201739,-21.0,0.3649146556854248
2202527,-21.0,0.3731094002723694
2203348,-21.0,0.3602752089500427
2204196,-21.0,0.3562650680541992
2205014,-21.0,0.3947278559207916
2205833,-21.0,0.36055418848991394
2206687,-21.0,0.38491374254226685
2207505,-21.0,0.3768845200538635
2208423,-20.0,0.38975924253463745
2209301,-21.0,0.37355366349220276
2210183,-21.0,0.3725281059741974
2211007,-21.0,0.4037872850894928
2211828,-21.0,0.38399389386177063
2212652,-21.0,0.36133620142936707
2213470,-21.0,0.3883228898048401
2214289,-21.0,0.3578561544418335
2215126,-20.0,0.35641539096832275
2215994,-21.0,0.4158339500427246
2216846,-21.0,0.3737559914588928
2217667,-21.0,0.35999032855033875
2218443,-21.0,0.3782814145088196
2219263,-21.0,0.37360304594039917
2220084,-21.0,0.3509228825569153
2220909,-21.0,0.34489354491233826
2221756,-21.0,0.3832693099975586
2222535,-21.0,0.42290791869163513
2223359,-21.0,0.41094934940338135
2224150,-21.0,0.35982638597488403
2224974,-21.0,0.37856584787368774
2225751,-21.0,0.35065943002700806
2226575,-21.0,0.3759525418281555
2227417,-21.0,0.3966057598590851
2228175,-21.0,0.34222787618637085
2229045,-20.0,0.4021735191345215
2229804,-21.0,0.3533262014389038
2230622,-21.0,0.3988701105117798
2231582,-20.0,0.3581694960594177
2232402,-21.0,0.379530131816864
2233163,-21.0,0.3768443465232849
2233982,-21.0,0.3650088310241699
2234799,-21.0,0.39012259244918823
2235618,-21.0,0.34229981899261475
2236442,-21.0,0.36290302872657776
2237319,-21.0,0.36098039150238037
2238082,-21.0,0.34231555461883545
2238844,-21.0,0.36657753586769104
2239601,-21.0,0.3837009072303772
2240388,-21.0,0.3686884343624115
2241209,-21.0,0.36730772256851196
2241966,-21.0,0.36347371339797974
2242787,-21.0,0.38204509019851685
2243607,-21.0,0.4207463264465332
2244429,-21.0,0.3675042986869812
2245206,-21.0,0.3684121370315552
2245969,-21.0,0.38556021451950073
2246789,-21.0,0.3542450964450836
2247768,-20.0,0.3891356587409973
2248560,-21.0,0.36239659786224365
2249378,-21.0,0.3567444682121277
2250136,-21.0,0.333809494972229
2250977,-20.0,0.38790279626846313
2251738,-21.0,0.36846500635147095
2252560,-21.0,0.3657771348953247
2253383,-21.0,0.38100147247314453
2254202,-21.0,0.38377976417541504
2255022,-21.0,0.372690886259079
2255780,-21.0,0.366657018661499
2256622,-20.0,0.32933178544044495
2257445,-21.0,0.3479245901107788
2258329,-21.0,0.37224841117858887
2259153,-21.0,0.3557972013950348
2259971,-21.0,0.3557865619659424
2260782,-21.0,0.3773880898952484
2261622,-21.0,0.3508928716182709
2262484,-21.0,0.3864215016365051
2263321,-20.0,0.35096806287765503
2264141,-21.0,0.3797971308231354
2265057,-20.0,0.3864730894565582
2265882,-21.0,0.36383843421936035
2266701,-21.0,0.35806378722190857
2267524,-21.0,0.3794091045856476
2268300,-21.0,0.36007216572761536
2269122,-21.0,0.37762150168418884
2269944,-21.0,0.3985397219657898
2270763,-21.0,0.4037529230117798
2271526,-21.0,0.38232421875
2272302,-21.0,0.34154191613197327
2273125,-21.0,0.36047130823135376
2273947,-21.0,0.3771941363811493
2274768,-21.0,0.3970206081867218
2275592,-21.0,0.3644983768463135
2276438,-21.0,0.3825356066226959
2277197,-21.0,0.3710883855819702
2277956,-21.0,0.3762623965740204
2278821,-20.0,0.3561268746852875
2279602,-21.0,0.3505140542984009
2280424,-21.0,0.3765082061290741
2281201,-21.0,0.40281379222869873
2282019,-21.0,0.3568961024284363
2282838,-21.0,0.35900968313217163
2283672,-20.0,0.37830838561058044
2284490,-21.0,0.3518388271331787
2285309,-21.0,0.3776874542236328
2286100,-21.0,0.36438071727752686
2286918,-21.0,0.36799532175064087
2287708,-21.0,0.37113797664642334
2288714,-20.0,0.3865104913711548
2289520,-21.0,0.373767614364624
2290305,-21.0,0.3974953293800354
2291125,-21.0,0.38638633489608765
2291946,-21.0,0.34796714782714844
2292768,-21.0,0.36892545223236084
2293527,-21.0,0.37242960929870605
2294397,-20.0,0.3950898051261902
2295310,-19.0,0.35659468173980713
2296074,-21.0,0.41931799054145813
2296975,-20.0,0.3720061779022217
2297794,-21.0,0.41455569863319397
2298616,-21.0,0.37284958362579346
2299500,-21.0,0.35102683305740356
2300339,-20.0,0.3397532105445862
2301161,-21.0,0.35836324095726013
2301999,-20.0,0.36968380212783813
2302780,-21.0,0.3979976773262024
2303541,-21.0,0.3929973244667053
2304303,-21.0,0.3621937036514282
2305093,-21.0,0.3636031150817871
2305929,-20.0,0.39009666442871094
2306755,-21.0,0.3783443570137024
2307512,-21.0,0.37319546937942505
2308329,-21.0,0.3642148971557617
2309150,-21.0,0.3502655029296875
2309914,-21.0,0.3617531657218933
2310750,-21.0,0.38136404752731323
2311572,-21.0,0.3479118347167969
2312489,-20.0,0.3885294198989868
2313362,-20.0,0.4025627672672272
2314122,-21.0,0.3934100270271301
2315053,-20.0,0.37424802780151367
2315889,-20.0,0.3502531349658966
2316678,-21.0,0.39696449041366577
2317496,-21.0,0.35350269079208374
2318379,-21.0,0.37580248713493347
2319201,-21.0,0.3760947585105896
2319979,-21.0,0.3793492317199707
2320802,-21.0,0.33797508478164673
2321627,-21.0,0.3854008615016937
2322478,-21.0,0.3306320905685425
2323302,-21.0,0.3870406746864319
2324126,-21.0,0.3853178024291992
2324944,-21.0,0.3792543411254883
2325732,-21.0,0.3840444087982178
2326583,-21.0,0.42101991176605225
2327433,-21.0,0.376282274723053
2328219,-21.0,0.3778745234012604
2329039,-21.0,0.35279083251953125
2329824,-21.0,0.38216811418533325
2330644,-21.0,0.3602558970451355
2331463,-21.0,0.37993696331977844
2332299,-20.0,0.3901377022266388
2333122,-21.0,0.3795558214187622
2333943,-21.0,0.3905877470970154
2334763,-21.0,0.38328009843826294
2335615,-21.0,0.370520681142807
2336467,-21.0,0.3516424894332886
2337285,-21.0,0.35634845495224
2338045,-21.0,0.4130009114742279
2338865,-21.0,0.37198159098625183
2339764,-20.0,0.3765300512313843
2340589,-21.0,0.34877586364746094
2341438,-21.0,0.38827770948410034
2342261,-21.0,0.3624695837497711
2343046,-21.0,0.3647415339946747
2343824,-21.0,0.3824058175086975
2344812,-19.0,0.3695528507232666
2345589,-21.0,0.34833770990371704
2346409,-21.0,0.3674125373363495
2347347,-21.0,0.37377139925956726
2348123,-21.0,0.36836767196655273
2348944,-21.0,0.3654995560646057
2349791,-21.0,0.372854620218277
2350555,-21.0,0.34969621896743774
2351314,-21.0,0.38828471302986145
2352076,-21.0,0.395356148481369
2352867,-21.0,0.33140912652015686
2353684,-21.0,0.37370866537094116
2354442,-21.0,0.3796543478965759
2355221,-21.0,0.39248549938201904
2356059,-20.0,0.40534335374832153
2356882,-21.0,0.4007166922092438
2357683,-21.0,0.35837823152542114
2358445,-21.0,0.35285839438438416
2359206,-21.0,0.37430885434150696
2360026,-21.0,0.39087387919425964
2360849,-21.0,0.3810807466506958
2361702,-21.0,0.3892279863357544
2362465,-21.0,0.3426056206226349
2363405,-21.0,0.36331939697265625
2364226,-21.0,0.35380810499191284
2365048,-21.0,0.3880760669708252
2365872,-21.0,0.3819017708301544
2366696,-21.0,0.3812522888183594
2367577,-21.0,0.3329505920410156
2368400,-21.0,0.384709894657135
2369242,-20.0,0.3690550923347473
2370063,-21.0,0.3675914406776428
2370888,-21.0,0.37477704882621765
2371711,-21.0,0.32962727546691895
2372532,-21.0,0.3487507998943329
2373372,-20.0,0.3731943666934967
2374189,-21.0,0.3656840920448303
2375013,-21.0,0.3659231662750244
2375834,-21.0,0.3764411211013794
2376673,-20.0,0.3573671579360962
2377462,-21.0,0.3767673373222351
2378244,-21.0,0.3613952696323395
2379063,-21.0,0.3953366279602051
2379912,-21.0,0.36593979597091675
2380730,-21.0,0.37399351596832275
2381719,-20.0,0.38555699586868286
2382543,-21.0,0.3622785210609436
2383545,-21.0,0.39284366369247437
2384365,-21.0,0.4195779263973236
2385186,-21.0,0.3460335433483124
2386104,-20.0,0.38691723346710205
2386984,-21.0,0.3443664312362671
2387825,-21.0,0.3923734426498413
2388647,-21.0,0.36342042684555054
2389565,-20.0,0.35888975858688354
2390389,-21.0,0.36788418889045715
2391191,-21.0,0.3944959044456482
2391981,-21.0,0.3507574200630188
2392925,-21.0,0.36764290928840637
2393804,-21.0,0.3866835832595825
2394623,-21.0,0.3945518136024475
2395444,-21.0,0.38321614265441895
2396309,-21.0,0.35057133436203003
2397096,-21.0,0.37881550192832947
2397916,-21.0,0.38541993498802185
2398835,-20.0,0.39665281772613525
2399658,-21.0,0.3762238025665283
2400418,-21.0,0.36464494466781616
2401207,-21.0,0.3897660970687866
2401994,-21.0,0.3793545961380005
2402811,-21.0,0.38320809602737427
2403573,-21.0,0.36966001987457275
2404396,-21.0,0.385292112827301
2405216,-21.0,0.34096968173980713
2406037,-21.0,0.3690565228462219
2406884,-21.0,0.36864861845970154
2407701,-21.0,0.36329060792922974
2408541,-20.0,0.3849930763244629
2409359,-21.0,0.4222472310066223
2410304,-21.0,0.35916054248809814
2411141,-21.0,0.36180558800697327
2411964,-21.0,0.3438180685043335
2412789,-21.0,0.3443607687950134
2413612,-21.0,0.3714575171470642
2414432,-21.0,0.411429226398468
2415252,-21.0,0.36046403646469116
2416033,-21.0,0.35510045289993286
2416858,-21.0,0.35280895233154297
2417683,-21.0,0.3658643364906311
2418459,-21.0,0.33288994431495667
2419278,-21.0,0.3660142123699188
2420097,-21.0,0.3501427173614502
2420920,-21.0,0.408103883266449
2421678,-21.0,0.35920634865760803
2422502,-21.0,0.3332814574241638
2423283,-21.0,0.36898675560951233
2424108,-21.0,0.3821771740913391
2424895,-21.0,0.36534109711647034
2425837,-21.0,0.34493374824523926
2426677,-20.0,0.3930814266204834
2427499,-21.0,0.3632469177246094
2428324,-21.0,0.3719460368156433
2429161,-21.0,0.3482048511505127
2430103,-21.0,0.39430320262908936
2430927,-21.0,0.3431316614151001
2431707,-21.0,0.3522132635116577
2432531,-21.0,0.34648770093917847
2433355,-21.0,0.35196560621261597
2434173,-21.0,0.34713441133499146
2435054,-21.0,0.3852274417877197
2435874,-21.0,0.3788198232650757
2436787,-21.0,0.40153393149375916
2437670,-21.0,0.37900054454803467
2438493,-21.0,0.39052659273147583
2439315,-21.0,0.35574832558631897
2440094,-21.0,0.3793748617172241
2440918,-21.0,0.38258689641952515
2441678,-21.0,0.375639945268631
2442498,-21.0,0.399828165769577
2443320,-21.0,0.36924368143081665
2444138,-21.0,0.3870319128036499
2444955,-21.0,0.3759407699108124
2445746,-21.0,0.3750949800014496
2446568,-21.0,0.35232725739479065
2447390,-21.0,0.3689439594745636
2448210,-21.0,0.35213619470596313
2449029,-21.0,0.4004235565662384
2449881,-21.0,0.3982565402984619
2450704,-21.0,0.3698798716068268
2451524,-21.0,0.39188259840011597
2452284,-21.0,0.3426448106765747
2453104,-21.0,0.3739185631275177
2453955,-21.0,0.37834852933883667
2454778,-21.0,0.43116286396980286
2455598,-21.0,0.3848915696144104
2456417,-21.0,0.324465274810791
2457198,-21.0,0.38364535570144653
2458017,-21.0,0.37835776805877686
2458917,-20.0,0.3582651615142822
2459739,-21.0,0.3733958899974823
2460530,-21.0,0.35836946964263916
2461351,-21.0,0.3733496069908142
2462190,-20.0,0.381488174200058
2463015,-21.0,0.3509671092033386
2463901,-21.0,0.3577052652835846
2464725,-21.0,0.3823254704475403
2465482,-21.0,0.33463534712791443
2466304,-21.0,0.4119189977645874
2467122,-21.0,0.3435848355293274
2467943,-21.0,0.36525461077690125
2468762,-21.0,0.3583127558231354
2469579,-21.0,0.34737399220466614
2470400,-21.0,0.35995668172836304
2471232,-20.0,0.3779451847076416
2472053,-21.0,0.3732004761695862
2473063,-18.0,0.37201792001724243
2473883,-21.0,0.3361566662788391
2474706,-21.0,0.3639978766441345
2475525,-21.0,0.3601282835006714
2476390,-20.0,0.362354040145874
2477215,-21.0,0.4155735671520233
2478040,-21.0,0.3905503749847412
2478863,-21.0,0.3507431745529175
2479713,-21.0,0.3831462264060974
2480639,-20.0,0.36521849036216736
2481583,-21.0,0.353730171918869
2482407,-21.0,0.370400607585907
2483230,-21.0,0.38064688444137573
2484051,-21.0,0.36060452461242676
2484874,-21.0,0.3625931739807129
2485693,-21.0,0.3439845144748688
2486529,-21.0,0.36388733983039856
2487393,-20.0,0.3789854347705841
2488215,-21.0,0.37611958384513855
2489035,-21.0,0.364310085773468
2489859,-21.0,0.34814003109931946
2490742,-21.0,0.38481786847114563
2491521,-21.0,0.34957635402679443
2492340,-21.0,0.38561004400253296
2493175,-20.0,0.354694664478302
2494013,-21.0,0.36256468296051025
2494835,-21.0,0.37271547317504883
2495656,-21.0,0.3462686836719513
2496476,-21.0,0.3664592504501343
2497259,-21.0,0.346437931060791
2498146,-20.0,0.3583933115005493
2498923,-21.0,0.3597809076309204
2499706,-21.0,0.36890557408332825
2500524,-21.0,0.3841906487941742
2501376,-21.0,0.3773929178714752
2502194,-21.0,0.36746007204055786
2503072,-21.0,0.3721759617328644
2503895,-21.0,0.3798253536224365
2504720,-21.0,0.3689030706882477
2505603,-21.0,0.37703919410705566
2506383,-21.0,0.38871967792510986
2507219,-20.0,0.36040008068084717
2508037,-21.0,0.3653829097747803
2508798,-21.0,0.3622438609600067
2509682,-21.0,0.36035850644111633
2510500,-21.0,0.3340189754962921
2511320,-21.0,0.37089377641677856
2512142,-21.0,0.33600053191185
2512966,-21.0,0.3715531527996063
2513847,-21.0,0.36762553453445435
2514671,-21.0,0.3630131483078003
2515512,-20.0,0.3465866446495056
2516335,-21.0,0.37352433800697327
2517233,-21.0,0.3302721083164215
2518065,-20.0,0.3596142828464508
2518888,-21.0,0.37801074981689453
2519801,-21.0,0.39399996399879456
2520754,-20.0,0.3608548641204834
2521576,-21.0,0.3480392396450043
2522393,-21.0,0.3418886661529541
2523216,-21.0,0.41508376598358154
2524129,-20.0,0.37542372941970825
2524966,-20.0,0.36929672956466675
2525811,-21.0,0.35856178402900696
2526628,-21.0,0.38637831807136536
2527410,-21.0,0.37657785415649414
2528170,-21.0,0.3897392749786377
2528990,-21.0,0.3833165466785431
2529812,-21.0,0.3748674988746643
2530730,-20.0,0.3656567335128784
2531581,-21.0,0.33792829513549805
2532406,-21.0,0.352912962436676
2533244,-20.0,0.35386988520622253
2534003,-21.0,0.3673844337463379
2534820,-21.0,0.3574869632720947
2535662,-20.0,0.3507746160030365
2536485,-21.0,0.34290075302124023
2537272,-21.0,0.3462403416633606
2538312,-19.0,0.3451522886753082
2539071,-21.0,0.38739562034606934
2539861,-21.0,0.39965713024139404
2540623,-21.0,0.4066242575645447
2541504,-21.0,0.3715479075908661
2542354,-21.0,0.32963138818740845
2543145,-21.0,0.3622991144657135
2543966,-21.0,0.3938218653202057
2544752,-21.0,0.3805970549583435
2545534,-21.0,0.3646235466003418
2546351,-21.0,0.3442796468734741
2547173,-21.0,0.3514644503593445
2547990,-21.0,0.3827533721923828
2548813,-21.0,0.3401585817337036
2549699,-21.0,0.32737064361572266
2550632,-19.0,0.35502639412879944
2551594,-20.0,0.38953033089637756
2552411,-21.0,0.3687613904476166
2553318,-21.0,0.3907051682472229
2554136,-21.0,0.3312770128250122
2554986,-21.0,0.33486875891685486
2555927,-21.0,0.3594721555709839
2556745,-21.0,0.32517966628074646
2557569,-21.0,0.35406744480133057
2558388,-21.0,0.3868129253387451
2559205,-21.0,0.3598509430885315
2559995,-21.0,0.3649177551269531
2560931,-21.0,0.36771899461746216
2561690,-21.0,0.4067615270614624
2562479,-21.0,0.3392108380794525
2563268,-21.0,0.35764744877815247
2564115,-21.0,0.37480834126472473
2564926,-21.0,0.3821506202220917
2565750,-21.0,0.3672165870666504
2566590,-20.0,0.37531542778015137
2567353,-21.0,0.39012280106544495
2568329,-19.0,0.3610990643501282
2569148,-21.0,0.37434232234954834
2570167,-20.0,0.3472170829772949
2570926,-21.0,0.35636746883392334
2571811,-21.0,0.3406730592250824
2572574,-21.0,0.35114991664886475
2573414,-20.0,0.3385246992111206
2574234,-21.0,0.37798917293548584
2575057,-21.0,0.3518763482570648
2575875,-21.0,0.3799676299095154
2576694,-21.0,0.40648043155670166
2577519,-21.0,0.3497891426086426
2578283,-21.0,0.3070083558559418
2579136,-21.0,0.3662135601043701
2579956,-21.0,0.3588562607765198
2580775,-21.0,0.37409430742263794
2581534,-21.0,0.41348016262054443
2582353,-21.0,0.3732067942619324
2583194,-20.0,0.398041695356369
2584018,-21.0,0.33786946535110474
2584901,-21.0,0.3720731735229492
2585797,-21.0,0.3524627685546875
2586597,-21.0,0.39323461055755615
2587537,-21.0,0.38748711347579956
2588375,-20.0,0.3511381447315216
2589224,-21.0,0.3522050976753235
2590048,-21.0,0.34822291135787964
2590866,-21.0,0.3580332398414612
2591691,-21.0,0.36862754821777344
2592513,-21.0,0.36071908473968506
2593395,-21.0,0.36466264724731445
2594336,-21.0,0.3383707106113434
2595156,-21.0,0.32682061195373535
2596053,-20.0,0.37412795424461365
2596896,-20.0,0.38525766134262085
2597717,-21.0,0.3726990222930908
2598535,-21.0,0.3560209274291992
2599536,-21.0,0.32685214281082153
2600355,-21.0,0.3566010892391205
2601251,-21.0,0.37124189734458923
2602130,-21.0,0.355978399515152
2602948,-21.0,0.393690288066864
2603782,-20.0,0.4131600856781006
2604745,-20.0,0.35345715284347534
2605566,-21.0,0.3451871871948242
2606353,-21.0,0.3525466322898865
2607173,-21.0,0.34840458631515503
2608084,-21.0,0.3879859447479248
2608906,-21.0,0.36345505714416504
2609664,-21.0,0.39502328634262085
2610456,-21.0,0.38224828243255615
2611274,-21.0,0.39257949590682983
2612093,-21.0,0.36019375920295715
2612945,-21.0,0.3423026204109192
2613767,-21.0,0.32545775175094604
2614589,-21.0,0.36293548345565796
2615407,-21.0,0.36768651008605957
2616226,-21.0,0.35367506742477417
2617165,-21.0,0.3637887239456177
2617983,-21.0,0.3464428186416626
2618802,-21.0,0.3408046364784241
2619622,-21.0,0.37521716952323914
2620441,-21.0,0.4054470658302307
2621265,-21.0,0.3801150918006897
2622181,-20.0,0.392086923122406
2622963,-21.0,0.3588342070579529
2623751,-21.0,0.34945863485336304
2624569,-21.0,0.38489842414855957
2625388,-21.0,0.3646312654018402
2626207,-21.0,0.3535858690738678
2627032,-21.0,0.34638670086860657
2627931,-21.0,0.3590397834777832
2628780,-21.0,0.36632150411605835
2629698,-20.0,0.3247843384742737
2630517,-21.0,0.3339618444442749
2631436,-20.0,0.36776813864707947
2632282,-21.0,0.3881964087486267
2633039,-21.0,0.3748072385787964
2633857,-21.0,0.323665052652359
2634740,-21.0,0.37944817543029785
2635564,-21.0,0.3722040057182312
2636382,-21.0,0.4019763171672821
2637202,-21.0,0.34739241003990173
2638025,-21.0,0.37236738204956055
2638842,-21.0,0.3408912420272827
2639630,-21.0,0.37317556142807007
2640447,-21.0,0.38218507170677185
2641267,-21.0,0.38133949041366577
2642088,-21.0,0.35265880823135376
2642913,-21.0,0.3902697265148163
2643751,-20.0,0.38501685857772827
2644570,-21.0,0.35099563002586365
2645332,-21.0,0.35405540466308594
2646089,-21.0,0.3480960726737976
2647002,-20.0,0.3388085961341858
2647844,-21.0,0.3722536563873291
2648663,-21.0,0.3577982485294342
2649483,-21.0,0.37264198064804077
2650306,-21.0,0.35043099522590637
2651092,-21.0,0.3713841736316681
2651911,-21.0,0.36399146914482117
2652850,-21.0,0.3811931014060974
2653807,-20.0,0.36771053075790405
2654596,-21.0,0.3588639199733734
2655596,-20.0,0.35288357734680176
2656360,-21.0,0.34718775749206543
2657199,-20.0,0.33302125334739685
2657990,-21.0,0.35512107610702515
2658810,-21.0,0.38967519998550415
2659651,-21.0,0.38519662618637085
2660475,-21.0,0.3438829183578491
2661294,-21.0,0.34844791889190674
2662114,-21.0,0.34654760360717773
2662901,-21.0,0.370402991771698
2663721,-21.0,0.3804679811000824
2664485,-21.0,0.37634626030921936
2665276,-21.0,0.36820662021636963
2666097,-21.0,0.38841721415519714
2666949,-21.0,0.41111794114112854
2667772,-21.0,0.38997742533683777
2668681,-21.0,0.374743789434433
2669561,-21.0,0.3586069941520691
2670324,-21.0,0.365517258644104
2671144,-21.0,0.36712637543678284
2672027,-21.0,0.3601841330528259
2672877,-21.0,0.3629595637321472
2673699,-21.0,0.3389805257320404
2674487,-21.0,0.36603230237960815
2675398,-21.0,0.3525194525718689
2676236,-20.0,0.3311784863471985
2677017,-21.0,0.3269675672054291
2677839,-21.0,0.3726368546485901
2678659,-21.0,0.3587039113044739
2679477,-21.0,0.3370015025138855
2680298,-21.0,0.38348129391670227
2681122,-21.0,0.3676132559776306
2681946,-21.0,0.3499593138694763
2682765,-21.0,0.3500044345855713
2683695,-20.0,0.3572375774383545
2684521,-21.0,0.38663846254348755
2685343,-21.0,0.35026687383651733
2686163,-21.0,0.3357056677341461
2686983,-21.0,0.3672485053539276
2687807,-21.0,0.35735830664634705
2688802,-19.0,0.3388960361480713
2689728,-20.0,0.36388975381851196
2690548,-21.0,0.37275761365890503
2691365,-21.0,0.32921886444091797
2692215,-21.0,0.3517000377178192
2693033,-21.0,0.3945717513561249
2693850,-21.0,0.3879162669181824
2694694,-21.0,0.3593110144138336
2695519,-21.0,0.3545629382133484
2696340,-21.0,0.3611716032028198
2697130,-21.0,0.3730415105819702
2697949,-21.0,0.3436702787876129
2698789,-20.0,0.39273881912231445
2699670,-21.0,0.34840065240859985
2700585,-21.0,0.3512703478336334
2701402,-21.0,0.3891802430152893
2702309,-21.0,0.3619600534439087
2703151,-21.0,0.35340994596481323
2703912,-21.0,0.3672041893005371
2704730,-21.0,0.3544858694076538
2705548,-21.0,0.3721870183944702
2706491,-21.0,0.32447192072868347
2707311,-21.0,0.39590901136398315
2708151,-20.0,0.42294949293136597
2709032,-21.0,0.39830565452575684
2709931,-20.0,0.3489299416542053
2710812,-21.0,0.3738279342651367
2711632,-21.0,0.36851030588150024
2712796,-19.0,0.3807210326194763
2713614,-21.0,0.3638877868652344
2714580,-21.0,0.3547249436378479
2715399,-21.0,0.39895081520080566
2716239,-20.0,0.3978261947631836
2717059,-21.0,0.35086488723754883
2717879,-21.0,0.3514811396598816
2718696,-21.0,0.36755287647247314
2719514,-21.0,0.37969815731048584
2720520,-20.0,0.3472587466239929
2721279,-21.0,0.3517872095108032
2722101,-21.0,0.40075549483299255
2722919,-21.0,0.3872620463371277
2723772,-21.0,0.3624110519886017
2724590,-21.0,0.35928580164909363
2725372,-21.0,0.35781341791152954
2726192,-21.0,0.35998350381851196
2727072,-21.0,0.3699905574321747
2727909,-21.0,0.3537331223487854
2728749,-20.0,0.37618350982666016
2729570,-21.0,0.40890583395957947
2730330,-21.0,0.34643131494522095
2731154,-21.0,0.4375096559524536
2731977,-21.0,0.37124496698379517
2732739,-21.0,0.37354952096939087
2733664,-20.0,0.3881683945655823
2734543,-20.0,0.3664829432964325
2735386,-21.0,0.39324915409088135
2736207,-21.0,0.3457062840461731
2737120,-21.0,0.3262348771095276
2737945,-21.0,0.39165976643562317
2738882,-19.0,0.38301074504852295
2739723,-20.0,0.36030662059783936
2740510,-21.0,0.3458307981491089
2741310,-21.0,0.38381415605545044
2742133,-21.0,0.3940644860267639
2743088,-20.0,0.37403586506843567
2743912,-21.0,0.36197513341903687
2744736,-21.0,0.3589205741882324
2745561,-21.0,0.38402482867240906
2746384,-21.0,0.402351975440979
2747219,-20.0,0.3881757855415344
2748041,-21.0,0.37013372778892517
2748830,-21.0,0.397526353597641
2749648,-21.0,0.34804612398147583
2750528,-21.0,0.34417128562927246
2751285,-21.0,0.3408656716346741
2752125,-21.0,0.3627668023109436
2752960,-20.0,0.3383139967918396
2753808,-21.0,0.38190191984176636
2754626,-21.0,0.3323777914047241
2755449,-21.0,0.38923683762550354
2756271,-21.0,0.3459888696670532
2757093,-21.0,0.39792177081108093
2757931,-21.0,0.3484688103199005
2758783,-21.0,0.3509313464164734
2759608,-21.0,0.34680694341659546
2760430,-21.0,0.36026307940483093
2761247,-21.0,0.35392433404922485
2762220,-21.0,0.3754689693450928
2763042,-21.0,0.3404412567615509
2763866,-21.0,0.33646509051322937
2764688,-21.0,0.3419966697692871
2765475,-21.0,0.33444124460220337
2766297,-21.0,0.3547897934913635
2767144,-21.0,0.3664613366127014
2767963,-21.0,0.36091744899749756
2768782,-21.0,0.3683457374572754
2769605,-21.0,0.3928808867931366
2770485,-21.0,0.39701175689697266
2771309,-21.0,0.3893105387687683
2772246,-19.0,0.3667275011539459
2773067,-21.0,0.34957313537597656
2773892,-21.0,0.36151671409606934
2774679,-21.0,0.3608787953853607
2775504,-21.0,0.3526078164577484
2776263,-21.0,0.36168143153190613
2777145,-21.0,0.3596162796020508
2777966,-21.0,0.3664318025112152
2778872,-21.0,0.36529695987701416
2779694,-21.0,0.33755022287368774
2780567,-21.0,0.39797544479370117
2781389,-21.0,0.3427917957305908
2782213,-21.0,0.3490210175514221
2783096,-21.0,0.34856075048446655
2783921,-21.0,0.3466916084289551
2784697,-21.0,0.3984023928642273
2785770,-18.0,0.3673664927482605
2786590,-21.0,0.38551199436187744
2787469,-20.0,0.3592514395713806
2788288,-21.0,0.3491400480270386
2789074,-21.0,0.3946167230606079
2789945,-21.0,0.4224955439567566
2790765,-21.0,0.384677529335022
2791558,-21.0,0.3467690050601959
2792340,-21.0,0.34584715962409973
2793193,-21.0,0.35594528913497925
2794105,-21.0,0.3817249536514282
2794884,-21.0,0.3399270176887512
2795702,-21.0,0.3513767123222351
2796522,-21.0,0.34520426392555237
2797343,-21.0,0.3738866448402405
2798242,-21.0,0.33727091550827026
2799065,-21.0,0.36389023065567017
2799965,-20.0,0.35126084089279175
2800787,-21.0,0.3991931676864624
2801609,-21.0,0.3772130012512207
2802444,-20.0,0.372374951839447
2803364,-20.0,0.35684728622436523
2804188,-21.0,0.34453392028808594
2805011,-21.0,0.3521469533443451
2805890,-21.0,0.36588579416275024
2806735,-21.0,0.35137811303138733
2807633,-20.0,0.3643600642681122
2808457,-21.0,0.33938848972320557
2809279,-21.0,0.36986738443374634
2810098,-21.0,0.3527640700340271
2810916,-21.0,0.3714873194694519
2811764,-21.0,0.4110461473464966
2812586,-21.0,0.40100863575935364
2813405,-21.0,0.34652960300445557
2814167,-21.0,0.3984255790710449
2814991,-21.0,0.33420640230178833
2815811,-21.0,0.33234524726867676
2816632,-21.0,0.35628068447113037
2817452,-21.0,0.3604077100753784
2818275,-21.0,0.38835015892982483
2819099,-21.0,0.38413551449775696
2819904,-21.0,0.3789391815662384
2820723,-21.0,0.33476561307907104
2821712,-20.0,0.36948972940444946
2822549,-20.0,0.37077710032463074
2823400,-21.0,0.37151065468788147
2824222,-21.0,0.40080171823501587
2825069,-21.0,0.38073354959487915
2825904,-20.0,0.39279818534851074
2826786,-21.0,0.35341042280197144
2827703,-20.0,0.4139125943183899
2828581,-21.0,0.3424276113510132
2829405,-21.0,0.3499738872051239
2830224,-21.0,0.38554006814956665
2831190,-21.0,0.3570926785469055
2832071,-21.0,0.3701339066028595
2832914,-20.0,0.34813904762268066
2833737,-21.0,0.35854673385620117
2834588,-21.0,0.3692554235458374
2835364,-21.0,0.3449702858924866
2836151,-21.0,0.3793215751647949
2836941,-21.0,0.4022343158721924
2837760,-21.0,0.3574376702308655
2838641,-21.0,0.36678826808929443
2839476,-20.0,0.36323773860931396
2840331,-21.0,0.3611617684364319
2841354,-20.0,0.34597134590148926
2842298,-21.0,0.3543127179145813
2843115,-21.0,0.3823588788509369
2843932,-21.0,0.3457393944263458
2844768,-21.0,0.3938564956188202
2845557,-21.0,0.37655696272850037
2846379,-21.0,0.3596922755241394
2847198,-21.0,0.36103540658950806
2847955,-21.0,0.3689015209674835
2848773,-21.0,0.3958006799221039
2849598,-21.0,0.37017691135406494
2850422,-21.0,0.36251163482666016
2851247,-21.0,0.39610767364501953
2852068,-21.0,0.3574557602405548
2852890,-21.0,0.36350828409194946
2853708,-21.0,0.37579089403152466
2854592,-21.0,0.3374693989753723
2855410,-21.0,0.3264562785625458
2856173,-21.0,0.3214595317840576
2857059,-21.0,0.3640262484550476
2857879,-21.0,0.4010794460773468
2858699,-21.0,0.3641245365142822
2859456,-21.0,0.34978753328323364
2860280,-21.0,0.38218915462493896
2861103,-21.0,0.3624016046524048
2861925,-21.0,0.353031188249588
2862749,-21.0,0.32702046632766724
2863571,-21.0,0.37036991119384766
2864358,-21.0,0.3556264638900757
2865177,-21.0,0.3770267069339752
2866044,-21.0,0.3580372929573059
2866955,-21.0,0.35744422674179077
2867838,-21.0,0.3890399634838104
2868630,-21.0,0.3551737666130066
2869453,-21.0,0.38576871156692505
2870246,-21.0,0.39780086278915405
2871070,-21.0,0.367262065410614
2871889,-21.0,0.3780425786972046
2872709,-21.0,0.37549132108688354
2873467,-21.0,0.3707457184791565
2874498,-21.0,0.3418005108833313
2875375,-21.0,0.35267215967178345
2876163,-21.0,0.3815992474555969
2877047,-21.0,0.3873286247253418
2877869,-21.0,0.36518457531929016
2878661,-21.0,0.359554648399353
2879487,-21.0,0.40456900000572205
2880311,-21.0,0.3590834140777588
2881160,-21.0,0.36931508779525757
2881921,-21.0,0.3746737241744995
2882879,-21.0,0.3303681015968323
2883765,-21.0,0.39921537041664124
2884585,-21.0,0.39187443256378174
2885410,-21.0,0.3586604595184326
2886232,-21.0,0.36229029297828674
2887018,-21.0,0.3990679383277893
2887882,-21.0,0.3601643741130829
2888759,-21.0,0.35607603192329407
2889583,-21.0,0.3797679543495178
2890403,-21.0,0.3803315758705139
2891227,-21.0,0.4070512652397156
2892049,-21.0,0.3747544288635254
2892837,-21.0,0.34399357438087463
2893753,-20.0,0.40830862522125244
2894572,-21.0,0.38632732629776
2895391,-21.0,0.37912529706954956
2896178,-21.0,0.3794165849685669
2897056,-21.0,0.3723726272583008
2897877,-21.0,0.34576594829559326
2898697,-21.0,0.3658266067504883
2899594,-20.0,0.36780470609664917
2900492,-21.0,0.34023433923721313
2901313,-21.0,0.3654865622520447
2902194,-21.0,0.3771318197250366
2903013,-21.0,0.3637077212333679
2903834,-21.0,0.3760564923286438
2904654,-21.0,0.35580506920814514
2905582,-20.0,0.3569238781929016
2906400,-21.0,0.3546963334083557
2907220,-21.0,0.3457396626472473
2908041,-21.0,0.3591673970222473
2908980,-21.0,0.36252957582473755
2909883,-21.0,0.38339629769325256
2910706,-21.0,0.35379844903945923
2911563,-20.0,0.39107203483581543
2912386,-21.0,0.35872411727905273
2913209,-21.0,0.34844934940338135
2914088,-21.0,0.34885814785957336
2914909,-21.0,0.34895840287208557
2915729,-21.0,0.4110272526741028
2916609,-21.0,0.35180753469467163
2917435,-21.0,0.39674901962280273
2918224,-21.0,0.35843074321746826
2919043,-21.0,0.33745694160461426
2919865,-21.0,0.3665384352207184
2920687,-21.0,0.3812107443809509
2921511,-21.0,0.3628571629524231
2922453,-21.0,0.3578706979751587
2923334,-21.0,0.365911602973938
2924091,-21.0,0.3640592098236084
2924916,-21.0,0.35152268409729004
2925737,-21.0,0.37756672501564026
2926501,-21.0,0.3766438961029053
2927380,-21.0,0.3943038582801819
2928204,-21.0,0.38514214754104614
2929026,-21.0,0.4006633758544922
2929845,-21.0,0.3881382942199707
2930728,-21.0,0.38947755098342896
2931550,-21.0,0.39635777473449707
2932367,-21.0,0.3905651271343231
2933203,-20.0,0.32760775089263916
2934026,-21.0,0.3615649342536926
2934851,-21.0,0.3884792923927307
2935675,-21.0,0.3445490300655365
2936433,-21.0,0.3408190906047821
2937256,-21.0,0.3594214916229248
2938076,-21.0,0.33041912317276
2938898,-21.0,0.38279810547828674
2939858,-20.0,0.34944966435432434
2940740,-21.0,0.35993602871894836
2941560,-21.0,0.35217714309692383
2942385,-21.0,0.3764141798019409
2943173,-21.0,0.3652759790420532
2944054,-21.0,0.3586384952068329
2944873,-21.0,0.3339429199695587
2945694,-21.0,0.3805537819862366
2946515,-21.0,0.413618266582489
2947339,-21.0,0.3420943021774292
2948116,-21.0,0.3713396191596985
2948938,-21.0,0.39131638407707214
2949822,-21.0,0.3909721374511719
2950718,-20.0,0.3553468585014343
2951540,-21.0,0.39696720242500305
2952361,-21.0,0.3778059482574463
2953184,-21.0,0.37318116426467896
2954007,-21.0,0.356703519821167
2954826,-21.0,0.39429038763046265
2955614,-21.0,0.353013813495636
2956438,-21.0,0.4021364152431488
2957258,-21.0,0.37775084376335144
2958082,-21.0,0.36653783917427063
2958900,-21.0,0.3703634738922119
2959735,-20.0,0.3753957748413086
2960552,-21.0,0.3600271940231323
2961481,-21.0,0.3417198657989502
2962449,-21.0,0.35080426931381226
2963335,-21.0,0.40257877111434937
2964245,-21.0,0.37666013836860657
2965094,-21.0,0.3416919708251953
2965915,-21.0,0.35420018434524536
2966853,-21.0,0.39327573776245117
2967704,-21.0,0.35908252000808716
2968523,-21.0,0.40103334188461304
2969316,-21.0,0.3697013556957245
2970137,-21.0,0.35429155826568604
2970988,-21.0,0.36918890476226807
2971807,-21.0,0.34757399559020996
2972626,-21.0,0.3890155553817749
2973451,-21.0,0.3682253956794739
2974303,-21.0,0.39892345666885376
2975125,-21.0,0.36526399850845337
2975946,-21.0,0.3914259672164917
2976768,-21.0,0.36145347356796265
2977611,-20.0,0.3591451942920685
2978510,-20.0,0.3961028456687927
2979274,-21.0,0.3553755283355713
2980110,-21.0,0.377163290977478
2980873,-21.0,0.38866162300109863
2981696,-21.0,0.36014294624328613
2982517,-21.0,0.3536711037158966
2983359,-21.0,0.35900598764419556
2984181,-21.0,0.38402777910232544
2985005,-21.0,0.3561622202396393
2985826,-21.0,0.37002986669540405
2986652,-21.0,0.41687601804733276
2987534,-21.0,0.3785099685192108
2988353,-21.0,0.3568071126937866
2989190,-21.0,0.40075600147247314
2990010,-21.0,0.37581926584243774
2990835,-21.0,0.35392406582832336
2991655,-21.0,0.4034619629383087
2992501,-21.0,0.36744630336761475
2993325,-21.0,0.382967472076416
2994267,-21.0,0.3747459352016449
2995104,-21.0,0.3732883930206299
2995924,-21.0,0.3780663013458252
2996807,-21.0,0.3742336332798004
2997626,-21.0,0.35970455408096313
2998447,-21.0,0.3720443844795227
2999298,-21.0,0.37067997455596924
3000121,-21.0,0.36134371161460876
3001006,-21.0,0.3512019217014313
3001862,-20.0,0.360518217086792
3002740,-21.0,0.3953720033168793
3003562,-21.0,0.37044286727905273
3004324,-21.0,0.3476301431655884
3005147,-21.0,0.3480794429779053
3005971,-21.0,0.3956044912338257
3006735,-21.0,0.366335391998291
3007617,-21.0,0.3716491758823395
3008454,-21.0,0.3644912838935852
3009215,-21.0,0.35352104902267456
3010098,-21.0,0.37116578221321106
3010921,-21.0,0.3798340857028961
3011740,-21.0,0.39749467372894287
3012675,-20.0,0.378703236579895
3013437,-21.0,0.3824157118797302
3014411,-20.0,0.349427729845047
3015230,-21.0,0.34723395109176636
3016050,-21.0,0.3754500448703766
3016871,-21.0,0.36147016286849976
3017695,-21.0,0.392304390668869
3018516,-21.0,0.4042218327522278
3019335,-21.0,0.37898287177085876
3020159,-21.0,0.3835504651069641
3020983,-21.0,0.37758028507232666
3021805,-21.0,0.38044509291648865
3022627,-21.0,0.3379691541194916
3023467,-21.0,0.37142252922058105
3024287,-21.0,0.3623558282852173
3025169,-21.0,0.37681329250335693
3026010,-20.0,0.36987510323524475
3026831,-21.0,0.34324103593826294
3027653,-21.0,0.3985283076763153
3028477,-21.0,0.386433482170105
3029297,-21.0,0.3683098256587982
3030175,-21.0,0.3708134591579437
3030994,-21.0,0.3467559218406677
3031818,-21.0,0.3811151385307312
3032696,-21.0,0.3813028931617737
3033518,-21.0,0.3681604564189911
3034344,-21.0,0.417824387550354
3035169,-21.0,0.36402034759521484
3035991,-21.0,0.40531954169273376
3036909,-20.0,0.37483906745910645
3037733,-21.0,0.3718782663345337
3038513,-21.0,0.3800150156021118
3039427,-20.0,0.4066031873226166
3040249,-21.0,0.4356005787849426
3041085,-20.0,0.39153575897216797
3041927,-21.0,0.37633445858955383
3042830,-20.0,0.34823304414749146
3043650,-21.0,0.38235941529273987
3044410,-21.0,0.35538432002067566
3045230,-21.0,0.39673954248428345
3046016,-21.0,0.3912632167339325
3046835,-21.0,0.3494220972061157
3047659,-21.0,0.36588507890701294
3048480,-21.0,0.40173494815826416
3049237,-21.0,0.37134063243865967
3050056,-21.0,0.3572683334350586
3050878,-21.0,0.38105061650276184
3051719,-20.0,0.330971896648407
3052496,-21.0,0.3566577136516571
3053411,-20.0,0.40731334686279297
3054235,-21.0,0.39677125215530396
3055059,-21.0,0.3792964220046997
3055850,-21.0,0.3778252601623535
3056812,-20.0,0.38823401927948
3057633,-21.0,0.4050407409667969
3058457,-21.0,0.373923122882843
3059220,-21.0,0.40994560718536377
3060100,-21.0,0.3783028721809387
3060920,-21.0,0.3615097105503082
3061798,-21.0,0.3789340853691101
3062639,-20.0,0.4044760763645172
3063464,-21.0,0.3759227991104126
3064283,-21.0,0.3843560218811035
3065104,-21.0,0.37187454104423523
3066029,-20.0,0.3435760736465454
3066847,-21.0,0.37053608894348145
3067669,-21.0,0.4165838360786438
3068491,-21.0,0.3559070825576782
3069374,-21.0,0.3424012064933777
3070334,-20.0,0.4016406238079071
3071160,-21.0,0.388022243976593
3071983,-21.0,0.3710075914859772
3072807,-21.0,0.38175028562545776
3073691,-21.0,0.4020980894565582
3074516,-21.0,0.36668795347213745
3075335,-21.0,0.3810569941997528
3076182,-21.0,0.3771219253540039
3077006,-21.0,0.3656651973724365
3077848,-21.0,0.35539740324020386
3078790,-21.0,0.3725978434085846
3079808,-20.0,0.3760124444961548
3080662,-21.0,0.3968096375465393
3081479,-21.0,0.34887951612472534
3082297,-21.0,0.355632483959198
3083120,-21.0,0.37220191955566406
3083940,-21.0,0.3787832260131836
3084726,-21.0,0.3871338367462158
3085548,-21.0,0.34737759828567505
3086371,-21.0,0.3533792197704315
3087189,-21.0,0.41432446241378784
3088086,-21.0,0.3911004066467285
3088904,-21.0,0.3771172761917114
3089782,-21.0,0.3521876037120819
3090605,-21.0,0.3802521228790283
3091422,-21.0,0.3462167978286743
3092302,-21.0,0.39127135276794434
3093124,-21.0,0.3837107717990875
3093942,-21.0,0.3700156807899475
3094764,-21.0,0.38240766525268555
3095615,-21.0,0.34374165534973145
3096523,-21.0,0.36541613936424255
3097409,-20.0,0.3828160762786865
3098353,-21.0,0.38362738490104675
3099174,-21.0,0.34775835275650024
3099999,-21.0,0.3537749946117401
3100821,-21.0,0.3939371705055237
3101614,-21.0,0.381338894367218
3102438,-21.0,0.36475250124931335
3103257,-21.0,0.3978511691093445
3104079,-21.0,0.3642651438713074
3104902,-21.0,0.38376545906066895
3105725,-21.0,0.37829455733299255
3106547,-21.0,0.3508661091327667
3107369,-21.0,0.4097888469696045
3108193,-21.0,0.3774038255214691
3109015,-21.0,0.3565136194229126
3109841,-21.0,0.36410534381866455
3110664,-21.0,0.3615027368068695
3111484,-21.0,0.36031627655029297
3112307,-21.0,0.3675897419452667
3113146,-21.0,0.37791937589645386
3114121,-19.0,0.3898111581802368
3114939,-21.0,0.3908931016921997
3115775,-20.0,0.3541908264160156
3116595,-21.0,0.4044684171676636
3117419,-21.0,0.38948124647140503
3118244,-21.0,0.36360615491867065
3119065,-21.0,0.39525771141052246
3119924,-21.0,0.3780074715614319
3120743,-21.0,0.3751693367958069
3121562,-21.0,0.3465534448623657
3122382,-21.0,0.3515605032444
3123202,-21.0,0.3594440817832947
3124206,-20.0,0.37689030170440674
3125042,-20.0,0.3695279657840729
3125866,-21.0,0.3287110924720764
3126718,-21.0,0.38268280029296875
3127538,-21.0,0.37687578797340393
3128358,-21.0,0.40493476390838623
3129194,-20.0,0.37521734833717346
3130013,-21.0,0.37796562910079956
3130838,-21.0,0.35361921787261963
3131659,-21.0,0.4053161144256592
3132448,-21.0,0.37778738141059875
3133266,-21.0,0.376880943775177
3134090,-21.0,0.3619363307952881
3134939,-21.0,0.33979228138923645
3135822,-21.0,0.4066319167613983
3136672,-21.0,0.3604966998100281
3137491,-21.0,0.4194909334182739
3138312,-21.0,0.41787493228912354
3139132,-21.0,0.3919421136379242
3139951,-21.0,0.37270981073379517
3140768,-21.0,0.3508192002773285
3141589,-21.0,0.3801635503768921
3142408,-21.0,0.38794583082199097
3143255,-21.0,0.3660479485988617
3144073,-21.0,0.39652740955352783
3145000,-20.0,0.3731441795825958
3145824,-21.0,0.3445797562599182
3146612,-21.0,0.4275898337364197
3147431,-21.0,0.357050359249115
3148299,-21.0,0.3677310347557068
3149179,-21.0,0.3840162754058838
3149996,-21.0,0.3601319491863251
3150818,-21.0,0.3548387289047241
3151661,-21.0,0.38048699498176575
3152528,-21.0,0.3760509788990021
3153346,-21.0,0.3560851216316223
3154194,-21.0,0.3955158591270447
3155016,-21.0,0.36456090211868286
3155833,-21.0,0.37092506885528564
3156659,-21.0,0.4024812579154968
3157478,-21.0,0.38110655546188354
3158297,-21.0,0.36174121499061584
3159120,-21.0,0.35906481742858887
3159939,-21.0,0.4268815219402313
3160761,-21.0,0.3602377772331238
3161583,-21.0,0.3940672278404236
3162365,-21.0,0.37116003036499023
3163186,-21.0,0.3698907494544983
3164025,-21.0,0.36923420429229736
3164843,-21.0,0.3713400065898895
3165665,-21.0,0.39468395709991455
3166487,-21.0,0.35675472021102905
3167307,-21.0,0.3939773440361023
3168126,-21.0,0.3617079257965088
3168949,-21.0,0.3855203092098236
3169788,-21.0,0.3714238703250885
3170610,-21.0,0.40211862325668335
3171431,-21.0,0.3394533395767212
3172393,-20.0,0.37000757455825806
3173213,-21.0,0.34154069423675537
3174126,-21.0,0.3770122230052948
3174975,-21.0,0.36318880319595337
3175799,-21.0,0.37299513816833496
3176703,-21.0,0.3750191330909729
3177522,-21.0,0.3876051902770996
3178346,-21.0,0.3512369394302368
3179165,-21.0,0.4135879874229431
3179985,-21.0,0.38113102316856384
3180912,-20.0,0.3695082664489746
3181735,-21.0,0.38311767578125
3182558,-21.0,0.37787798047065735
3183380,-21.0,0.35391512513160706
3184200,-21.0,0.355571985244751
3185051,-21.0,0.34872007369995117
3185868,-21.0,0.33317166566848755
3186692,-21.0,0.3929971158504486
3187509,-21.0,0.3936762809753418
3188331,-21.0,0.3597058057785034
3189149,-21.0,0.37556761503219604
3189971,-21.0,0.4315236806869507
3190795,-21.0,0.3386605381965637
3191675,-21.0,0.38170668482780457
3192515,-21.0,0.3644569516181946
3193333,-21.0,0.3750431537628174
3194156,-21.0,0.36436256766319275
3194915,-21.0,0.36369603872299194
3195779,-20.0,0.3916611075401306
3196601,-21.0,0.34232112765312195
3197423,-21.0,0.37799665331840515
3198240,-21.0,0.3986537754535675
3199062,-21.0,0.3572821617126465
3199881,-21.0,0.3645307421684265
3200704,-21.0,0.35348865389823914
3201526,-21.0,0.43153470754623413
3202412,-21.0,0.3542747497558594
3203235,-21.0,0.32137173414230347
3204058,-21.0,0.35751211643218994
3204880,-21.0,0.4059281051158905
3205698,-21.0,0.3797339200973511
3206518,-21.0,0.34856149554252625
3207339,-21.0,0.3435053825378418
3208331,-20.0,0.3544653654098511
3209177,-21.0,0.3579084277153015
3210057,-21.0,0.3758094310760498
3211077,-19.0,0.37932759523391724
3211992,-20.0,0.38708457350730896
3212879,-21.0,0.3744887709617615
3213703,-21.0,0.39074015617370605
3214585,-21.0,0.3357248902320862
3215407,-21.0,0.41345059871673584
3216245,-21.0,0.4009230434894562
3217083,-21.0,0.3796088695526123
3217906,-21.0,0.41336432099342346
3218729,-21.0,0.3770943880081177
3219645,-20.0,0.34191232919692993
3220469,-21.0,0.39535993337631226
3221287,-21.0,0.3155522048473358
3222247,-20.0,0.3576555848121643
3223128,-21.0,0.3349180519580841
3223948,-21.0,0.41009780764579773
3224827,-21.0,0.3490540385246277
3225644,-21.0,0.35980498790740967
3226589,-21.0,0.3759734332561493
3227507,-20.0,0.3955652415752411
3228324,-21.0,0.38656139373779297
3229203,-21.0,0.40275272727012634
3230024,-21.0,0.3732939064502716
3230846,-21.0,0.3588055968284607
3231727,-21.0,0.3961803913116455
3232564,-20.0,0.38911354541778564
3233385,-21.0,0.3654592037200928
3234209,-21.0,0.3629092872142792
3235031,-21.0,0.3899074196815491
3235850,-21.0,0.38790830969810486
3236672,-21.0,0.4193981885910034
3237491,-21.0,0.34959471225738525
3238376,-21.0,0.3625073730945587
3239296,-20.0,0.3452030122280121
3240131,-21.0,0.4224679470062256
3240972,-21.0,0.352165162563324
3241791,-21.0,0.3498801589012146
3242677,-21.0,0.3768806457519531
3243497,-21.0,0.3708573579788208
3244377,-21.0,0.36137282848358154
3245198,-21.0,0.3655906915664673
3246019,-21.0,0.3979981541633606
3246960,-21.0,0.3532821238040924
3247784,-21.0,0.3892025947570801
3248667,-21.0,0.37282711267471313
3249503,-20.0,0.35753947496414185
3250321,-21.0,0.3639885187149048
3251157,-21.0,0.370930552482605
3252036,-21.0,0.4036611318588257
3252917,-21.0,0.37961265444755554
3253738,-21.0,0.36777105927467346
3254557,-21.0,0.3908522427082062
3255377,-21.0,0.3921753466129303
3256256,-21.0,0.37261858582496643
3257106,-21.0,0.3506001830101013
3257927,-21.0,0.3266841769218445
3258749,-21.0,0.35391372442245483
3259569,-21.0,0.38645291328430176
3260392,-21.0,0.38312116265296936
3261241,-21.0,0.37118232250213623
3262092,-21.0,0.36748218536376953
3262911,-21.0,0.3715813457965851
3263733,-21.0,0.3591918647289276
3264553,-21.0,0.38985806703567505
3265391,-20.0,0.3691081404685974
3266213,-21.0,0.41851091384887695
3267034,-21.0,0.3593623638153076
3267919,-21.0,0.37477952241897583
3268741,-21.0,0.3783568739891052
3269560,-21.0,0.35203808546066284
3270441,-21.0,0.38347095251083374
3271229,-21.0,0.3677702844142914
3272053,-21.0,0.38277721405029297
3272932,-21.0,0.37389636039733887
3273814,-21.0,0.36551591753959656
3274636,-21.0,0.3728860318660736
3275459,-21.0,0.35548704862594604
3276283,-21.0,0.3752833604812622
3277227,-21.0,0.39335358142852783
3278046,-21.0,0.37035661935806274
3278867,-21.0,0.3726005554199219
3279685,-21.0,0.37946411967277527
3280509,-21.0,0.3841230571269989
3281389,-21.0,0.36941611766815186
3282272,-21.0,0.3563162684440613
3283181,-21.0,0.38387078046798706
3284031,-21.0,0.37460124492645264
3284862,-20.0,0.37844139337539673
3285680,-21.0,0.3411667048931122
3286457,-21.0,0.36935633420944214
3287280,-21.0,0.3670279383659363
3288230,-20.0,0.3700229525566101
3289140,-21.0,0.3659989535808563
3289962,-21.0,0.3495204448699951
3290839,-21.0,0.3644164204597473
3291660,-21.0,0.39490360021591187
3292603,-21.0,0.41212594509124756
3293393,-21.0,0.38411790132522583
3294212,-21.0,0.37869593501091003
3295033,-21.0,0.3626866340637207
3295854,-21.0,0.39627495408058167
3296704,-21.0,0.36326542496681213
3297527,-21.0,0.37133368849754333
3298334,-21.0,0.3714003562927246
3299120,-21.0,0.36410489678382874
3299942,-21.0,0.3712361454963684
3300844,-20.0,0.34920942783355713
3301668,-21.0,0.34948214888572693
3302492,-21.0,0.3826916813850403
3303326,-20.0,0.3528394103050232
3304172,-21.0,0.35915082693099976
3304990,-21.0,0.367514431476593
3305890,-20.0,0.35788702964782715
3306740,-21.0,0.38726890087127686
3307590,-21.0,0.37256327271461487
3308456,-20.0,0.37250643968582153
3309278,-21.0,0.3972397744655609
3310038,-21.0,0.37567055225372314
3310859,-21.0,0.4117697477340698
3311696,-21.0,0.35311469435691833
3312515,-21.0,0.3617051839828491
3313336,-21.0,0.38520461320877075
3314230,-20.0,0.3738296329975128
3315051,-21.0,0.37647372484207153
3315868,-21.0,0.4035215377807617
3316718,-21.0,0.43755945563316345
3317597,-21.0,0.3595535457134247
3318422,-21.0,0.3440404236316681
3319247,-21.0,0.33382195234298706
3320068,-21.0,0.39385277032852173
3320890,-21.0,0.40797853469848633
3321712,-21.0,0.35820120573043823
3322625,-20.0,0.34981852769851685
3323408,-21.0,0.3861393332481384
3324255,-21.0,0.3540942668914795
3325072,-21.0,0.3679969310760498
3325949,-21.0,0.3687640428543091
3326767,-21.0,0.3739398121833801
3327589,-21.0,0.3603519797325134
3328412,-21.0,0.4137074947357178
3329354,-20.0,0.36703377962112427
3330176,-21.0,0.38962385058403015
3331056,-21.0,0.38850003480911255
3331879,-21.0,0.3630834221839905
3332764,-21.0,0.38280367851257324
3333606,-21.0,0.3620119094848633
3334396,-21.0,0.41176164150238037
3335213,-21.0,0.3714791238307953
3336031,-21.0,0.36705708503723145
3336851,-21.0,0.38480401039123535
3337674,-21.0,0.37308764457702637
3338494,-21.0,0.43807700276374817
3339406,-21.0,0.38599833846092224
3340286,-21.0,0.3944171667098999
3341109,-21.0,0.38261717557907104
3341932,-21.0,0.3717467784881592
3342753,-21.0,0.41112276911735535
3343601,-21.0,0.3276461362838745
3344420,-21.0,0.4011831283569336
3345239,-21.0,0.35817402601242065
3346058,-21.0,0.3600650429725647
3346877,-21.0,0.36673957109451294
3347667,-21.0,0.388271689414978
3348549,-21.0,0.42066431045532227
3349389,-21.0,0.3959544897079468
3350210,-21.0,0.3698330819606781
3351030,-21.0,0.39602452516555786
3351927,-20.0,0.34994077682495117
3352790,-20.0,0.3555763065814972
3353612,-21.0,0.39846789836883545
3354431,-21.0,0.3432859778404236
3355254,-21.0,0.3728335201740265
3356152,-20.0,0.37687841057777405
3357034,-21.0,0.32527583837509155
3357916,-21.0,0.36864250898361206
3358771,-21.0,0.3816981315612793
3359592,-21.0,0.37164801359176636
3360371,-21.0,0.37405404448509216
3361146,-21.0,0.37010905146598816
3361907,-21.0,0.40517157316207886
3362730,-21.0,0.3818677067756653
3363631,-20.0,0.3745764493942261
3364453,-21.0,0.33303165435791016
3365211,-21.0,0.3989271819591522
3366035,-21.0,0.3893306851387024
3366855,-21.0,0.38053733110427856
3367673,-21.0,0.35871267318725586
3368494,-21.0,0.3360269069671631
3369406,-20.0,0.4089624285697937
3370229,-21.0,0.4193114936351776
3371047,-21.0,0.3679088354110718
3371927,-21.0,0.36381399631500244
3372746,-21.0,0.35404881834983826
3373570,-21.0,0.34550055861473083
3374421,-21.0,0.3750864863395691
3375212,-21.0,0.36336883902549744
3376035,-21.0,0.3907647430896759
3376871,-21.0,0.3677688241004944
3377692,-21.0,0.4094189405441284
3378514,-21.0,0.38243162631988525
3379336,-21.0,0.3584447205066681
3380156,-21.0,0.40150463581085205
3380946,-21.0,0.39013922214508057
3381787,-20.0,0.38764265179634094
3382636,-21.0,0.4259662330150604
3383459,-21.0,0.328574001789093
3384282,-21.0,0.3589532971382141
3385100,-21.0,0.36178120970726013
3385943,-21.0,0.41030746698379517
3386763,-21.0,0.3968939483165741
3387586,-21.0,0.3844756484031677
3388405,-21.0,0.3893643617630005
3389223,-21.0,0.37355098128318787
3390073,-21.0,0.3504911959171295
3390833,-21.0,0.33955585956573486
3391622,-21.0,0.3621699810028076
3392504,-21.0,0.38918954133987427
3393363,-20.0,0.34659457206726074
3394184,-21.0,0.38117867708206177
3395007,-21.0,0.36055970191955566
3395827,-21.0,0.3853169083595276
3396648,-21.0,0.3811499774456024
3397829,-18.0,0.37604421377182007
3398652,-21.0,0.36424458026885986
3399475,-21.0,0.36011114716529846
3400292,-21.0,0.36374184489250183
3401140,-21.0,0.37210613489151
3401959,-21.0,0.3505287170410156
3402782,-21.0,0.3642561435699463
3403618,-20.0,0.3928719758987427
3404408,-21.0,0.3721030354499817
3405244,-21.0,0.3991067707538605
3406066,-21.0,0.37503552436828613
3406935,-21.0,0.4050953984260559
3407817,-21.0,0.37400391697883606
3408794,-20.0,0.3650158643722534
3409672,-21.0,0.38582295179367065
3410493,-21.0,0.3579806983470917
3411317,-21.0,0.35603076219558716
3412198,-21.0,0.3926312327384949
3413019,-21.0,0.3690536916255951
3413861,-21.0,0.38542822003364563
3414701,-21.0,0.38307201862335205
3415519,-21.0,0.364485502243042
3416443,-20.0,0.36957502365112305
3417342,-20.0,0.3647177517414093
3418288,-20.0,0.3632611334323883
3419109,-21.0,0.3827413320541382
3419927,-21.0,0.35743728280067444
3420872,-20.0,0.36859413981437683
3421722,-21.0,0.34273675084114075
3422601,-21.0,0.3639107346534729
3423424,-21.0,0.37551939487457275
3424209,-21.0,0.3555357754230499
3425110,-20.0,0.3406651020050049
3425929,-21.0,0.38678431510925293
3426748,-21.0,0.37600845098495483
3427570,-21.0,0.39695683121681213
3428512,-21.0,0.3948209285736084
3429276,-21.0,0.38924241065979004
3430101,-21.0,0.3584985136985779
3430966,-21.0,0.3919556140899658
3431752,-21.0,0.38050028681755066
3432590,-21.0,0.34425652027130127
3433349,-21.0,0.3819265365600586
3434196,-21.0,0.362324059009552
3435046,-21.0,0.3921523690223694
3435865,-21.0,0.3887864053249359
3436861,-19.0,0.38879260420799255
3437739,-21.0,0.38925689458847046
3438602,-20.0,0.3867924213409424
3439472,-21.0,0.38328173756599426
3440307,-20.0,0.396183580160141
3441129,-21.0,0.41211235523223877
3441965,-21.0,0.36291980743408203
3442802,-21.0,0.355518639087677
3443621,-21.0,0.38112759590148926
3444473,-21.0,0.3506454825401306
3445293,-21.0,0.3342878818511963
3446116,-21.0,0.3530212342739105
3446997,-21.0,0.401064932346344
3447819,-21.0,0.3813753128051758
3448638,-21.0,0.3572455942630768
3449462,-21.0,0.3912856876850128
3450281,-21.0,0.348480224609375
3451101,-21.0,0.3421502709388733
3451925,-21.0,0.3854774236679077
3452750,-21.0,0.3903208076953888
3453568,-21.0,0.3741554319858551
3454429,-21.0,0.360390841960907
3455266,-21.0,0.3918421268463135
3456193,-21.0,0.39410510659217834
3457014,-21.0,0.38413792848587036
3457836,-21.0,0.3830967843532562
3458667,-20.0,0.38924020528793335
3459596,-20.0,0.3509100377559662
3460385,-21.0,0.3941224217414856
3461202,-21.0,0.37220776081085205
3462022,-21.0,0.3568270206451416
3462942,-20.0,0.38173672556877136
3463763,-21.0,0.4162618815898895
3464587,-21.0,0.37019413709640503
3465380,-21.0,0.37691396474838257
3466204,-21.0,0.3427464962005615
3467024,-21.0,0.3545558452606201
3467844,-21.0,0.37743180990219116
3468666,-21.0,0.3349781632423401
3469487,-21.0,0.37540602684020996
3470368,-21.0,0.36300915479660034
3471160,-21.0,0.3740549087524414
3471981,-21.0,0.37075692415237427
3472831,-21.0,0.41023340821266174
3473651,-21.0,0.3358321785926819
3474410,-21.0,0.3938921093940735
3475259,-21.0,0.4345141649246216
3476077,-21.0,0.38095876574516296
3476897,-21.0,0.3691532611846924
3477717,-21.0,0.4044029116630554
3478538,-21.0,0.3786303400993347
3479356,-21.0,0.3720473051071167
3480195,-21.0,0.3913801312446594
3481025,-20.0,0.38705167174339294
3481842,-21.0,0.3664695620536804
3482628,-21.0,0.3782656192779541
3483405,-21.0,0.4005768895149231
3484228,-21.0,0.37738412618637085
3485047,-21.0,0.43254905939102173
3485857,-21.0,0.3860394358634949
3486679,-21.0,0.36337703466415405
3487521,-21.0,0.384352445602417
3488346,-21.0,0.3713286519050598
3489170,-21.0,0.3770796060562134
3489994,-21.0,0.41731899976730347
3490818,-21.0,0.4128098487854004
3491642,-21.0,0.3707887530326843
3492467,-21.0,0.4147878885269165
3493286,-21.0,0.3558906316757202
3494187,-20.0,0.3687598705291748
3495005,-21.0,0.3960317373275757
3495872,-21.0,0.4219284653663635
3496755,-21.0,0.43474483489990234
3497574,-21.0,0.39434388279914856
3498398,-21.0,0.4020093083381653
3499218,-21.0,0.36842483282089233
3500066,-21.0,0.3796719014644623
3500856,-21.0,0.38730233907699585
3501673,-21.0,0.40282124280929565
3502497,-21.0,0.3776909112930298
3503407,-21.0,0.36629417538642883
3504286,-21.0,0.3715273141860962
3505111,-21.0,0.3888415992259979
3505993,-21.0,0.36992907524108887
3506785,-21.0,0.3862982988357544
3507609,-21.0,0.35735857486724854
3508427,-21.0,0.35576581954956055
3509245,-21.0,0.37525469064712524
3510070,-21.0,0.3587009310722351
3510890,-21.0,0.3951355218887329
3511775,-21.0,0.3621658682823181
3512596,-21.0,0.3524402976036072
3513495,-20.0,0.3923262059688568
3514465,-21.0,0.38564467430114746
3515346,-21.0,0.3599794805049896
3516194,-21.0,0.3853130042552948
3517032,-21.0,0.3698608875274658
3517980,-20.0,0.39150190353393555
3518799,-21.0,0.3788207471370697
3519622,-21.0,0.3902496099472046
3520463,-21.0,0.35413506627082825
3521283,-21.0,0.35294443368911743
3522132,-21.0,0.3922543525695801
3522955,-21.0,0.40669918060302734
3523837,-21.0,0.3739734888076782
3524695,-20.0,0.3650176525115967
3525535,-20.0,0.36936408281326294
3526355,-21.0,0.4063791334629059
3527178,-21.0,0.4079324007034302
3528048,-20.0,0.3680420517921448
3528945,-20.0,0.344468891620636
3529767,-21.0,0.3734356164932251
3530619,-21.0,0.40396663546562195
3531437,-21.0,0.3738582730293274
3532334,-21.0,0.35758349299430847
3533154,-21.0,0.3673124313354492
3533973,-21.0,0.3641640543937683
3534794,-21.0,0.3585449457168579
3535612,-21.0,0.3610384464263916
3536435,-21.0,0.36926597356796265
3537306,-21.0,0.35744959115982056
3538141,-20.0,0.39913618564605713
3538961,-21.0,0.38124141097068787
3539938,-20.0,0.3890201151371002
3540756,-21.0,0.36903345584869385
3541654,-20.0,0.37221401929855347
3542476,-21.0,0.36801376938819885
3543294,-21.0,0.38233888149261475
3544086,-21.0,0.4243854284286499
3544906,-21.0,0.3861486315727234
3545666,-21.0,0.37461021542549133
3546610,-21.0,0.37395718693733215
3547434,-21.0,0.3686331510543823
3548258,-21.0,0.4264861047267914
3549139,-21.0,0.35430943965911865
3550038,-20.0,0.39291903376579285
3550859,-21.0,0.33821260929107666
3551676,-21.0,0.3707834482192993
3552495,-21.0,0.4264805316925049
3553316,-21.0,0.3699549734592438
3554166,-21.0,0.3698119819164276
3555013,-21.0,0.3718077540397644
3555799,-21.0,0.33294376730918884
3556618,-21.0,0.41541534662246704
3557500,-21.0,0.3518805503845215
3558382,-21.0,0.382377952337265
3559203,-21.0,0.37829524278640747
3560085,-21.0,0.401048481464386
3560930,-21.0,0.37742334604263306
3561751,-21.0,0.39584964513778687
3562597,-21.0,0.36676034331321716
3563434,-21.0,0.3966699242591858
3564222,-21.0,0.3698155879974365
3564984,-21.0,0.38153740763664246
3565862,-21.0,0.36576923727989197
3566684,-21.0,0.37471604347229004
3567508,-21.0,0.39362627267837524
3568325,-21.0,0.37157705426216125
3569148,-21.0,0.37967467308044434
3569972,-21.0,0.3573857545852661
3570815,-21.0,0.3584749102592468
3571636,-21.0,0.4087618887424469
3572459,-21.0,0.3720477819442749
3573348,-20.0,0.3604317903518677
3574166,-21.0,0.3764802813529968
3575005,-20.0,0.3298143446445465
3575824,-21.0,0.3673393130302429
3576704,-21.0,0.40475159883499146
3577558,-21.0,0.3914821743965149
3578411,-21.0,0.4441090226173401
3579196,-21.0,0.40496936440467834
3580037,-21.0,0.37392643094062805
3580919,-21.0,0.39130014181137085
3581743,-21.0,0.3771848678588867
3582599,-20.0,0.39489293098449707
3583421,-21.0,0.3676825761795044
3584352,-20.0,0.36607933044433594
3585237,-21.0,0.3760191798210144
3586121,-21.0,0.36387914419174194
3587020,-20.0,0.3527289628982544
3587934,-20.0,0.3734598457813263
3588752,-21.0,0.36283817887306213
3589574,-21.0,0.3991371989250183
3590393,-21.0,0.38468384742736816
3591262,-20.0,0.4095832109451294
3592082,-21.0,0.3875277042388916
3592923,-21.0,0.3892800807952881
3593744,-21.0,0.3978819251060486
3594629,-21.0,0.403735488653183
3595480,-21.0,0.37637364864349365
3596319,-20.0,0.3752642273902893
3597166,-21.0,0.4141618609428406
3597989,-21.0,0.3684540390968323
3598838,-21.0,0.3543897867202759
3599659,-21.0,0.3784054219722748
3600569,-21.0,0.3706960678100586
3601390,-21.0,0.37413305044174194
3602211,-21.0,0.37067267298698425
3603091,-21.0,0.3818455934524536
3603914,-21.0,0.3914356827735901
3604762,-21.0,0.38173186779022217
3605581,-21.0,0.34627604484558105
3606344,-21.0,0.39609748125076294
3607169,-21.0,0.3794981837272644
3607992,-21.0,0.4007106423377991
3608831,-20.0,0.38963985443115234
3609649,-21.0,0.3806978464126587
3610471,-21.0,0.36109310388565063
3611295,-21.0,0.38979846239089966
3612177,-21.0,0.4025637209415436
3613087,-21.0,0.3861638307571411
3613910,-21.0,0.35702383518218994
3614733,-21.0,0.35910502076148987
3615557,-21.0,0.4072183072566986
3616398,-21.0,0.38793736696243286
3617219,-21.0,0.3553723692893982
3618101,-21.0,0.3834339678287506
3618923,-21.0,0.3776988983154297
3619759,-20.0,0.3904452323913574
3620645,-21.0,0.36700335144996643
3621436,-21.0,0.39357179403305054
3622262,-21.0,0.39191046357154846
3623162,-21.0,0.3847093880176544
3623980,-21.0,0.3786014914512634
3624831,-21.0,0.3814711272716522
3625653,-21.0,0.3548552989959717
3626473,-21.0,0.410910964012146
3627290,-21.0,0.37687188386917114
3628111,-21.0,0.3999551832675934
3628934,-21.0,0.4002608358860016
3629756,-21.0,0.36073726415634155
3630577,-21.0,0.3657146096229553
3631418,-21.0,0.37778156995773315
3632236,-21.0,0.37826764583587646
3633059,-21.0,0.38607221841812134
3633877,-21.0,0.37047430872917175
3634699,-21.0,0.37052488327026367
3635523,-21.0,0.4077017605304718
3636348,-21.0,0.38242894411087036
3637197,-21.0,0.3628541827201843
3638020,-21.0,0.39556342363357544
3638894,-20.0,0.37104707956314087
3639685,-21.0,0.3758912682533264
3640508,-21.0,0.3745887875556946
3641267,-21.0,0.3559499979019165
3642180,-20.0,0.4186055660247803
3643017,-20.0,0.3555143177509308
3643838,-21.0,0.35366344451904297
3644720,-21.0,0.35567623376846313
3645540,-21.0,0.3657512664794922
3646422,-21.0,0.37766122817993164
3647239,-21.0,0.40304771065711975
3648122,-21.0,0.3537447154521942
3648972,-21.0,0.403592586517334
3649796,-21.0,0.3883930444717407
3650613,-21.0,0.40399134159088135
3651573,-20.0,0.4012809991836548
3652392,-21.0,0.3196674585342407
3653212,-21.0,0.3493451476097107
3653992,-21.0,0.3484092354774475
3654814,-21.0,0.36432042717933655
3655637,-21.0,0.3523361086845398
3656455,-21.0,0.3930478096008301
3657275,-21.0,0.39815574884414673
3658095,-21.0,0.3774517774581909
3658913,-21.0,0.36552733182907104
3659731,-21.0,0.3566274344921112
3660552,-21.0,0.3843042850494385
3661395,-21.0,0.3518064618110657
3662333,-21.0,0.36652153730392456
3663175,-21.0,0.3942226767539978
3663997,-21.0,0.40930411219596863
3664877,-21.0,0.3746665120124817
3665758,-21.0,0.36343592405319214
3666581,-21.0,0.35950967669487
3667405,-21.0,0.35289883613586426
3668344,-21.0,0.3738425672054291
3669197,-21.0,0.40698450803756714
3670081,-21.0,0.3826451003551483
3670920,-21.0,0.37970077991485596
3671828,-21.0,0.34650272130966187
3672674,-21.0,0.36994558572769165
3673492,-21.0,0.41699790954589844
3674312,-21.0,0.3676031827926636
3675138,-21.0,0.39619240164756775
3676018,-21.0,0.3728753924369812
3676843,-21.0,0.38227495551109314
3677662,-21.0,0.38766658306121826
3678425,-21.0,0.3893933892250061
3679297,-20.0,0.36324071884155273
3680119,-21.0,0.3839940130710602
3680960,-21.0,0.37224510312080383
3681779,-21.0,0.37667202949523926
3682625,-21.0,0.3719187378883362
3683509,-21.0,0.34715303778648376
3684395,-21.0,0.3792096972465515
3685217,-21.0,0.410160094499588
3686037,-21.0,0.3853776454925537
3686861,-21.0,0.36063826084136963
3687683,-21.0,0.3979809880256653
3688534,-21.0,0.3826214373111725
3689351,-21.0,0.34388798475265503
3690170,-21.0,0.3785558342933655
3690993,-21.0,0.33867567777633667
3691813,-21.0,0.350314736366272
3692637,-21.0,0.3796411156654358
3693458,-21.0,0.3967045545578003
3694277,-21.0,0.4142337739467621
3695098,-21.0,0.3666028678417206
3695923,-21.0,0.37786176800727844
3696763,-21.0,0.40571022033691406
3697555,-21.0,0.38680899143218994
3698377,-21.0,0.3581414818763733
3699218,-21.0,0.39515411853790283
3700064,-21.0,0.3799450993537903
3700888,-21.0,0.3448307514190674
3701735,-21.0,0.3560948371887207
3702572,-21.0,0.35347679257392883
3703449,-21.0,0.411915123462677
3704269,-21.0,0.3985407054424286
3705118,-21.0,0.36802834272384644
3705939,-21.0,0.3800671398639679
3706834,-20.0,0.39055556058883667
3707658,-21.0,0.402916818857193
3708475,-21.0,0.37510403990745544
3709299,-21.0,0.36425113677978516
3710122,-21.0,0.3920685648918152
3710944,-21.0,0.37026098370552063
3711762,-21.0,0.37278980016708374
3712602,-21.0,0.37468427419662476
3713423,-21.0,0.35467660427093506
3714259,-21.0,0.4129290282726288
3715080,-21.0,0.4028342068195343
3715900,-21.0,0.36657726764678955
3716915,-20.0,0.4148266911506653
3717738,-21.0,0.37724238634109497
3718558,-21.0,0.37177586555480957
3719382,-21.0,0.3893890976905823
3720206,-21.0,0.35329747200012207
3721023,-21.0,0.3855111598968506
3721844,-21.0,0.3265707492828369
3722664,-21.0,0.3980666697025299
3723481,-21.0,0.4055742025375366
3724299,-21.0,0.35258013010025024
3725118,-21.0,0.36225882172584534
3725905,-21.0,0.3858058452606201
3726727,-21.0,0.348367303609848
3727547,-21.0,0.38772720098495483
3728305,-21.0,0.33299627900123596
3729128,-21.0,0.414276123046875
3729948,-21.0,0.404468834400177
3730767,-21.0,0.4210398197174072
3731664,-20.0,0.40414896607398987
3732506,-21.0,0.37927281856536865
3733325,-21.0,0.38535043597221375
3734147,-21.0,0.38867348432540894
3735048,-20.0,0.38183847069740295
3735873,-21.0,0.3967357277870178
3736662,-21.0,0.39775046706199646
3737483,-21.0,0.4016963541507721
3738301,-21.0,0.3831431269645691
3739126,-21.0,0.3745245933532715
3739968,-21.0,0.40083229541778564
3740758,-21.0,0.4365646243095398
3741679,-20.0,0.38846951723098755
3742530,-21.0,0.401394784450531
3743293,-21.0,0.4085240364074707
3744144,-21.0,0.3982251286506653
3744991,-21.0,0.39579278230667114
3745827,-20.0,0.3900268077850342
3746612,-21.0,0.37373560667037964
3747391,-21.0,0.377718985080719
3748180,-21.0,0.3779818117618561
3749002,-21.0,0.35920530557632446
3749790,-21.0,0.3435460329055786
3750612,-21.0,0.3781176209449768
3751550,-21.0,0.35406118631362915
3752374,-21.0,0.36956465244293213
3753195,-21.0,0.3993978202342987
3754018,-21.0,0.3842247724533081
3754835,-21.0,0.3495315909385681
3755624,-21.0,0.3662329912185669
3756443,-21.0,0.3828447461128235
3757262,-21.0,0.352428138256073
3758081,-21.0,0.39348024129867554
3758901,-21.0,0.38486403226852417
3759842,-21.0,0.39106976985931396
3760694,-21.0,0.4142647087574005
3761514,-21.0,0.3937053382396698
3762336,-21.0,0.396547794342041
3763157,-21.0,0.3717374801635742
3763974,-21.0,0.40736573934555054
3764859,-21.0,0.3587908148765564
3765740,-21.0,0.38686513900756836
3766561,-21.0,0.4182403087615967
3767380,-21.0,0.41652747988700867
3768260,-21.0,0.3697815239429474
3769141,-21.0,0.37911948561668396
3769964,-21.0,0.43030837178230286
3770980,-20.0,0.36872532963752747
3771797,-21.0,0.3719637095928192
3772736,-21.0,0.38181859254837036
3773618,-21.0,0.41736865043640137
3774502,-21.0,0.37781405448913574
3775381,-21.0,0.4000626802444458
3776227,-21.0,0.4352782368659973
3777064,-21.0,0.3679468333721161
3777905,-21.0,0.3713257908821106
3778726,-21.0,0.3659370541572571
3779548,-21.0,0.3771789073944092
3780371,-21.0,0.38716739416122437
3781194,-21.0,0.3802669048309326
3782079,-21.0,0.36464422941207886
3782896,-21.0,0.38398993015289307
3783715,-21.0,0.4075082540512085
3784599,-21.0,0.38876938819885254
3785379,-21.0,0.44189125299453735
3786197,-21.0,0.33601516485214233
3787019,-21.0,0.3919118642807007
3787841,-21.0,0.3588918447494507
3788664,-21.0,0.3430134654045105
3789486,-21.0,0.3840360641479492
3790336,-21.0,0.3774581849575043
3791153,-21.0,0.38977253437042236
3791975,-21.0,0.37758660316467285
3792797,-21.0,0.34865790605545044
3793677,-21.0,0.3701649010181427
3794497,-21.0,0.3824429512023926
3795348,-21.0,0.3886507451534271
3796179,-20.0,0.3774409890174866
3797001,-21.0,0.40991827845573425
3797884,-21.0,0.386119544506073
3798788,-21.0,0.40363609790802
3799545,-21.0,0.393718957901001
3800325,-21.0,0.38516050577163696
3801238,-21.0,0.3697173595428467
3802025,-21.0,0.4246256947517395
3802848,-21.0,0.37843039631843567
3803655,-21.0,0.40296149253845215
3804443,-21.0,0.35643357038497925
3805281,-21.0,0.3761335611343384
3806138,-20.0,0.37886738777160645
3806977,-20.0,0.3543049395084381
3807800,-21.0,0.44278019666671753
3808648,-21.0,0.3966326117515564
3809471,-21.0,0.3710210919380188
3810288,-21.0,0.3830237090587616
3811108,-21.0,0.40282636880874634
3811932,-21.0,0.4081057608127594
3812693,-21.0,0.4089030623435974
3813512,-21.0,0.38728487491607666
3814354,-20.0,0.4038168787956238
3815192,-20.0,0.40566331148147583
3816011,-21.0,0.39647263288497925
3816832,-21.0,0.3896520733833313
3817655,-21.0,0.43869757652282715
3818476,-21.0,0.39562147855758667
3819234,-21.0,0.3778713345527649
3820058,-21.0,0.40752291679382324
3820878,-21.0,0.40221837162971497
3821698,-21.0,0.35635077953338623
3822516,-21.0,0.37935879826545715
3823337,-21.0,0.4123123288154602
3824159,-21.0,0.40374302864074707
3824976,-21.0,0.399280846118927
3825800,-21.0,0.3829437792301178
3826653,-21.0,0.39390450716018677
3827438,-21.0,0.4415563642978668
3828255,-21.0,0.416117787361145
3829095,-21.0,0.3938019573688507
3829945,-21.0,0.36038491129875183
3830764,-21.0,0.38124018907546997
3831768,-21.0,0.3671382665634155
3832591,-21.0,0.3720942735671997
3833410,-21.0,0.38338103890419006
3834227,-21.0,0.4282327890396118
3835050,-21.0,0.4078413248062134
3835874,-21.0,0.4273071885108948
3836698,-21.0,0.3855242431163788
3837485,-21.0,0.3614155948162079
3838304,-21.0,0.3906254470348358
3839150,-21.0,0.38110053539276123
3839969,-21.0,0.392465740442276
3840872,-20.0,0.3950487971305847
3841691,-21.0,0.3868401348590851
3842510,-21.0,0.3955864906311035
3843332,-21.0,0.394037127494812
3844153,-21.0,0.36260926723480225
3844970,-21.0,0.36586639285087585
3845793,-21.0,0.3777697682380676
3846611,-21.0,0.36658066511154175
3847463,-21.0,0.4088784456253052
3848310,-21.0,0.4045058488845825
3849135,-21.0,0.3739074766635895
3849957,-21.0,0.3469223380088806
3850778,-21.0,0.3439701497554779
3851595,-21.0,0.40034016966819763
3852434,-20.0,0.4045402705669403
3853273,-21.0,0.41148871183395386
3854095,-21.0,0.35596758127212524
3854916,-21.0,0.37392836809158325
3855739,-21.0,0.41572698950767517
3856563,-21.0,0.4158405065536499
3857384,-21.0,0.37352895736694336
3858204,-21.0,0.41319024562835693
3859023,-21.0,0.35271143913269043
3859844,-21.0,0.39677417278289795
3860668,-21.0,0.36258482933044434
3861432,-21.0,0.37901169061660767
3862255,-21.0,0.39331257343292236
3863092,-21.0,0.39546364545822144
3863913,-21.0,0.37657350301742554
3864732,-21.0,0.41030949354171753
3865553,-21.0,0.37293756008148193
3866335,-21.0,0.37924227118492126
3867216,-21.0,0.3746926486492157
3868038,-21.0,0.40744495391845703
3868857,-21.0,0.38126710057258606
3869740,-21.0,0.393726110458374
3870585,-21.0,0.4355907440185547
3871403,-21.0,0.3914904296398163
3872222,-21.0,0.38376137614250183
3872980,-21.0,0.4152926802635193
3873804,-21.0,0.3810119032859802
3874624,-21.0,0.3562576472759247
3875443,-21.0,0.3909575641155243
3876263,-21.0,0.37614408135414124
3877084,-21.0,0.3983219861984253
3878031,-21.0,0.3982328474521637
3878869,-20.0,0.3732690215110779
3879705,-20.0,0.39110031723976135
3880584,-21.0,0.4208115339279175
3881469,-21.0,0.3445567488670349
3882252,-21.0,0.3671642541885376
3883160,-21.0,0.39781856536865234
3883982,-21.0,0.3663666248321533
3884805,-21.0,0.3904702961444855
3885585,-21.0,0.3679816424846649
3886405,-21.0,0.42922404408454895
3887228,-21.0,0.4225277304649353
3888064,-21.0,0.3457980751991272
3888943,-21.0,0.3580330014228821
3889731,-21.0,0.42594850063323975
3890647,-20.0,0.4367772340774536
3891467,-21.0,0.38734474778175354
3892288,-21.0,0.4005401134490967
3893185,-20.0,0.40371987223625183
3894009,-21.0,0.37515103816986084
3894799,-21.0,0.365265429019928
3895590,-21.0,0.3767726719379425
3896460,-20.0,0.3813744783401489
3897284,-21.0,0.4192564785480499
3898139,-20.0,0.41338831186294556
3898959,-21.0,0.3583078384399414
3899782,-21.0,0.36839449405670166
3900666,-21.0,0.39111965894699097
3901517,-21.0,0.40524184703826904
3902368,-21.0,0.37465211749076843
3903210,-21.0,0.41162216663360596
3904031,-21.0,0.41936731338500977
3904958,-20.0,0.3795890808105469
3905776,-21.0,0.42577314376831055
3906626,-21.0,0.35150420665740967
3907510,-21.0,0.4154270589351654
3908352,-21.0,0.3635883927345276
3909231,-21.0,0.40134841203689575
3910052,-21.0,0.41298261284828186
3910869,-21.0,0.3576801121234894
3911748,-21.0,0.403877854347229
3912631,-21.0,0.3714132308959961
3913454,-21.0,0.39499008655548096
3914373,-19.0,0.3771558403968811
3915239,-20.0,0.3837483823299408
3916120,-21.0,0.4045811891555786
3916943,-21.0,0.3717206120491028
3917764,-21.0,0.4100903272628784
3918584,-21.0,0.4257683753967285
3919430,-21.0,0.4116777181625366
3920252,-21.0,0.40734320878982544
3921075,-21.0,0.3464687466621399
3921894,-21.0,0.3866012692451477
3922714,-21.0,0.3550040125846863
3923536,-21.0,0.39466744661331177
3924355,-21.0,0.38701170682907104
3925251,-20.0,0.36496883630752563
3926075,-21.0,0.40012842416763306
3926895,-21.0,0.3889612555503845
3927686,-21.0,0.37777063250541687
3928522,-21.0,0.3863471448421478
3929421,-20.0,0.3873090147972107
3930242,-21.0,0.3715282380580902
3931066,-21.0,0.3920556902885437
3931889,-21.0,0.40084391832351685
3932707,-21.0,0.41138434410095215
3933555,-21.0,0.3920528292655945
3934373,-21.0,0.39865046739578247
3935195,-21.0,0.3695962429046631
3936014,-21.0,0.3648521900177002
3936834,-21.0,0.3902055025100708
3937657,-21.0,0.3713858127593994
3938478,-21.0,0.381167471408844
3939357,-21.0,0.3553300201892853
3940176,-21.0,0.4434015154838562
3941016,-20.0,0.38973933458328247
3941834,-21.0,0.41105711460113525
3942656,-21.0,0.38650891184806824
3943509,-21.0,0.34516769647598267
3944328,-21.0,0.370772123336792
3945206,-21.0,0.39807596802711487
3945966,-21.0,0.37440043687820435
3946788,-21.0,0.3947613835334778
3947610,-21.0,0.3999370336532593
3948436,-21.0,0.38093698024749756
3949196,-21.0,0.37498849630355835
3950018,-21.0,0.39028871059417725
3950964,-20.0,0.3803206980228424
3951755,-21.0,0.3982452154159546
3952576,-21.0,0.36132410168647766
3953494,-20.0,0.42495405673980713
3954334,-21.0,0.413186252117157
3955157,-21.0,0.39662522077560425
3955999,-21.0,0.3721536099910736
3956824,-21.0,0.4222729206085205
3957645,-21.0,0.36451640725135803
3958464,-21.0,0.37112951278686523
3959389,-20.0,0.4044569134712219
3960274,-20.0,0.3916895389556885
3961097,-21.0,0.38881611824035645
3961919,-21.0,0.3926401734352112
3962737,-21.0,0.4011644124984741
3963589,-21.0,0.37362566590309143
3964475,-21.0,0.39397311210632324
3965294,-21.0,0.40350642800331116
3966131,-21.0,0.36638957262039185
3967078,-21.0,0.3824554681777954
3968052,-21.0,0.41067585349082947
3968875,-21.0,0.3901968002319336
3969727,-21.0,0.39155420660972595
3970564,-21.0,0.38403546810150146
3971389,-21.0,0.3801518678665161
3972211,-21.0,0.3910156488418579
3973028,-21.0,0.3884277045726776
3973867,-21.0,0.3971066474914551
3974709,-21.0,0.399090051651001
3975546,-21.0,0.397855281829834
3976367,-21.0,0.3909805417060852
3977206,-21.0,0.3859487771987915
3978029,-21.0,0.4184296131134033
3978849,-21.0,0.37144774198532104
3979672,-21.0,0.4220779836177826
3980491,-21.0,0.39433571696281433
3981314,-21.0,0.41873642802238464
3982137,-21.0,0.3656192421913147
3983021,-21.0,0.3780786097049713
3983843,-21.0,0.39553505182266235
3984665,-21.0,0.38501930236816406
3985483,-21.0,0.347938597202301
3986305,-21.0,0.3648608922958374
3987174,-20.0,0.3975411355495453
3988057,-20.0,0.3665662705898285
3988877,-21.0,0.377879798412323
3989699,-21.0,0.345913290977478
3990583,-21.0,0.38826173543930054
3991407,-21.0,0.415027379989624
3992229,-21.0,0.3443533778190613
3993047,-21.0,0.4023531973361969
3993869,-21.0,0.42513585090637207
3994690,-21.0,0.36651861667633057
3995510,-21.0,0.3966616094112396
3996291,-21.0,0.38590702414512634
3997110,-21.0,0.3767213225364685
3997928,-21.0,0.36904609203338623
3998752,-21.0,0.3592972159385681
3999577,-21.0,0.38160163164138794
4000427,-21.0,0.37305235862731934
4001251,-21.0,0.3839956521987915
4002097,-21.0,0.38659346103668213
4002920,-21.0,0.36870285868644714
4003745,-21.0,0.37284812331199646
4004662,-20.0,0.3817295432090759
4005520,-21.0,0.376473605632782
4006339,-21.0,0.3898178040981293
4007162,-21.0,0.40549084544181824
4007982,-21.0,0.38237500190734863
4008769,-21.0,0.4038971960544586
4009608,-21.0,0.36564120650291443
4010430,-21.0,0.41569945216178894
4011250,-21.0,0.36531463265419006
4012131,-21.0,0.37820184230804443
4012980,-21.0,0.3982941806316376
4013804,-21.0,0.4031575322151184
4014641,-20.0,0.4213365316390991
4015522,-21.0,0.33792075514793396
4016418,-20.0,0.40205830335617065
4017242,-21.0,0.3784855604171753
4018031,-21.0,0.37845927476882935
4018847,-21.0,0.3898750841617584
4019665,-21.0,0.40997254848480225
4020799,-19.0,0.40248510241508484
4021618,-21.0,0.39904284477233887
4022438,-21.0,0.3790814280509949
4023328,-21.0,0.38456135988235474
4024145,-21.0,0.3796599507331848
4024934,-21.0,0.3991604447364807
4025756,-21.0,0.3468298017978668
4026574,-21.0,0.3466349244117737
4027366,-21.0,0.38164588809013367
4028248,-21.0,0.3971232771873474
4029148,-20.0,0.4261702001094818
4029969,-21.0,0.37720513343811035
4030792,-21.0,0.37102800607681274
4031628,-21.0,0.3807845115661621
4032448,-21.0,0.39342865347862244
4033360,-21.0,0.3752414882183075
4034180,-21.0,0.4243423640727997
4035021,-20.0,0.4016702473163605
4035810,-21.0,0.3840793967247009
4036646,-21.0,0.4037591814994812
4037465,-21.0,0.4020891785621643
4038316,-21.0,0.39689886569976807
4039152,-20.0,0.4022373557090759
4039975,-21.0,0.4144850969314575
4040795,-21.0,0.396437406539917
4041585,-21.0,0.3734259307384491
4042408,-21.0,0.36080360412597656
4043248,-21.0,0.37620657682418823
4044071,-21.0,0.3947170376777649
4044889,-21.0,0.3878965377807617
4045738,-21.0,0.40936803817749023
4046561,-21.0,0.3763328194618225
4047441,-21.0,0.36690282821655273
4048373,-19.0,0.34857624769210815
4049191,-21.0,0.3897933065891266
4049980,-21.0,0.4057255983352661
4050825,-21.0,0.4036807417869568
4051610,-21.0,0.36555999517440796
4052446,-20.0,0.3667834401130676
4053285,-20.0,0.389595627784729
4054197,-21.0,0.39949822425842285
4055017,-21.0,0.3910072147846222
4055837,-21.0,0.35557207465171814
4056614,-21.0,0.3929869532585144
4057373,-21.0,0.3741820752620697
4058195,-21.0,0.4088228642940521
4059014,-21.0,0.404446542263031
4059976,-20.0,0.36369839310646057
4060795,-21.0,0.37745732069015503
4061581,-21.0,0.389584481716156
4062405,-21.0,0.38479048013687134
4063224,-21.0,0.3841935396194458
4064049,-21.0,0.4283440411090851
4064894,-21.0,0.3985864520072937
4065718,-21.0,0.38548073172569275
4066568,-21.0,0.3657597303390503
4067410,-21.0,0.4067613482475281
4068284,-21.0,0.42526477575302124
4069105,-21.0,0.39419764280319214
4070044,-21.0,0.4059840440750122
4070864,-21.0,0.395025372505188
4071682,-21.0,0.3980467915534973
4072529,-21.0,0.39443540573120117
4073349,-21.0,0.3908720016479492
4074187,-21.0,0.3501183092594147
4075008,-21.0,0.38601258397102356
4075844,-20.0,0.4024699628353119
4076669,-21.0,0.38570094108581543
4077492,-21.0,0.37406885623931885
4078389,-20.0,0.37204134464263916
4079210,-21.0,0.408183753490448
4080032,-21.0,0.38819292187690735
4080854,-21.0,0.36725595593452454
4081678,-21.0,0.38799265027046204
4082502,-21.0,0.39612823724746704
4083325,-21.0,0.3770749270915985
4084180,-21.0,0.38764625787734985
4085000,-21.0,0.39667797088623047
4085818,-21.0,0.3945869207382202
4086636,-21.0,0.3716018497943878
4087457,-21.0,0.3848636746406555
4088278,-21.0,0.3644139766693115
4089097,-21.0,0.387393057346344
4090040,-21.0,0.373491108417511
4090876,-21.0,0.3813253343105316
4091715,-21.0,0.4461877942085266
4092537,-21.0,0.4323860704898834
4093358,-21.0,0.3977453112602234
4094240,-21.0,0.40295374393463135
4095058,-21.0,0.36960095167160034
4095907,-21.0,0.39558249711990356
4096756,-21.0,0.37609678506851196
4097607,-21.0,0.3767267167568207
4098453,-21.0,0.3736661374568939
4099294,-21.0,0.38229718804359436
4100116,-21.0,0.3680626451969147
4100937,-21.0,0.3810231685638428
4101756,-21.0,0.3659595549106598
4102593,-21.0,0.4004388749599457
4103412,-21.0,0.4549259841442108
4104255,-21.0,0.40331465005874634
4105076,-21.0,0.3906565308570862
4105958,-21.0,0.39842891693115234
4106784,-21.0,0.4242728650569916
4107605,-21.0,0.3535059988498688
4108456,-21.0,0.42517948150634766
4109287,-20.0,0.39926713705062866
4110105,-21.0,0.415075421333313
4110924,-21.0,0.3754735291004181
4111779,-21.0,0.3767566680908203
4112676,-20.0,0.3902691602706909
4113517,-21.0,0.4114379584789276
4114367,-21.0,0.37788012623786926
4115247,-21.0,0.41431474685668945
4116070,-21.0,0.39814019203186035
4116892,-21.0,0.3818223774433136
4117715,-21.0,0.34819379448890686
4118565,-21.0,0.37919116020202637
4119384,-21.0,0.3811304271221161
4120207,-21.0,0.3901470899581909
4121042,-20.0,0.39050161838531494
4121960,-20.0,0.3829420804977417
4122800,-20.0,0.3795276880264282
4123619,-21.0,0.41194963455200195
4124438,-21.0,0.3659585118293762
4125260,-21.0,0.4167538583278656
4126138,-21.0,0.3600981533527374
4127153,-19.0,0.3760529160499573
4128003,-21.0,0.3471967279911041
4128824,-21.0,0.3655211925506592
4129643,-21.0,0.40272092819213867
4130462,-21.0,0.41927570104599
4131313,-21.0,0.42587241530418396
4132133,-21.0,0.4160624146461487
4132983,-21.0,0.4136770963668823
4133806,-21.0,0.435288667678833
4134626,-21.0,0.42549073696136475
4135445,-21.0,0.3921797573566437
4136262,-21.0,0.3644270598888397
4137084,-21.0,0.384346067905426
4137905,-21.0,0.3671288788318634
4138751,-21.0,0.3663058876991272
4139573,-21.0,0.41225767135620117
4140504,-20.0,0.36741578578948975
4141322,-21.0,0.4276503324508667
4142161,-20.0,0.3604501485824585
4142920,-21.0,0.37885111570358276
4143745,-21.0,0.42446157336235046
4144585,-21.0,0.3687542676925659
4145402,-21.0,0.3767229914665222
4146339,-20.0,0.376867413520813
4147159,-21.0,0.38795363903045654
4147981,-21.0,0.3949164152145386
4148864,-21.0,0.42706066370010376
4149839,-21.0,0.39477241039276123
4150741,-21.0,0.3923323154449463
4151593,-21.0,0.3858203589916229
4152551,-20.0,0.3940916061401367
4153400,-21.0,0.41282910108566284
4154418,-20.0,0.3440951406955719
4155241,-21.0,0.35660791397094727
4156085,-21.0,0.40150922536849976
4156924,-21.0,0.4065619111061096
4157791,-21.0,0.37639379501342773
4158631,-20.0,0.3883124589920044
4159508,-21.0,0.3766799867153168
4160327,-21.0,0.36561596393585205
4161150,-21.0,0.3825504183769226
4161971,-21.0,0.42930713295936584
4162810,-21.0,0.4096391499042511
4163629,-21.0,0.39361971616744995
4164469,-21.0,0.39157265424728394
4165351,-21.0,0.3706470727920532
4166112,-21.0,0.3893827497959137
4166936,-21.0,0.40707457065582275
4167755,-21.0,0.39254704117774963
4168514,-21.0,0.41740232706069946
4169275,-21.0,0.38276299834251404
4170126,-20.0,0.4048072397708893
4170889,-21.0,0.4425494372844696
4172027,-19.0,0.36356061697006226
4172849,-21.0,0.39619067311286926
4173609,-21.0,0.36268776655197144
4174451,-20.0,0.3824306130409241
4175271,-21.0,0.4094310402870178
4176111,-21.0,0.4039958417415619
4176935,-21.0,0.40818479657173157
4177773,-20.0,0.36586034297943115
4178531,-21.0,0.4000244736671448
4179294,-21.0,0.3939586281776428
4180366,-19.0,0.3596099615097046
4181263,-20.0,0.4156167507171631
4182140,-21.0,0.4161897897720337
4182898,-21.0,0.3695454001426697
4183658,-21.0,0.36750328540802
4184481,-21.0,0.4163920283317566
4185299,-21.0,0.42107799649238586
4186120,-21.0,0.3638240098953247
4187020,-20.0,0.3965083360671997
4187871,-21.0,0.42151373624801636
4188630,-21.0,0.42379042506217957
4189420,-21.0,0.37321585416793823
4190320,-20.0,0.4061908423900604
4191157,-21.0,0.39104482531547546
4192006,-21.0,0.39021754264831543
4192795,-21.0,0.40183860063552856
4193574,-21.0,0.4119492173194885
4194516,-19.0,0.3742445707321167
4195357,-21.0,0.40275290608406067
4196180,-21.0,0.3563193082809448
4197002,-21.0,0.4099540114402771
4197914,-19.0,0.42079025506973267
4198733,-21.0,0.41140350699424744
4199551,-21.0,0.37096115946769714
4200373,-21.0,0.3668721318244934
4201210,-21.0,0.38792330026626587
4202031,-21.0,0.37005215883255005
4202890,-20.0,0.3463713526725769
4203712,-21.0,0.40733158588409424
4204537,-21.0,0.3806605935096741
4205301,-21.0,0.3881899118423462
4206204,-20.0,0.37448427081108093
4206966,-21.0,0.39766925573349
4207748,-21.0,0.39688777923583984
4208567,-21.0,0.36545687913894653
4209390,-21.0,0.408938467502594
4210349,-21.0,0.3540380001068115
4211190,-20.0,0.42393922805786133
4212011,-21.0,0.416517049074173
4212920,-21.0,0.3843817114830017
4213680,-21.0,0.4010363519191742
4214441,-21.0,0.3534296154975891
4215260,-21.0,0.3973269760608673
4216083,-21.0,0.40557730197906494
4216906,-21.0,0.3526500165462494
4217664,-21.0,0.36140453815460205
4218560,-20.0,0.38229691982269287
4219383,-21.0,0.3777049779891968
4220221,-20.0,0.36421358585357666
4220983,-21.0,0.41120854020118713
4221804,-21.0,0.39103078842163086
4222657,-20.0,0.40746763348579407
4223506,-21.0,0.36082085967063904
4224329,-21.0,0.38902074098587036
4225150,-21.0,0.40663954615592957
4225971,-21.0,0.3473246097564697
4226821,-21.0,0.41701173782348633
4227643,-21.0,0.41862159967422485
4228462,-21.0,0.39336591958999634
4229358,-20.0,0.4149169325828552
4230176,-21.0,0.3992164433002472
4230998,-21.0,0.4135130047798157
4231819,-21.0,0.3794194459915161
4232702,-21.0,0.38367441296577454
4233611,-21.0,0.3825930058956146
4234562,-21.0,0.40158072113990784
4235399,-21.0,0.38613685965538025
4236225,-21.0,0.4012259840965271
4237048,-21.0,0.36458897590637207
4237900,-21.0,0.37403276562690735
4238742,-21.0,0.42346325516700745
4239522,-21.0,0.3900777995586395
4240566,-18.0,0.40959835052490234
4241383,-21.0,0.40313607454299927
4242206,-21.0,0.39520496129989624
4242970,-21.0,0.4186948835849762
4243793,-21.0,0.3801261782646179
4244575,-21.0,0.3710310459136963
4245385,-21.0,0.35887444019317627
4246143,-21.0,0.39686277508735657
4246961,-21.0,0.3837175965309143
4247940,-20.0,0.3791038691997528
4248777,-20.0,0.40561074018478394
4249633,-21.0,0.390064537525177
4250395,-21.0,0.39854925870895386
4251183,-21.0,0.39402714371681213
4251946,-21.0,0.39497578144073486
4252710,-21.0,0.3819173276424408
4253499,-21.0,0.40014103055000305
4254449,-19.0,0.34989169239997864
4255213,-21.0,0.35325491428375244
4256005,-21.0,0.4332994818687439
4256841,-21.0,0.4042978882789612
4257664,-21.0,0.4318518042564392
4258501,-21.0,0.36721867322921753
4259360,-20.0,0.3934354782104492
4260195,-20.0,0.3917507231235504
4261092,-20.0,0.4129161834716797
4261994,-20.0,0.4178687334060669
4262782,-21.0,0.40619853138923645
4263604,-21.0,0.41440826654434204
4264577,-20.0,0.3732500374317169
4265363,-21.0,0.3614201247692108
4266187,-21.0,0.3870096206665039
4267023,-21.0,0.34889811277389526
4267845,-21.0,0.3987251818180084
4268683,-20.0,0.37940317392349243
4269525,-21.0,0.4440098702907562
4270422,-20.0,0.38642966747283936
4271242,-21.0,0.38952770829200745
4272017,-21.0,0.3732350766658783
4272781,-21.0,0.3738918900489807
4273599,-21.0,0.4158779978752136
4274450,-21.0,0.3688754141330719
4275270,-21.0,0.41228100657463074
4276087,-21.0,0.3841841220855713
4276908,-21.0,0.37795454263687134
4277726,-21.0,0.4045206904411316
4278626,-20.0,0.38514643907546997
4279445,-21.0,0.3672526478767395
4280293,-21.0,0.35109180212020874
4281149,-20.0,0.4027646481990814
4281970,-21.0,0.36234742403030396
4282848,-21.0,0.3789204955101013
4283668,-21.0,0.3858504295349121
4284514,-21.0,0.3871191442012787
4285334,-21.0,0.3765696585178375
4286222,-20.0,0.38625016808509827
4287069,-21.0,0.3851768374443054
4287892,-21.0,0.36515331268310547
4288715,-21.0,0.42499402165412903
4289536,-21.0,0.4030589163303375
4290416,-21.0,0.428226113319397
4291237,-21.0,0.391118586063385
4292056,-21.0,0.4208357334136963
4292922,-21.0,0.35936444997787476
4293743,-21.0,0.3700602650642395
4294623,-21.0,0.3651641607284546
4295399,-21.0,0.3905983567237854
4296221,-21.0,0.4049680233001709
4297058,-21.0,0.38725796341896057
4297878,-21.0,0.39774298667907715
4298715,-20.0,0.33955880999565125
4299753,-21.0,0.3900187611579895
4300697,-21.0,0.36918550729751587
4301521,-21.0,0.3767930865287781
4302307,-21.0,0.4274809956550598
4303128,-21.0,0.39926156401634216
4303948,-21.0,0.3811143636703491
4304772,-21.0,0.4073249101638794
4305626,-21.0,0.3578026294708252
4306479,-21.0,0.399139404296875
4307300,-21.0,0.3783411979675293
4308165,-20.0,0.37629711627960205
4308984,-21.0,0.4070367217063904
4309829,-21.0,0.37387651205062866
4310648,-21.0,0.42481881380081177
4311467,-21.0,0.3903270661830902
4312289,-21.0,0.36589670181274414
4313111,-21.0,0.43716105818748474
4313929,-21.0,0.35265418887138367
4314747,-21.0,0.36178824305534363
4315599,-21.0,0.3693523108959198
4316418,-21.0,0.36326754093170166
4317362,-21.0,0.3501107096672058
4318181,-21.0,0.3670458197593689
4319017,-20.0,0.40497538447380066
4319853,-20.0,0.42776668071746826
4320673,-21.0,0.40810954570770264
4321521,-21.0,0.4046553075313568
4322339,-21.0,0.3761867582798004
4323177,-21.0,0.40123382210731506
4324001,-21.0,0.3860296607017517
4324823,-21.0,0.4188045859336853
4325648,-21.0,0.41955119371414185
4326470,-21.0,0.405763179063797
4327293,-21.0,0.3878653645515442
4328112,-21.0,0.35857585072517395
4328952,-20.0,0.39537227153778076
4329777,-21.0,0.395195871591568
4330601,-21.0,0.41333726048469543
4331419,-21.0,0.38450366258621216
4332304,-21.0,0.4019814729690552
4333128,-21.0,0.41092097759246826
4333979,-21.0,0.4030366837978363
4334829,-21.0,0.3850956857204437
4335653,-21.0,0.37457719445228577
4336471,-21.0,0.39474672079086304
4337294,-21.0,0.3471994996070862
4338118,-21.0,0.37263453006744385
4338938,-21.0,0.4159284830093384
4339755,-21.0,0.41964566707611084
4340579,-21.0,0.37028324604034424
4341479,-20.0,0.38221102952957153
4342319,-21.0,0.4731987714767456
4343141,-21.0,0.3787057101726532
4343964,-21.0,0.4034826159477234
4344782,-21.0,0.37441885471343994
4345734,-20.0,0.3787330985069275
4346574,-21.0,0.387603223323822
4347395,-21.0,0.3884115517139435
4348218,-21.0,0.4236908257007599
4349042,-21.0,0.4085109233856201
4349830,-21.0,0.3586864471435547
4350650,-21.0,0.3716602325439453
4351487,-21.0,0.3823659121990204
4352337,-21.0,0.38094812631607056
4353203,-21.0,0.3803926706314087
4354027,-21.0,0.3677830994129181
4354898,-21.0,0.4338342249393463
4355718,-21.0,0.40771475434303284
4356714,-19.0,0.354867547750473
4357505,-21.0,0.40697139501571655
4358353,-21.0,0.39545828104019165
4359175,-21.0,0.4184534251689911
4360013,-21.0,0.4049519896507263
4360860,-21.0,0.4382883906364441
4361821,-20.0,0.3564354479312897
4362638,-21.0,0.3695577383041382
4363461,-21.0,0.38073238730430603
4364284,-21.0,0.37299442291259766
4365062,-21.0,0.43061161041259766
4365882,-21.0,0.3725583553314209
4366704,-21.0,0.3766735792160034
4367526,-21.0,0.40603411197662354
4368348,-21.0,0.36896899342536926
4369170,-21.0,0.3924616575241089
4370016,-21.0,0.37862062454223633
4370839,-21.0,0.39514732360839844
4371596,-21.0,0.36717095971107483
4372525,-20.0,0.36674797534942627
4373283,-21.0,0.38068652153015137
4374106,-21.0,0.4007457196712494
4374930,-21.0,0.3881849944591522
4376027,-20.0,0.372362345457077
4376853,-21.0,0.4243105947971344
4377755,-21.0,0.44319120049476624
4378574,-21.0,0.40103229880332947
4379370,-21.0,0.42099085450172424
4380193,-21.0,0.3590749204158783
4381079,-21.0,0.4118517339229584
4381899,-21.0,0.37299805879592896
4382794,-20.0,0.38348355889320374
4383632,-21.0,0.4073653221130371
4384574,-21.0,0.3741292953491211
4385393,-21.0,0.4193336069583893
4386217,-21.0,0.4006112813949585
4387040,-21.0,0.3980504274368286
4387861,-21.0,0.3914167881011963
4388700,-21.0,0.39331385493278503
4389539,-21.0,0.38318127393722534
4390439,-20.0,0.4439997673034668
4391263,-21.0,0.40267670154571533
4392112,-21.0,0.42390283942222595
4392946,-20.0,0.41594433784484863
4393763,-21.0,0.39227306842803955
4394523,-21.0,0.3934612274169922
4395345,-21.0,0.38386431336402893
4396169,-21.0,0.37954282760620117
4396989,-21.0,0.368691086769104
4397812,-21.0,0.37465423345565796
4398630,-21.0,0.40463078022003174
4399449,-21.0,0.380110502243042
4400321,-21.0,0.36280766129493713
4401239,-20.0,0.40420761704444885
4402078,-20.0,0.4144449234008789
4402899,-21.0,0.39435073733329773
4403819,-20.0,0.38741207122802734
4404608,-21.0,0.37904471158981323
4405394,-21.0,0.39003974199295044
4406217,-21.0,0.4058014750480652
4407007,-21.0,0.3958243429660797
4407796,-21.0,0.3914068341255188
4408738,-21.0,0.38146036863327026
4409584,-21.0,0.42375919222831726
4410406,-21.0,0.3695892095565796
4411252,-21.0,0.4119601845741272
4412105,-21.0,0.41340380907058716
4412893,-21.0,0.3668813407421112
4413681,-21.0,0.37456101179122925
4414440,-21.0,0.41977956891059875
4415200,-21.0,0.3851659297943115
4416250,-20.0,0.40835943818092346
4417074,-21.0,0.38093000650405884
4417923,-21.0,0.4136570990085602
4418843,-20.0,0.3942970633506775
4419736,-20.0,0.4152204692363739
4420496,-21.0,0.39976614713668823
4421274,-21.0,0.3895668387413025
4422155,-21.0,0.4139523208141327
4422976,-21.0,0.4052576720714569
4423857,-21.0,0.38605043292045593
4424643,-21.0,0.3749009072780609
4425464,-21.0,0.39585354924201965
4426346,-20.0,0.3868062198162079
4427225,-21.0,0.37574297189712524
4428013,-21.0,0.4235672950744629
4428850,-21.0,0.39804112911224365
4429728,-21.0,0.3365418314933777
4430605,-21.0,0.3752647936344147
4431625,-20.0,0.40714094042778015
4432383,-21.0,0.38538676500320435
4433205,-21.0,0.37565234303474426
4433965,-21.0,0.3757725954055786
4434784,-21.0,0.3844221830368042
4435608,-21.0,0.3493417501449585
4436371,-21.0,0.36863982677459717
4437208,-21.0,0.3716410994529724
4438030,-21.0,0.4142901301383972
4438813,-21.0,0.3842688500881195
4439636,-21.0,0.3876749277114868
4440457,-21.0,0.39205288887023926
4441383,-20.0,0.398404061794281
4442207,-21.0,0.3815199136734009
4443032,-21.0,0.39374852180480957
4443851,-21.0,0.3646546006202698
4444671,-21.0,0.40143895149230957
4445495,-21.0,0.40705862641334534
4446332,-20.0,0.44600188732147217
4447152,-21.0,0.4010591506958008
4448047,-20.0,0.4433721601963043
4448836,-21.0,0.40449240803718567
4449655,-21.0,0.38234829902648926
4450446,-21.0,0.3567488193511963
4451422,-20.0,0.3996882140636444
4452258,-20.0,0.4004477560520172
4453173,-20.0,0.4050775468349457
4454023,-21.0,0.38037365674972534
4454877,-21.0,0.3826379179954529
4455818,-21.0,0.3650139570236206
4456642,-21.0,0.42637789249420166
4457467,-21.0,0.40117520093917847
4458288,-21.0,0.41955429315567017
4459110,-21.0,0.3883449137210846
4459929,-21.0,0.4169870615005493
4460748,-21.0,0.38141751289367676
4461571,-21.0,0.39252567291259766
4462410,-20.0,0.36786580085754395
4463308,-20.0,0.37250420451164246
4464129,-21.0,0.3722246289253235
4464972,-21.0,0.3641841411590576
4465797,-21.0,0.42018550634384155
4466745,-21.0,0.3884853422641754
4467627,-21.0,0.38416191935539246
4468448,-21.0,0.41208165884017944
4469269,-21.0,0.3692103624343872
4470061,-21.0,0.39700931310653687
4470884,-21.0,0.3804944157600403
4471782,-20.0,0.3854416310787201
4472608,-21.0,0.37811899185180664
4473461,-21.0,0.3675498366355896
4474283,-21.0,0.4289949834346771
4475180,-20.0,0.3862483501434326
4476065,-21.0,0.38101083040237427
4476886,-21.0,0.3731996417045593
4477728,-21.0,0.3570578694343567
4478547,-21.0,0.4182296395301819
4479372,-21.0,0.3830883800983429
4480152,-21.0,0.3651573657989502
4480972,-21.0,0.37799787521362305
4481792,-21.0,0.42452529072761536
4482611,-21.0,0.3996073007583618
4483488,-21.0,0.3590583801269531
4484312,-21.0,0.4153449535369873
4485260,-21.0,0.4204944372177124
4486084,-21.0,0.42213180661201477
4486931,-21.0,0.35603630542755127
4487752,-21.0,0.3749385476112366
4488652,-21.0,0.36234572529792786
4489500,-21.0,0.3899242877960205
4490323,-21.0,0.376844584941864
4491100,-21.0,0.3960672616958618
4491981,-21.0,0.39616960287094116
4492973,-20.0,0.40394383668899536
4493824,-21.0,0.3857311010360718
4494645,-21.0,0.40880483388900757
4495465,-21.0,0.37611910700798035
4496284,-21.0,0.3776922821998596
4497044,-21.0,0.37922894954681396
4497883,-21.0,0.4603506624698639
4498762,-21.0,0.42779552936553955
4499633,-21.0,0.3486808240413666
4500516,-21.0,0.40181320905685425
4501434,-21.0,0.4320538341999054
4502194,-21.0,0.42723602056503296
4503167,-21.0,0.3946259021759033
4503992,-21.0,0.42378079891204834
4504816,-21.0,0.41964322328567505
4505641,-21.0,0.4031311273574829
4506463,-21.0,0.38403546810150146
4507372,-21.0,0.40755873918533325
4508191,-21.0,0.38196444511413574
4509017,-21.0,0.3762866258621216
4509896,-21.0,0.3862639367580414
4510718,-21.0,0.36037689447402954
4511629,-21.0,0.4113866984844208
4512447,-21.0,0.43205198645591736
4513327,-21.0,0.41906028985977173
4514149,-21.0,0.3980465829372406
4514989,-21.0,0.4163275957107544
4515809,-21.0,0.37415820360183716
4516648,-21.0,0.3635115921497345
4517406,-21.0,0.39758312702178955
4518225,-21.0,0.37504392862319946
4519043,-21.0,0.37988680601119995
4519895,-21.0,0.3905092477798462
4520742,-21.0,0.3599211573600769
4521565,-21.0,0.42102792859077454
4522387,-21.0,0.43002063035964966
4523207,-21.0,0.3977924883365631
4524042,-20.0,0.3926231861114502
4524923,-21.0,0.4191897511482239
4525773,-21.0,0.3773738145828247
4526669,-20.0,0.4134368896484375
4527426,-21.0,0.36458882689476013
4528251,-21.0,0.405643105506897
4529072,-21.0,0.375169962644577
4529890,-21.0,0.3824993371963501
4530708,-21.0,0.39079010486602783
4531531,-21.0,0.37589773535728455
4532356,-21.0,0.4351091682910919
4533174,-21.0,0.41564637422561646
4533995,-21.0,0.4101247787475586
4535014,-20.0,0.438300758600235
4535839,-21.0,0.36575472354888916
4536768,-20.0,0.3785695731639862
4537663,-20.0,0.36754411458969116
4538559,-20.0,0.3899538218975067
4539320,-21.0,0.3811538517475128
4540167,-21.0,0.3816438615322113
4541006,-21.0,0.3707042932510376
4541825,-21.0,0.43797221779823303
4542710,-21.0,0.41701245307922363
4543592,-21.0,0.4248654246330261
4544417,-21.0,0.39831674098968506
4545238,-21.0,0.3922784924507141
4546165,-20.0,0.3723828196525574
4546988,-21.0,0.42327654361724854
4548002,-19.0,0.37414512038230896
4548827,-21.0,0.3901374340057373
4549585,-21.0,0.40284132957458496
4550564,-20.0,0.3798061013221741
4551324,-21.0,0.4043099880218506
4552143,-21.0,0.3979173004627228
4552962,-21.0,0.42487263679504395
4553787,-21.0,0.39184004068374634
4554636,-21.0,0.34901300072669983
4555393,-21.0,0.4153146743774414
4556216,-21.0,0.36770474910736084
4556973,-21.0,0.3687671422958374
4557810,-20.0,0.3813180923461914
4558633,-21.0,0.36598750948905945
4559451,-21.0,0.37950366735458374
4560271,-21.0,0.3841888904571533
4561253,-19.0,0.4115027189254761
4562093,-20.0,0.37395918369293213
4562886,-21.0,0.3676897883415222
4563736,-21.0,0.3881823420524597
4564555,-21.0,0.3707314729690552
4565373,-21.0,0.41077953577041626
4566211,-21.0,0.399955689907074
4567106,-20.0,0.39782631397247314
4567930,-21.0,0.4054661989212036
4568803,-21.0,0.35999026894569397
4569624,-21.0,0.36226552724838257
4570481,-21.0,0.4017561972141266
4571306,-21.0,0.438558429479599
4572156,-21.0,0.37679436802864075
4572978,-21.0,0.4107329845428467
4573799,-21.0,0.3696129322052002
4574621,-21.0,0.38412708044052124
4575460,-20.0,0.4187702536582947
4576308,-21.0,0.42242828011512756
4577131,-21.0,0.36650943756103516
4578023,-20.0,0.3837834596633911
4578898,-21.0,0.3822130560874939
4579719,-21.0,0.3974164128303528
4580629,-21.0,0.40154674649238586
4581452,-21.0,0.39715319871902466
4582299,-21.0,0.39433661103248596
4583182,-21.0,0.38665929436683655
4584062,-21.0,0.4183529019355774
4584881,-21.0,0.4141698479652405
4585730,-21.0,0.36720985174179077
4586511,-21.0,0.3426748812198639
4587334,-21.0,0.3885480761528015
4588153,-21.0,0.3757604956626892
4588978,-21.0,0.36713895201683044
4589814,-21.0,0.3865922689437866
4590662,-21.0,0.36715561151504517
4591482,-21.0,0.4072718024253845
4592345,-20.0,0.39671093225479126
4593225,-21.0,0.4011453092098236
4594002,-21.0,0.3761531114578247
4594784,-21.0,0.3721078932285309
4595667,-21.0,0.4017185568809509
4596636,-21.0,0.354500412940979
4597534,-20.0,0.3320561349391937
4598355,-21.0,0.43137145042419434
4599224,-20.0,0.38252902030944824
4600049,-21.0,0.367906779050827
4600887,-21.0,0.4133029580116272
4601664,-21.0,0.3661118745803833
4602510,-21.0,0.3905183672904968
4603329,-21.0,0.3759378492832184
4604148,-21.0,0.3540767729282379
4604963,-21.0,0.39323392510414124
4605781,-21.0,0.39417266845703125
4606655,-21.0,0.4251532554626465
4607496,-21.0,0.4092801809310913
4608344,-21.0,0.3617364764213562
4609162,-21.0,0.3909405469894409
4609979,-21.0,0.3876231014728546
4610800,-21.0,0.3886711001396179
4611619,-21.0,0.3883432447910309
4612467,-21.0,0.4160727858543396
4613285,-21.0,0.405819833278656
4614138,-21.0,0.39709246158599854
4614979,-20.0,0.3756425380706787
4615821,-21.0,0.3779565691947937
4616762,-21.0,0.36555832624435425
4617645,-21.0,0.39170530438423157
4618462,-21.0,0.3721029758453369
4619222,-21.0,0.4024553894996643
4620043,-21.0,0.3751406669616699
4620938,-20.0,0.3700593411922455
4621762,-21.0,0.36720776557922363
4622584,-21.0,0.39229509234428406
4623466,-21.0,0.3764384686946869
4624406,-21.0,0.38648343086242676
4625244,-20.0,0.37091606855392456
4626008,-21.0,0.37564247846603394
4626859,-21.0,0.4076535105705261
4627704,-21.0,0.4469432830810547
4628525,-21.0,0.36515921354293823
4629343,-21.0,0.37533724308013916
4630168,-21.0,0.3760380148887634
4630987,-21.0,0.40287303924560547
4631775,-21.0,0.4022473692893982
4632596,-21.0,0.39387479424476624
4633537,-21.0,0.3657572865486145
4634517,-21.0,0.3735939860343933
4635452,-20.0,0.38887637853622437
4636275,-21.0,0.401450514793396
4637095,-21.0,0.3787223696708679
4637943,-21.0,0.401202917098999
4638766,-21.0,0.3817427158355713
4639584,-21.0,0.3709721267223358
4640462,-21.0,0.4041250944137573
4641341,-21.0,0.38959676027297974
4642127,-21.0,0.37264740467071533
4642975,-21.0,0.3741375207901001
4643761,-21.0,0.4153286814689636
4644585,-21.0,0.3873033821582794
4645408,-21.0,0.3674328327178955
4646292,-21.0,0.38721370697021484
4647110,-21.0,0.3958699703216553
4647956,-21.0,0.38963058590888977
4648779,-21.0,0.37163275480270386
4649696,-20.0,0.3996332883834839
4650592,-20.0,0.39286553859710693
4651442,-21.0,0.4233635365962982
4652265,-21.0,0.4452552795410156
4653272,-21.0,0.37690168619155884
4654090,-21.0,0.37476974725723267
4654908,-21.0,0.3833524286746979
4655671,-21.0,0.3602902591228485
4656433,-21.0,0.39376431703567505
4657219,-21.0,0.3610664904117584
4658043,-21.0,0.4118227958679199
4658865,-21.0,0.35345280170440674
4659684,-21.0,0.3994241952896118
4660446,-21.0,0.4108615517616272
4661263,-21.0,0.3932240605354309
4662081,-21.0,0.36748647689819336
4662927,-21.0,0.368707537651062
4663686,-21.0,0.42183053493499756
4664504,-21.0,0.37207159399986267
4665290,-21.0,0.37131911516189575
4666052,-21.0,0.3858114182949066
4666954,-20.0,0.41588640213012695
4667831,-21.0,0.3482442796230316
4668742,-21.0,0.37834492325782776
4669643,-21.0,0.37546291947364807
4670463,-21.0,0.3865792155265808
4671364,-21.0,0.36275482177734375
4672282,-20.0,0.36100465059280396
4673287,-21.0,0.3736896514892578
4674106,-21.0,0.34575700759887695
4674926,-21.0,0.38356930017471313
4675807,-21.0,0.3804105520248413
4676628,-21.0,0.39151081442832947
4677451,-21.0,0.3733644485473633
4678312,-21.0,0.4095224440097809
4679193,-21.0,0.3659149408340454
4679973,-21.0,0.41101422905921936
4680797,-21.0,0.3651838004589081
4681614,-21.0,0.3700888752937317
4682378,-21.0,0.4290682375431061
4683201,-21.0,0.3610891103744507
4684021,-21.0,0.4040839374065399
4684845,-21.0,0.41064491868019104
4685750,-21.0,0.3827124834060669
4686575,-21.0,0.42058002948760986
4687394,-21.0,0.39730995893478394
4688232,-20.0,0.37322717905044556
4689050,-21.0,0.3645772933959961
4689872,-21.0,0.3528454899787903
4690689,-21.0,0.38204658031463623
4691509,-21.0,0.37214601039886475
4692330,-21.0,0.3901587128639221
4693093,-21.0,0.42953139543533325
4693935,-20.0,0.40586698055267334
4694756,-21.0,0.3837563097476959
4695635,-21.0,0.3449770212173462
4696471,-21.0,0.4118068218231201
4697322,-21.0,0.37900906801223755
4698205,-21.0,0.355976939201355
4699238,-19.0,0.420184850692749
4700056,-21.0,0.3855513334274292
4700876,-21.0,0.4195721745491028
4701696,-21.0,0.41995933651924133
4702535,-20.0,0.3877636790275574
4703358,-21.0,0.40686559677124023
4704178,-21.0,0.38657599687576294
4704995,-21.0,0.3514581322669983
4705813,-21.0,0.377244770526886
4706637,-21.0,0.3983587324619293
4707459,-21.0,0.3917604684829712
4708283,-21.0,0.357858270406723
4709102,-21.0,0.3779589831829071
4709958,-20.0,0.42817580699920654
4710779,-21.0,0.35304296016693115
4711569,-21.0,0.3681281805038452
4712452,-21.0,0.39251235127449036
4713305,-20.0,0.3651927709579468
4714128,-21.0,0.40367767214775085
4714953,-21.0,0.33417028188705444
4715741,-21.0,0.35811668634414673
4716565,-21.0,0.39788514375686646
4717504,-21.0,0.4158366918563843
4718263,-21.0,0.371881902217865
4719083,-21.0,0.39495140314102173
4719906,-21.0,0.3870435357093811
4720725,-21.0,0.40625977516174316
4721545,-21.0,0.39382368326187134
4722428,-21.0,0.4352462887763977
4723253,-21.0,0.35471710562705994
4724209,-20.0,0.3525019884109497
4725029,-21.0,0.39490216970443726
4725910,-21.0,0.38552457094192505
4726762,-21.0,0.37370896339416504
4727551,-21.0,0.3760020136833191
4728341,-21.0,0.42933809757232666
4729166,-21.0,0.41383087635040283
4729988,-21.0,0.4112805128097534
4730808,-21.0,0.37193506956100464
4731596,-21.0,0.4277011454105377
4732356,-21.0,0.3987067937850952
4733175,-21.0,0.40297722816467285
4734307,-18.0,0.4153738021850586
4735126,-21.0,0.40506255626678467
4735972,-21.0,0.4389735758304596
4736809,-20.0,0.37331926822662354
4737632,-21.0,0.38984769582748413
4738454,-21.0,0.37606045603752136
4739293,-20.0,0.3837456703186035
4740075,-21.0,0.3741319179534912
4740898,-21.0,0.3932464122772217
4741718,-21.0,0.38093051314353943
4742541,-21.0,0.38758009672164917
4743453,-21.0,0.4169754385948181
4744243,-21.0,0.3449258804321289
4745078,-20.0,0.39202776551246643
4745990,-20.0,0.3869883716106415
4746894,-20.0,0.38159123063087463
4747718,-21.0,0.39296770095825195
4748555,-21.0,0.41983911395072937
4749426,-21.0,0.39554864168167114
4750308,-21.0,0.40160948038101196
4751362,-20.0,0.40995681285858154
4752201,-20.0,0.4081401228904724
4753045,-21.0,0.40934452414512634
4753886,-20.0,0.40404099225997925
4754648,-21.0,0.3503643572330475
4755531,-21.0,0.4033130407333374
4756352,-21.0,0.38405752182006836
4757174,-21.0,0.3627619743347168
4757993,-21.0,0.39192917943000793
4758932,-21.0,0.35083258152008057
4759773,-21.0,0.36082199215888977
4760653,-21.0,0.36069172620773315
4761470,-21.0,0.3918958604335785
4762436,-19.0,0.3779560923576355
4763316,-20.0,0.3892670273780823
4764217,-21.0,0.40793776512145996
4765092,-21.0,0.38933321833610535
4765940,-21.0,0.36779576539993286
4766763,-21.0,0.3526361584663391
4767614,-21.0,0.386515736579895
4768400,-21.0,0.385237455368042
4769224,-21.0,0.3836560547351837
4770136,-21.0,0.38077861070632935
4771100,-21.0,0.385126531124115
4771922,-21.0,0.372840940952301
4772746,-21.0,0.3843885660171509
4773568,-21.0,0.3847651183605194
4774415,-21.0,0.4219540059566498
4775253,-20.0,0.4210236370563507
4776073,-21.0,0.3656080663204193
4776897,-21.0,0.39410600066185
4777739,-20.0,0.39600712060928345
4778498,-21.0,0.35528355836868286
4779317,-21.0,0.36549675464630127
4780214,-20.0,0.403336763381958
4781034,-21.0,0.38810059428215027
4781857,-21.0,0.4138249158859253
4782678,-21.0,0.4011986255645752
4783496,-21.0,0.3814823031425476
4784316,-21.0,0.43052151799201965
4785135,-21.0,0.3789297342300415
4785953,-21.0,0.38939064741134644
4786715,-21.0,0.37738969922065735
4787535,-21.0,0.3759833574295044
4788358,-21.0,0.40501704812049866
4789408,-20.0,0.3744632601737976
4790230,-21.0,0.36818647384643555
4791069,-21.0,0.37206733226776123
4791893,-21.0,0.40756648778915405
4792717,-21.0,0.35955530405044556
4793539,-21.0,0.407482385635376
4794481,-20.0,0.4346926510334015
4795363,-21.0,0.3915790021419525
4796397,-19.0,0.4062006175518036
4797246,-21.0,0.4249390959739685
4798068,-21.0,0.40677404403686523
4798891,-21.0,0.38322263956069946
4799731,-20.0,0.38909152150154114
4800581,-21.0,0.3633244037628174
4801373,-21.0,0.4029730558395386
4802193,-21.0,0.3777899146080017
4803015,-21.0,0.41135621070861816
4803836,-21.0,0.35733386874198914
4804656,-21.0,0.3927757143974304
4805503,-21.0,0.36241722106933594
4806359,-20.0,0.4462743401527405
4807263,-21.0,0.3961048722267151
4808081,-21.0,0.39471936225891113
4809023,-20.0,0.4383929371833801
4809890,-21.0,0.39993879199028015
4810707,-21.0,0.373116135597229
4811531,-21.0,0.410007506608963
4812351,-21.0,0.38972777128219604
4813201,-21.0,0.37162959575653076
4813963,-21.0,0.3912508189678192
4814721,-21.0,0.3444927930831909
4815603,-21.0,0.3865100145339966
4816483,-21.0,0.3648310899734497
4817301,-21.0,0.3938654661178589
4818176,-21.0,0.3891856372356415
4818999,-21.0,0.3342587947845459
4819821,-21.0,0.3779338598251343
4820672,-21.0,0.4347120225429535
4821519,-21.0,0.3791678547859192
4822344,-21.0,0.3793264627456665
4823136,-21.0,0.38607868552207947
4824032,-20.0,0.3671339452266693
4824882,-21.0,0.3631630837917328
4825704,-21.0,0.3797473907470703
4826690,-20.0,0.36892855167388916
4827512,-21.0,0.3815949559211731
4828336,-21.0,0.36234766244888306
4829186,-21.0,0.4089406132698059
4830010,-21.0,0.4498322606086731
4830832,-21.0,0.41561049222946167
4831656,-21.0,0.38711971044540405
4832474,-21.0,0.36188870668411255
4833356,-21.0,0.3807763457298279
4834301,-21.0,0.3615613281726837
4835123,-21.0,0.35626572370529175
4835947,-21.0,0.34834980964660645
4836772,-21.0,0.363298624753952
4837595,-21.0,0.4015219211578369
4838415,-21.0,0.375381201505661
4839313,-21.0,0.36169418692588806
4840136,-21.0,0.37271544337272644
4840958,-21.0,0.4120580554008484
4841779,-21.0,0.375674843788147
4842601,-21.0,0.3938612639904022
4843423,-21.0,0.3910616338253021
4844249,-21.0,0.3772878348827362
4845072,-21.0,0.3694075644016266
4845894,-21.0,0.38384777307510376
4846717,-21.0,0.3971506357192993
4847612,-20.0,0.42432501912117004
4848400,-21.0,0.35165661573410034
4849220,-21.0,0.4076927900314331
4850062,-20.0,0.3898219168186188
4850909,-21.0,0.39343827962875366
4851817,-21.0,0.40351182222366333
4852580,-21.0,0.35320764780044556
4853399,-21.0,0.36039912700653076
4854222,-21.0,0.37903928756713867
4855167,-21.0,0.357706755399704
4855988,-21.0,0.3702232837677002
4856867,-21.0,0.38296568393707275
4857684,-21.0,0.3644684851169586
4858566,-21.0,0.38486620783805847
4859330,-21.0,0.40907299518585205
4860089,-21.0,0.3977106213569641
4860947,-20.0,0.37151655554771423
4861771,-21.0,0.3385094404220581
4862700,-21.0,0.40343737602233887
4863552,-21.0,0.38615894317626953
4864331,-21.0,0.40451478958129883
4865154,-21.0,0.3244967460632324
4865992,-21.0,0.3790132403373718
4866812,-21.0,0.40006083250045776
4867634,-21.0,0.39796748757362366
4868396,-21.0,0.3977575898170471
4869355,-20.0,0.419853538274765
4870175,-21.0,0.3856615424156189
4870989,-21.0,0.3374227285385132
4871811,-21.0,0.39094674587249756
4872632,-21.0,0.3873142898082733
4873452,-21.0,0.3893962502479553
4874274,-21.0,0.39664319157600403
4875140,-20.0,0.40323054790496826
4875959,-21.0,0.4005115032196045
4876783,-21.0,0.33124709129333496
4877570,-21.0,0.3989793658256531
4878393,-21.0,0.4016398787498474
4879273,-21.0,0.358487606048584
4880156,-21.0,0.40858718752861023
4881026,-20.0,0.3802591860294342
4881846,-21.0,0.398723840713501
4882668,-21.0,0.42292672395706177
4883569,-20.0,0.33790451288223267
4884389,-21.0,0.3829604983329773
4885212,-21.0,0.3709254264831543
4886033,-21.0,0.37823808193206787
4886946,-20.0,0.33600711822509766
4887766,-21.0,0.3807452917098999
4888527,-21.0,0.3789619207382202
4889350,-21.0,0.4229777157306671
4890142,-21.0,0.38923871517181396
4890904,-21.0,0.39133208990097046
4891729,-21.0,0.3961988687515259
4892552,-21.0,0.3627762794494629
4893371,-21.0,0.39260172843933105
4894149,-21.0,0.3809753656387329
4894971,-21.0,0.3377613127231598
4895790,-21.0,0.3718896508216858
4896613,-21.0,0.4076901972293854
4897372,-21.0,0.401218056678772
4898254,-21.0,0.35317349433898926
4899073,-21.0,0.41385161876678467
4899895,-21.0,0.3860212564468384
4900715,-21.0,0.3403218388557434
4901610,-20.0,0.3775525987148285
4902399,-21.0,0.4135342240333557
4903224,-21.0,0.38820886611938477
4904045,-21.0,0.4229196310043335
4904865,-21.0,0.40929603576660156
4905712,-21.0,0.4008800685405731
4906469,-21.0,0.37327247858047485
4907320,-21.0,0.38619670271873474
4908140,-21.0,0.39805322885513306
4908993,-21.0,0.40932899713516235
4909873,-21.0,0.3739035427570343
4910787,-21.0,0.3834013342857361
4911687,-20.0,0.4039112329483032
4912474,-21.0,0.41236281394958496
4913418,-21.0,0.41935545206069946
4914238,-21.0,0.3899874687194824
4914996,-21.0,0.40711885690689087
4915844,-21.0,0.3888869881629944
4916676,-20.0,0.38335704803466797
4917501,-21.0,0.3531684875488281
4918327,-21.0,0.3849860429763794
4919266,-21.0,0.34858453273773193
4920087,-21.0,0.39906617999076843
4920911,-21.0,0.3949850797653198
4921693,-21.0,0.38197118043899536
4922651,-20.0,0.4350009560585022
4923532,-21.0,0.411719411611557
4924354,-21.0,0.39602839946746826
4925177,-21.0,0.3804263174533844
4926022,-21.0,0.393001526594162
4926839,-21.0,0.3874577283859253
4927661,-21.0,0.38318267464637756
4928499,-21.0,0.39399734139442444
4929322,-21.0,0.4196965992450714
4930141,-21.0,0.3655985891819
4930988,-21.0,0.4107944667339325
4931812,-21.0,0.389484167098999
4932728,-20.0,0.3992501497268677
4933488,-21.0,0.39757025241851807
4934310,-21.0,0.3999751806259155
4935160,-21.0,0.3729819059371948
4935998,-21.0,0.3734908103942871
4936820,-21.0,0.3774365484714508
4937661,-21.0,0.39335310459136963
4938481,-21.0,0.41189324855804443
4939332,-21.0,0.39849698543548584
4940150,-21.0,0.38104891777038574
4941127,-20.0,0.392816960811615
4942004,-21.0,0.41142013669013977
4942840,-21.0,0.3843457102775574
4943664,-21.0,0.3651047646999359
4944487,-21.0,0.355201780796051
4945308,-21.0,0.34900784492492676
4946131,-21.0,0.32646864652633667
4947038,-21.0,0.41970252990722656
4947861,-21.0,0.34190765023231506
4948706,-21.0,0.4036136865615845
4949527,-21.0,0.4194101095199585
4950347,-21.0,0.35850951075553894
4951242,-21.0,0.3906201124191284
4952060,-21.0,0.37441909313201904
4952883,-21.0,0.4027077257633209
4953829,-21.0,0.40718963742256165
4954649,-21.0,0.42438673973083496
4955408,-21.0,0.3594842255115509
4956246,-20.0,0.3674294948577881
4957087,-21.0,0.38194388151168823
4957939,-21.0,0.3675230145454407
4958791,-21.0,0.39147132635116577
4959615,-21.0,0.34681999683380127
4960613,-21.0,0.3764776587486267
4961403,-21.0,0.39254629611968994
4962252,-21.0,0.39707115292549133
4963185,-19.0,0.35415881872177124
4964008,-21.0,0.3991810381412506
4964965,-20.0,0.38885265588760376
4965787,-21.0,0.3807109594345093
4966606,-21.0,0.4000871479511261
4967423,-21.0,0.3589945435523987
4968474,-19.0,0.40866225957870483
4969321,-21.0,0.38043212890625
4970142,-21.0,0.4314197599887848
4970964,-21.0,0.42424124479293823
4971980,-21.0,0.38595646619796753
4972740,-21.0,0.39366239309310913
4973500,-21.0,0.4080236852169037
4974259,-21.0,0.38363105058670044
4975105,-21.0,0.3741381764411926
4975956,-21.0,0.39186787605285645
4976793,-20.0,0.3968125581741333
4977610,-21.0,0.41058915853500366
4978368,-21.0,0.4408482313156128
4979187,-21.0,0.3809090256690979
4980010,-21.0,0.424111008644104
4980921,-21.0,0.4015463888645172
4981713,-21.0,0.41107118129730225
4982558,-21.0,0.3969786763191223
4983393,-20.0,0.45597630739212036
4984236,-20.0,0.3644486665725708
4985076,-21.0,0.3571670353412628
4985862,-21.0,0.3983606994152069
4986756,-20.0,0.3967626392841339
4987597,-21.0,0.3972998857498169
4988584,-20.0,0.35187244415283203
4989416,-20.0,0.40566232800483704
4990253,-20.0,0.39544808864593506
4991073,-21.0,0.37899649143218994
4991850,-21.0,0.37710922956466675
4992670,-21.0,0.3449147939682007
4993489,-21.0,0.4022601246833801
4994275,-21.0,0.3658798933029175
4995113,-20.0,0.3985084593296051
4995960,-21.0,0.38985997438430786
4996719,-21.0,0.3941040635108948
4997544,-21.0,0.38773494958877563
4998379,-20.0,0.3937259614467621
4999196,-21.0,0.4130331873893738
5000046,-21.0,0.3708711564540863
5000803,-21.0,0.39680856466293335
5001566,-21.0,0.3537152111530304
5002390,-21.0,0.3644523024559021
5003212,-21.0,0.3938368260860443
5004143,-19.0,0.4248359203338623
5004905,-21.0,0.38316744565963745
5005667,-21.0,0.34085145592689514
5006489,-21.0,0.3616597056388855
5007330,-20.0,0.3811105489730835
5008152,-21.0,0.3951105773448944
5008976,-21.0,0.36907321214675903
5009856,-21.0,0.3844324052333832
5010679,-21.0,0.3759608864784241
5011589,-21.0,0.4177882969379425
5012413,-21.0,0.38475102186203003
5013264,-21.0,0.3707127571105957
5014252,-20.0,0.351977676153183
5015199,-21.0,0.4252554178237915
5016064,-20.0,0.36794722080230713
5016883,-21.0,0.3888811469078064
5017708,-21.0,0.3980685770511627
5018468,-21.0,0.4143454432487488
5019290,-21.0,0.38616833090782166
5020113,-21.0,0.3871762156486511
5020931,-21.0,0.34987592697143555
5021778,-21.0,0.39205753803253174
5022536,-21.0,0.35982686281204224
5023354,-21.0,0.4080613851547241
5024172,-21.0,0.368788480758667
5025042,-20.0,0.3628667891025543
5025822,-21.0,0.33677470684051514
5026646,-21.0,0.4081364870071411
5027524,-21.0,0.39868900179862976
5028312,-21.0,0.40549802780151367
5029161,-21.0,0.3656585216522217
5029984,-21.0,0.3650277853012085
5030830,-21.0,0.36978596448898315
5031588,-21.0,0.39681148529052734
5032425,-20.0,0.37555816769599915
5033246,-21.0,0.3544568717479706
5034068,-21.0,0.37889835238456726
5034828,-21.0,0.3837531805038452
5035649,-21.0,0.43407535552978516
5036467,-21.0,0.39181220531463623
5037384,-20.0,0.4022599458694458
5038203,-21.0,0.37202000617980957
5039023,-21.0,0.366804301738739
5039902,-21.0,0.3983677625656128
5040750,-21.0,0.37769943475723267
5041571,-21.0,0.36549073457717896
5042392,-21.0,0.38782215118408203
5043173,-21.0,0.3792800009250641
5043934,-21.0,0.41205859184265137
5044695,-21.0,0.3680562973022461
5045455,-21.0,0.38735076785087585
5046278,-21.0,0.37838542461395264
5047098,-21.0,0.3568183183670044
5047860,-21.0,0.40010130405426025
5048680,-21.0,0.37983590364456177
5049443,-21.0,0.3790431022644043
5050203,-21.0,0.40672507882118225
5050966,-21.0,0.41944098472595215
5051790,-21.0,0.4245116114616394
5052611,-21.0,0.42766284942626953
5053430,-21.0,0.36667293310165405
5054254,-21.0,0.36393970251083374
5055077,-21.0,0.40724503993988037
5055955,-21.0,0.3684374988079071
5056893,-21.0,0.3984605669975281
5057792,-20.0,0.3661586046218872
5058611,-21.0,0.3865584135055542
5059603,-19.0,0.3804832398891449
5060453,-21.0,0.37983760237693787
5061272,-21.0,0.36065244674682617
5062061,-21.0,0.3868425488471985
5062887,-21.0,0.38415226340293884
5063677,-21.0,0.3770981431007385
5064577,-20.0,0.3536471724510193
5065402,-21.0,0.42135074734687805
5066189,-21.0,0.3903103470802307
5066977,-21.0,0.38358643651008606
5067857,-21.0,0.42940640449523926
5068775,-20.0,0.38821831345558167
5069536,-21.0,0.34177976846694946
5070299,-21.0,0.3700745701789856
5071120,-21.0,0.39418715238571167
5072109,-19.0,0.35944443941116333
5073000,-20.0,0.36051130294799805
5073823,-21.0,0.3658340573310852
5074662,-20.0,0.3665889501571655
5075425,-21.0,0.39606231451034546
5076250,-21.0,0.3955743908882141
5077072,-21.0,0.4055311381816864
5077893,-21.0,0.4103586673736572
5078712,-21.0,0.3634335994720459
5079475,-21.0,0.35017991065979004
5080235,-21.0,0.374097615480423
5081132,-21.0,0.4115368127822876
5081963,-20.0,0.4168117642402649
5082720,-21.0,0.3874034285545349
5083555,-20.0,0.37241578102111816
5084319,-21.0,0.3526912331581116
5085137,-21.0,0.3927769064903259
5085927,-21.0,0.3638070523738861
5086792,-20.0,0.3812476396560669
5087611,-21.0,0.3889746069908142
5088434,-21.0,0.3142620027065277
5089259,-21.0,0.37899041175842285
5090080,-21.0,0.3774413466453552
5090839,-21.0,0.38556429743766785
5091679,-20.0,0.3641127347946167
5092437,-21.0,0.33694300055503845
5093230,-21.0,0.3536335825920105
5094051,-21.0,0.37690404057502747
5094812,-21.0,0.4118068218231201
5095633,-21.0,0.36776912212371826
5096483,-21.0,0.35214051604270935
5097366,-21.0,0.36925768852233887
5098215,-21.0,0.3348671495914459
5099054,-20.0,0.37128275632858276
5099846,-21.0,0.3772599399089813
5100669,-21.0,0.38577842712402344
5101492,-21.0,0.40034300088882446
5102274,-21.0,0.34209033846855164
5103232,-20.0,0.3905029296875
5104115,-21.0,0.38400402665138245
5104938,-21.0,0.3975151777267456
5105784,-21.0,0.3645581305027008
5106603,-21.0,0.36071816086769104
5107544,-21.0,0.3694865107536316
5108369,-21.0,0.37480413913726807
5109148,-21.0,0.38005495071411133
5110092,-20.0,0.38459351658821106
5110854,-21.0,0.39819979667663574
5111752,-21.0,0.3473297655582428
5112576,-21.0,0.4106804132461548
5113395,-21.0,0.34150925278663635
5114213,-21.0,0.36864227056503296
5115000,-21.0,0.3983606696128845
5115826,-21.0,0.3583211898803711
5116646,-21.0,0.3884207010269165
5117492,-21.0,0.39801687002182007
5118314,-21.0,0.3911464214324951
5119135,-21.0,0.36635056138038635
5119953,-21.0,0.39175480604171753
5120802,-21.0,0.40615010261535645
5121625,-21.0,0.4163037836551666
5122415,-21.0,0.36580562591552734
5123174,-21.0,0.37650513648986816
5123996,-21.0,0.3669590651988983
5124816,-21.0,0.38843464851379395
5125636,-21.0,0.35578787326812744
5126455,-21.0,0.3653305470943451
5127280,-21.0,0.38102591037750244
5128196,-20.0,0.35697925090789795
5129019,-21.0,0.33569130301475525
5129806,-21.0,0.3896329998970032
5130593,-21.0,0.35677674412727356
5131438,-21.0,0.3799859285354614
5132280,-21.0,0.3872024416923523
5133132,-21.0,0.3497135043144226
5133980,-21.0,0.3777373731136322
5134766,-21.0,0.32008713483810425
5135524,-21.0,0.4072685241699219
5136439,-21.0,0.35312631726264954
5137199,-21.0,0.3422381281852722
5138038,-21.0,0.3961591422557831
5138888,-21.0,0.39092937111854553
5139649,-21.0,0.3375363349914551
5140545,-20.0,0.40228164196014404
5141367,-21.0,0.35385483503341675
5142313,-19.0,0.36165091395378113
5143225,-20.0,0.3761216402053833
5143985,-21.0,0.36166056990623474
5144770,-21.0,0.3749694228172302
5145529,-21.0,0.4121060371398926
5146371,-21.0,0.3708062767982483
5147291,-20.0,0.36410146951675415
5148073,-21.0,0.3633938729763031
5148891,-21.0,0.38516128063201904
5149714,-21.0,0.3851872682571411
5150550,-20.0,0.38391929864883423
5151370,-21.0,0.3960299491882324
5152194,-21.0,0.3603932857513428
5153012,-21.0,0.3911513388156891
5153909,-21.0,0.3787470757961273
5154756,-21.0,0.3726122975349426
5155642,-21.0,0.3671330213546753
5156664,-20.0,0.3993907570838928
5157489,-21.0,0.41031113266944885
5158370,-21.0,0.35428062081336975
5159383,-20.0,0.4042222499847412
5160207,-21.0,0.36911293864250183
5161030,-21.0,0.3547818064689636
5161868,-21.0,0.36207911372184753
5162704,-21.0,0.37234121561050415
5163525,-21.0,0.381764680147171
5164371,-21.0,0.38156604766845703
5165135,-21.0,0.3549509346485138
5165983,-21.0,0.37625908851623535
5166807,-21.0,0.36653733253479004
5167595,-21.0,0.380206435918808
5168492,-20.0,0.4122375249862671
5169454,-20.0,0.35849857330322266
5170279,-21.0,0.3616999387741089
5171123,-21.0,0.38285982608795166
5171947,-21.0,0.3463905155658722
5172851,-20.0,0.395339697599411
5173611,-21.0,0.39754265546798706
5174491,-21.0,0.34634697437286377
5175308,-21.0,0.3763640522956848
5176159,-21.0,0.3992511034011841
5176980,-21.0,0.3753383755683899
5177741,-21.0,0.3943154215812683
5178593,-21.0,0.3826630711555481
5179441,-21.0,0.3582960367202759
5180282,-21.0,0.40936458110809326
5181132,-21.0,0.40588298439979553
5182003,-21.0,0.3736008107662201
5182827,-21.0,0.36326876282691956
5183707,-21.0,0.3860431909561157
5184529,-21.0,0.41313162446022034
5185530,-21.0,0.40856266021728516
5186455,-20.0,0.44403207302093506
5187277,-21.0,0.375630259513855
5188172,-20.0,0.4018532633781433
5189195,-19.0,0.35726413130760193
5190017,-21.0,0.3715265989303589
5190858,-20.0,0.373643696308136
5191648,-21.0,0.36541318893432617
5192425,-21.0,0.3923906683921814
5193260,-20.0,0.37184637784957886
5194085,-21.0,0.3634472191333771
5194924,-21.0,0.3631349802017212
5195741,-21.0,0.32585808634757996
5196638,-21.0,0.3830503821372986
5197458,-21.0,0.4012446999549866
5198245,-21.0,0.3713263273239136
5199068,-21.0,0.3759748935699463
5199946,-21.0,0.3851304054260254
5200737,-21.0,0.3801144063472748
5201777,-20.0,0.401251882314682
5202597,-21.0,0.3852793574333191
5203357,-21.0,0.40177375078201294
5204181,-21.0,0.354819655418396
5204973,-21.0,0.3796786069869995
5205905,-19.0,0.3755972385406494
5206769,-20.0,0.36840298771858215
5207588,-21.0,0.39270591735839844
5208411,-21.0,0.37767493724823
5209232,-21.0,0.39858120679855347
5210054,-21.0,0.41446608304977417
5210905,-21.0,0.39987480640411377
5211726,-21.0,0.36647313833236694
5212545,-21.0,0.3885559141635895
5213369,-21.0,0.38224929571151733
5214129,-21.0,0.3589038848876953
5214949,-21.0,0.38483211398124695
5215740,-21.0,0.3481971025466919
5216624,-21.0,0.376302570104599
5217388,-21.0,0.35951367020606995
5218206,-21.0,0.3946708142757416
5219025,-21.0,0.39369532465934753
5219783,-21.0,0.3876621127128601
5220663,-21.0,0.3880322277545929
5221512,-21.0,0.3794630467891693
5222332,-21.0,0.39203768968582153
5223091,-21.0,0.3454459309577942
5223970,-21.0,0.3661816120147705
5224808,-21.0,0.3491799533367157
5225742,-19.0,0.3639041781425476
5226564,-21.0,0.3504408001899719
5227322,-21.0,0.3525402545928955
5228162,-20.0,0.376767635345459
5228920,-21.0,0.39990895986557007
5229681,-21.0,0.36030155420303345
5230474,-21.0,0.40314561128616333
5231299,-21.0,0.4064458906650543
5232120,-21.0,0.366202175617218
5232880,-21.0,0.42228081822395325
5233639,-21.0,0.3654608428478241
5234401,-21.0,0.3447290062904358
5235510,-19.0,0.3725242018699646
5236300,-21.0,0.4035261869430542
5237123,-21.0,0.38458019495010376
5237941,-21.0,0.40148061513900757
5238761,-21.0,0.38144832849502563
5239553,-21.0,0.37337833642959595
5240408,-21.0,0.36946961283683777
5241228,-21.0,0.37149205803871155
5242109,-21.0,0.36910784244537354
5243084,-21.0,0.40964633226394653
5243905,-21.0,0.39816877245903015
5244725,-21.0,0.36576178669929504
5245567,-20.0,0.35899853706359863
5246327,-21.0,0.3625663220882416
5247145,-21.0,0.37218910455703735
5248014,-20.0,0.3634730875492096
5248789,-21.0,0.38127100467681885
5249547,-21.0,0.3978571891784668
5250365,-21.0,0.3767562210559845
5251184,-21.0,0.4068809449672699
5251972,-21.0,0.38409319519996643
5252759,-21.0,0.35396164655685425
5253640,-21.0,0.39665403962135315
5254459,-21.0,0.3639991879463196
5255308,-21.0,0.3697134852409363
5256190,-21.0,0.3520604372024536
5257096,-21.0,0.38643765449523926
5257917,-21.0,0.40444570779800415
5258819,-20.0,0.36328864097595215
5259641,-21.0,0.37152528762817383
5260401,-21.0,0.34847429394721985
5261287,-21.0,0.3908984363079071
5262050,-21.0,0.3874170184135437
5262838,-21.0,0.38059428334236145
5263685,-21.0,0.3662852644920349
5264504,-21.0,0.36031368374824524
5265264,-21.0,0.3759464621543884
5266084,-21.0,0.36786091327667236
5266861,-21.0,0.40903782844543457
5267682,-21.0,0.4047163724899292
5268445,-21.0,0.3942180275917053
5269235,-21.0,0.3670722544193268
5269996,-21.0,0.37552812695503235
5270754,-21.0,0.3610268533229828
5271573,-21.0,0.39808693528175354
5272367,-21.0,0.37857508659362793
5273124,-21.0,0.35338932275772095
5274005,-21.0,0.3684426546096802
5274791,-21.0,0.39087313413619995
5275612,-21.0,0.39702707529067993
5276371,-21.0,0.3883587121963501
5277134,-21.0,0.39510250091552734
5277898,-21.0,0.36391088366508484
5278708,-21.0,0.3901035189628601
5279467,-21.0,0.39585044980049133
5280292,-21.0,0.38043975830078125
5281176,-21.0,0.3543124794960022
5282013,-20.0,0.3615836501121521
5282776,-21.0,0.3843918442726135
5283539,-21.0,0.3917521834373474
5284363,-21.0,0.38899779319763184
5285121,-21.0,0.3813844323158264
5285940,-21.0,0.3886449933052063
5286729,-21.0,0.38656434416770935
5287606,-21.0,0.3811343014240265
5288393,-21.0,0.3930496573448181
5289215,-21.0,0.37738165259361267
5290038,-21.0,0.39931654930114746
5290887,-21.0,0.39298996329307556
5291706,-21.0,0.3985981345176697
5292650,-21.0,0.39424145221710205
5293414,-21.0,0.3817758858203888
5294175,-21.0,0.37645238637924194
5294998,-21.0,0.37730103731155396
5295823,-21.0,0.37695690989494324
5296643,-21.0,0.35991740226745605
5297401,-21.0,0.36005958914756775
5298223,-21.0,0.3735586106777191
5299073,-21.0,0.46730583906173706
5299924,-21.0,0.3816455602645874
5300745,-21.0,0.4228024482727051
5301552,-21.0,0.3640475273132324
5302392,-20.0,0.4018111824989319
5303151,-21.0,0.404766321182251
5304036,-21.0,0.3824863135814667
5304828,-21.0,0.4048945903778076
5305649,-21.0,0.35568875074386597
5306472,-21.0,0.40594229102134705
5307296,-21.0,0.392304003238678
5308120,-21.0,0.39753708243370056
5308942,-21.0,0.420026957988739
5309764,-21.0,0.3827515244483948
5310555,-21.0,0.370785653591156
5311393,-21.0,0.4352452754974365
5312285,-20.0,0.3645867705345154
5313042,-21.0,0.39862656593322754
5313878,-20.0,0.34503233432769775
5314657,-21.0,0.3888311982154846
5315419,-21.0,0.41188064217567444
5316314,-20.0,0.40984970331192017
5317150,-20.0,0.37174129486083984
5317973,-21.0,0.37071579694747925
5318852,-21.0,0.36770349740982056
5319676,-21.0,0.39042189717292786
5320496,-21.0,0.39912110567092896
5321260,-21.0,0.3817744851112366
5322047,-21.0,0.37123939394950867
5322868,-21.0,0.3789623975753784
5323630,-21.0,0.3778035342693329
5324599,-21.0,0.3541210889816284
5325763,-18.0,0.3926427364349365
5326589,-21.0,0.41607433557510376
5327350,-21.0,0.36675840616226196
5328143,-21.0,0.3993212580680847
5328907,-21.0,0.3531123995780945
5329669,-21.0,0.37916329503059387
5330554,-21.0,0.4124860167503357
5331379,-21.0,0.38335123658180237
5332260,-21.0,0.376181036233902
5333102,-21.0,0.3946903645992279
5333921,-21.0,0.36553895473480225
5334833,-21.0,0.3667588531970978
5335668,-20.0,0.3544563949108124
5336488,-21.0,0.34110623598098755
5337327,-21.0,0.3515312075614929
5338146,-21.0,0.37004396319389343
5338968,-21.0,0.3929445743560791
5339793,-21.0,0.36819982528686523
5340634,-20.0,0.3508737087249756
5341531,-20.0,0.3668595552444458
5342351,-21.0,0.3746325671672821
5343169,-21.0,0.3819384276866913
5343989,-21.0,0.3868855834007263
5344916,-20.0,0.35416489839553833
5345699,-21.0,0.3975445330142975
5346522,-21.0,0.4037388563156128
5347402,-21.0,0.40653592348098755
5348160,-21.0,0.36703670024871826
5348985,-21.0,0.3808824121952057
5349809,-21.0,0.3743859529495239
5350630,-21.0,0.3802342712879181
5351516,-21.0,0.4076854884624481
5352402,-21.0,0.3856803774833679
5353222,-21.0,0.3711329698562622
5353979,-21.0,0.38627591729164124
5354880,-20.0,0.3566659092903137
5355764,-21.0,0.36403027176856995
5356526,-21.0,0.3451114296913147
5357345,-21.0,0.4001113772392273
5358167,-21.0,0.3507562279701233
5359107,-20.0,0.3850950002670288
5359929,-21.0,0.4015558958053589
5360751,-21.0,0.394756019115448
5361573,-21.0,0.3596000075340271
5362393,-21.0,0.3605097234249115
5363232,-21.0,0.3882068395614624
5363994,-21.0,0.3998524844646454
5364820,-21.0,0.41493070125579834
5365639,-21.0,0.38103264570236206
5366488,-21.0,0.40649282932281494
5367307,-21.0,0.3971295952796936
5368132,-21.0,0.39881569147109985
5368950,-21.0,0.3938700556755066
5369833,-21.0,0.3559671640396118
5370652,-21.0,0.38119977712631226
5371498,-21.0,0.4203481078147888
5372336,-20.0,0.3958476781845093
5373157,-21.0,0.36133280396461487
5373979,-21.0,0.35107219219207764
5374737,-21.0,0.3846839666366577
5375554,-21.0,0.3733614683151245
5376401,-21.0,0.350776731967926
5377187,-21.0,0.3844490945339203
5378035,-21.0,0.3977593183517456
5378915,-21.0,0.43167638778686523
5379857,-20.0,0.3790448009967804
5380675,-21.0,0.3886597156524658
5381494,-21.0,0.34695783257484436
5382312,-21.0,0.3632795810699463
5383130,-21.0,0.3761090636253357
5383972,-21.0,0.3720569908618927
5384818,-21.0,0.3452414572238922
5385637,-21.0,0.4070640802383423
5386455,-21.0,0.3791147470474243
5387243,-21.0,0.39667102694511414
5388061,-21.0,0.4121791124343872
5388960,-20.0,0.3531641960144043
5389783,-21.0,0.36603057384490967
5390659,-21.0,0.3914014399051666
5391575,-20.0,0.3655807375907898
5392397,-21.0,0.41307520866394043
5393218,-21.0,0.3900192677974701
5394043,-21.0,0.3557141125202179
5394926,-21.0,0.3683687448501587
5395776,-21.0,0.38577353954315186
5396625,-21.0,0.4364463686943054
5397444,-21.0,0.36547672748565674
5398262,-21.0,0.39811328053474426
5399114,-21.0,0.40205246210098267
5399933,-21.0,0.38404130935668945
5400785,-21.0,0.3811502158641815
5401544,-21.0,0.3627670407295227
5402364,-21.0,0.41121578216552734
5403185,-21.0,0.43249207735061646
5404008,-21.0,0.4221861958503723
5404829,-21.0,0.3974584937095642
5405652,-21.0,0.3748714327812195
5406568,-20.0,0.40487802028656006
5407390,-21.0,0.39138370752334595
5408232,-21.0,0.4337773323059082
5409074,-20.0,0.3860926926136017
5409919,-21.0,0.39539286494255066
5410738,-21.0,0.3577486276626587
5411558,-21.0,0.426613450050354
5412380,-21.0,0.34778934717178345
5413202,-21.0,0.3619377911090851
5414085,-21.0,0.390537828207016
5414935,-21.0,0.3876403272151947
5415753,-21.0,0.3936769962310791
5416571,-21.0,0.37160834670066833
5417481,-21.0,0.3706415295600891
5418303,-21.0,0.3904123902320862
5419151,-21.0,0.3828088641166687
5419969,-21.0,0.37364038825035095
5420788,-21.0,0.35715246200561523
5421606,-21.0,0.35182321071624756
5422425,-21.0,0.37145861983299255
5423328,-20.0,0.42215895652770996
5424149,-21.0,0.4251522719860077
5425069,-20.0,0.3994733989238739
5425892,-21.0,0.3496652841567993
5426775,-21.0,0.35969865322113037
5427536,-21.0,0.3850991725921631
5428396,-20.0,0.39595162868499756
5429215,-21.0,0.35858577489852905
5430033,-21.0,0.3727654218673706
5430855,-21.0,0.39076825976371765
5431674,-21.0,0.38493168354034424
5432684,-19.0,0.407244473695755
5433564,-21.0,0.3418266177177429
5434410,-21.0,0.397930383682251
5435291,-21.0,0.3929222822189331
5436115,-21.0,0.3577982187271118
5436963,-21.0,0.433771014213562
5437782,-21.0,0.41821742057800293
5438604,-21.0,0.3696456551551819
5439452,-21.0,0.37530332803726196
5440413,-20.0,0.38393354415893555
5441204,-21.0,0.37145936489105225
5442027,-21.0,0.3886412978172302
5442846,-21.0,0.37039080262184143
5443664,-21.0,0.4204553961753845
5444550,-21.0,0.4157252311706543
5445376,-21.0,0.3869163393974304
5446134,-21.0,0.36429908871650696
5446953,-21.0,0.37215888500213623
5447777,-21.0,0.3826870918273926
5448627,-21.0,0.3549520969390869
5449527,-20.0,0.4068572521209717
5450350,-21.0,0.42835307121276855
5451171,-21.0,0.36859002709388733
5452071,-20.0,0.4029325842857361
5452890,-21.0,0.39529240131378174
5453848,-20.0,0.3730027377605438
5454670,-21.0,0.41474905610084534
5455578,-21.0,0.39855507016181946
5456399,-21.0,0.37580302357673645
5457219,-21.0,0.347012996673584
5458043,-21.0,0.39441555738449097
5458924,-21.0,0.3800964951515198
5459745,-21.0,0.36544057726860046
5460596,-21.0,0.38924261927604675
5461438,-21.0,0.35441070795059204
5462288,-21.0,0.3992367386817932
5463111,-21.0,0.37419259548187256
5463931,-21.0,0.40529096126556396
5464752,-21.0,0.39752060174942017
5465600,-21.0,0.3969275653362274
5466422,-21.0,0.38459956645965576
5467241,-21.0,0.3496840000152588
5468058,-21.0,0.37354111671447754
5468945,-21.0,0.4109067916870117
5469768,-21.0,0.41526737809181213
5470588,-21.0,0.3656265139579773
5471410,-21.0,0.3973870873451233
5472232,-21.0,0.377773642539978
5473051,-21.0,0.4190444350242615
5473934,-21.0,0.37200117111206055
5474774,-21.0,0.399803102016449
5475657,-21.0,0.3534972071647644
5476434,-21.0,0.4092327654361725
5477253,-21.0,0.3894422650337219
5478135,-21.0,0.3829546570777893
5478958,-21.0,0.3939596116542816
5479809,-21.0,0.3800675570964813
5480628,-21.0,0.4086015820503235
5481507,-21.0,0.40670493245124817
5482326,-21.0,0.33776140213012695
5483148,-21.0,0.4009511470794678
5483973,-21.0,0.41681480407714844
5484792,-21.0,0.3485613167285919
5485638,-21.0,0.4133777916431427
5486477,-21.0,0.38692378997802734
5487299,-21.0,0.35731491446495056
5488124,-21.0,0.3598043918609619
5488946,-21.0,0.34977397322654724
5489842,-20.0,0.3858979046344757
5490629,-21.0,0.3901709020137787
5491449,-21.0,0.42148372530937195
5492289,-21.0,0.34884515404701233
5493207,-20.0,0.4233471155166626
5494031,-21.0,0.42470288276672363
5494984,-20.0,0.38912123441696167
5495805,-21.0,0.38445472717285156
5496625,-21.0,0.3950670659542084
5497431,-21.0,0.3950313329696655
5498282,-21.0,0.39643827080726624
5499127,-21.0,0.3766493797302246
5500124,-19.0,0.3409046530723572
5500943,-21.0,0.3667825162410736
5501768,-21.0,0.410311758518219
5502554,-21.0,0.358653724193573
5503372,-21.0,0.3634847402572632
5504191,-21.0,0.37596455216407776
5505135,-20.0,0.3981245756149292
5505955,-21.0,0.3895587623119354
5506777,-21.0,0.36932069063186646
5507564,-21.0,0.370381236076355
5508406,-21.0,0.4016546607017517
5509225,-21.0,0.3495003581047058
5510046,-21.0,0.4191681742668152
5510885,-20.0,0.3327128291130066
5511831,-20.0,0.399850994348526
5512680,-21.0,0.37939074635505676
5513442,-21.0,0.39089176058769226
5514266,-21.0,0.37568432092666626
5515042,-21.0,0.3889518976211548
5515863,-21.0,0.4065673351287842
5516683,-21.0,0.35458678007125854
5517522,-20.0,0.4054826498031616
5518530,-18.0,0.39523544907569885
5519348,-21.0,0.3758705258369446
5520199,-21.0,0.3685089349746704
5521020,-21.0,0.4247529208660126
5521811,-21.0,0.43005770444869995
5522658,-21.0,0.4157511293888092
5523598,-21.0,0.40687716007232666
5524416,-21.0,0.41637933254241943
5525202,-21.0,0.3860645592212677
5526022,-21.0,0.3894931674003601
5526957,-20.0,0.36729055643081665
5527837,-21.0,0.3825526535511017
5528733,-20.0,0.38883471488952637
5529551,-21.0,0.38178473711013794
5530397,-21.0,0.382978230714798
5531218,-21.0,0.37560147047042847
5532040,-21.0,0.376358300447464
5532857,-21.0,0.4029723107814789
5533698,-21.0,0.36701714992523193
5534612,-20.0,0.4031975269317627
5535433,-21.0,0.3493492603302002
5536281,-21.0,0.39908409118652344
5537260,-20.0,0.3584056794643402
5538170,-21.0,0.3815494179725647
5539179,-19.0,0.4192745089530945
5539970,-21.0,0.37869012355804443
5540792,-21.0,0.363674521446228
5541615,-21.0,0.4000077247619629
5542437,-21.0,0.39252614974975586
5543258,-21.0,0.3727966248989105
5544159,-20.0,0.3715086281299591
5544922,-21.0,0.345441073179245
5545743,-21.0,0.3930266797542572
5546684,-20.0,0.3811720609664917
5547502,-21.0,0.40353840589523315
5548356,-21.0,0.3964712619781494
5549176,-21.0,0.4048306345939636
5549999,-21.0,0.38822120428085327
5550788,-21.0,0.39307302236557007
5551548,-21.0,0.4061272442340851
5552370,-21.0,0.4662620425224304
5553386,-20.0,0.4223847985267639
5554406,-19.0,0.3916493058204651
5555228,-21.0,0.37320423126220703
5556106,-21.0,0.4064822196960449
5557216,-18.0,0.40029019117355347
5558036,-21.0,0.422446608543396
5558857,-21.0,0.40965762734413147
5559694,-21.0,0.3815987706184387
5560514,-21.0,0.38933265209198
5561278,-21.0,0.3963945806026459
5562575,-17.0,0.3762514293193817
5563393,-21.0,0.3835165500640869
5564211,-21.0,0.3773821294307709
5565034,-21.0,0.39136677980422974
5565823,-21.0,0.41674208641052246
5566642,-21.0,0.35475003719329834
5567728,-19.0,0.3928263783454895
5568516,-21.0,0.375618577003479
5569363,-21.0,0.38798925280570984
5570184,-21.0,0.3513038158416748
5571187,-20.0,0.40458944439888
5572147,-21.0,0.3886764645576477
5573027,-21.0,0.4020616412162781
5573850,-21.0,0.41922324895858765
5574732,-21.0,0.36742836236953735
5575551,-21.0,0.4003964364528656
5576433,-21.0,0.38590294122695923
5577251,-21.0,0.3941134214401245
5578358,-18.0,0.41267943382263184
5579207,-21.0,0.4384608268737793
5580047,-20.0,0.39326179027557373
5580894,-21.0,0.370151162147522
5581656,-21.0,0.39543163776397705
5582478,-21.0,0.3796764612197876
5583359,-21.0,0.3698720932006836
5584208,-21.0,0.3886570930480957
5585116,-21.0,0.3933468461036682
5586000,-21.0,0.3621940314769745
5586818,-21.0,0.39257150888442993
5587644,-21.0,0.3834158182144165
5588465,-21.0,0.40709879994392395
5589290,-21.0,0.4261527955532074
5590115,-21.0,0.4040925204753876
5591795,-12.0,0.39813685417175293
5592614,-21.0,0.43239447474479675
5593434,-21.0,0.4156153202056885
5594313,-21.0,0.3877200782299042
5595214,-21.0,0.38395947217941284
5596034,-21.0,0.4793514907360077
5596935,-21.0,0.429347425699234
5597721,-21.0,0.42051106691360474
5598541,-21.0,0.33700960874557495
5599455,-20.0,0.40243518352508545
5600469,-19.0,0.351933091878891
5601293,-21.0,0.3752423822879791
5602279,-19.0,0.3821939527988434
5603232,-20.0,0.391219824552536
5604054,-21.0,0.36373281478881836
5604874,-21.0,0.39748331904411316
5605662,-21.0,0.3696574866771698
5606648,-20.0,0.3567451238632202
5607473,-21.0,0.38640329241752625
5608291,-21.0,0.3823157548904419
5609111,-21.0,0.38400739431381226
5609928,-21.0,0.42644116282463074
5610770,-21.0,0.37808266282081604
5611590,-21.0,0.3920701742172241
5612471,-21.0,0.39606547355651855
5613294,-21.0,0.38058406114578247
5614116,-21.0,0.4250069856643677
5615132,-19.0,0.37991854548454285
5615921,-21.0,0.39075931906700134
5616745,-21.0,0.3752250373363495
5617564,-21.0,0.3785082697868347
5618386,-21.0,0.3809577524662018
5619206,-21.0,0.396872341632843
5620027,-21.0,0.4319899082183838
5620906,-21.0,0.37616416811943054
5621729,-21.0,0.3928995728492737
5622572,-21.0,0.42796677350997925
5623397,-21.0,0.4086948037147522
5624219,-21.0,0.35599881410598755
5625111,-20.0,0.40633425116539
5625961,-21.0,0.38986432552337646
5626784,-21.0,0.3924863338470459
5627609,-21.0,0.3768027126789093
5628427,-21.0,0.4039098918437958
5629245,-21.0,0.38383668661117554
5630092,-21.0,0.3988686800003052
5630916,-21.0,0.3933621048927307
5631738,-21.0,0.3657316267490387
5632556,-21.0,0.4128211736679077
5633333,-21.0,0.3917901813983917
5634122,-21.0,0.39669984579086304
5634938,-21.0,0.3726283311843872
5635873,-20.0,0.40282607078552246
5636714,-21.0,0.39749982953071594
5637539,-21.0,0.35858553647994995
5638359,-21.0,0.4125367999076843
5639145,-21.0,0.40757718682289124
5639906,-21.0,0.4379938244819641
5640664,-21.0,0.3587004542350769
5641548,-21.0,0.38608986139297485
5642370,-21.0,0.37909796833992004
5643189,-21.0,0.39501091837882996
5644068,-21.0,0.3540702760219574
5644890,-21.0,0.34884941577911377
5645715,-21.0,0.4144941568374634
5646505,-21.0,0.34939199686050415
5647330,-21.0,0.38451701402664185
5648152,-21.0,0.399829626083374
5648971,-21.0,0.3951156735420227
5649792,-21.0,0.36410725116729736
5650710,-20.0,0.3812273442745209
5651531,-21.0,0.4089421033859253
5652429,-20.0,0.4029821753501892
5653308,-21.0,0.4095316231250763
5654222,-20.0,0.3612869679927826
5655099,-21.0,0.3919833302497864
5655887,-21.0,0.3488413691520691
5656710,-21.0,0.40224429965019226
5657614,-20.0,0.35186731815338135
5658438,-21.0,0.4045625925064087
5659256,-21.0,0.3557170629501343
5660141,-21.0,0.3991139233112335
5660978,-21.0,0.3775898218154907
5661795,-21.0,0.3490053117275238
5662618,-21.0,0.3955193758010864
5663437,-21.0,0.4068695306777954
5664256,-21.0,0.35356947779655457
5665121,-21.0,0.39903008937835693
5665944,-21.0,0.43290483951568604
5666730,-21.0,0.4259707033634186
5667623,-20.0,0.3555920124053955
5668442,-21.0,0.39153021574020386
5669289,-21.0,0.37751683592796326
5670109,-21.0,0.3607487678527832
5670928,-21.0,0.37311363220214844
5671752,-21.0,0.40038156509399414
5672636,-21.0,0.400910347700119
5673515,-21.0,0.38909396529197693
5674334,-21.0,0.362946093082428
5675180,-21.0,0.39877718687057495
5676001,-21.0,0.38498181104660034
5676823,-21.0,0.41128766536712646
5677645,-21.0,0.4171644151210785
5678497,-21.0,0.3749106526374817
5679345,-21.0,0.41745179891586304
5680170,-21.0,0.3777671754360199
5680995,-21.0,0.4064289927482605
5681785,-21.0,0.4176328480243683
5682577,-21.0,0.3916570544242859
5683462,-21.0,0.39491432905197144
5684345,-21.0,0.39609086513519287
5685165,-21.0,0.34244227409362793
5686212,-20.0,0.387168824672699
5687034,-21.0,0.38155433535575867
5687876,-21.0,0.36540448665618896
5688698,-21.0,0.3817541301250458
5689517,-21.0,0.3846452534198761
5690398,-21.0,0.4069247245788574
5691221,-21.0,0.385334849357605
5692106,-21.0,0.3854937255382538
5692867,-21.0,0.39334240555763245
5693716,-21.0,0.37865784764289856
5694540,-21.0,0.4104905128479004
5695364,-21.0,0.3694287836551666
5696184,-21.0,0.40722179412841797
5697063,-21.0,0.41391849517822266
5697887,-21.0,0.38784682750701904
5698706,-21.0,0.4029073119163513
5699525,-21.0,0.41104644536972046
5700409,-21.0,0.39232516288757324
5701235,-21.0,0.3594701886177063
5702116,-21.0,0.40120288729667664
5702894,-21.0,0.38096898794174194
5703715,-21.0,0.38093528151512146
5704534,-21.0,0.3570355474948883
5705356,-21.0,0.35063666105270386
5706136,-21.0,0.32266634702682495
5706955,-21.0,0.3474167287349701
5707839,-21.0,0.40316587686538696
5708662,-21.0,0.37732964754104614
5709543,-21.0,0.4012085199356079
5710390,-21.0,0.3987584710121155
5711270,-21.0,0.4000019133090973
5712092,-21.0,0.42142558097839355
5712979,-21.0,0.3692573308944702
5713803,-21.0,0.3714246153831482
5714624,-21.0,0.35077136754989624
5715402,-21.0,0.38904717564582825
5716225,-21.0,0.39627400040626526
5717011,-21.0,0.3976428508758545
5717845,-20.0,0.409662127494812
5718603,-21.0,0.34441208839416504
5719423,-21.0,0.37235939502716064
5720244,-21.0,0.4006567597389221
5721030,-21.0,0.41302192211151123
5721850,-21.0,0.3805447816848755
5722701,-21.0,0.37690696120262146
5723510,-21.0,0.4051862359046936
5724295,-21.0,0.3865745961666107
5725117,-21.0,0.406980037689209
5725943,-21.0,0.37553542852401733
5726763,-21.0,0.4092876613140106
5727709,-21.0,0.4132843613624573
5728530,-21.0,0.4108697175979614
5729352,-21.0,0.3578399419784546
5730177,-21.0,0.4102921783924103
5731108,-19.0,0.39519381523132324
5731957,-21.0,0.3774687945842743
5732803,-21.0,0.35762035846710205
5733621,-21.0,0.40258434414863586
5734438,-21.0,0.37903136014938354
5735257,-21.0,0.3924999535083771
5736080,-21.0,0.4192758798599243
5736993,-21.0,0.39747416973114014
5737829,-20.0,0.395315945148468
5738852,-20.0,0.3931312561035156
5739672,-21.0,0.34428372979164124
5740595,-20.0,0.39592573046684265
5741442,-21.0,0.37479954957962036
5742261,-21.0,0.3960168957710266
5743024,-21.0,0.35785749554634094
5743956,-20.0,0.41071081161499023
5744781,-21.0,0.39388933777809143
5745603,-21.0,0.3798488974571228
5746425,-21.0,0.36782321333885193
5747248,-21.0,0.4058625102043152
5748086,-20.0,0.3972264528274536
5748905,-21.0,0.42138639092445374
5749724,-21.0,0.3450014293193817
5750624,-21.0,0.376197874546051
5751447,-21.0,0.42688196897506714
5752424,-19.0,0.3956775665283203
5753248,-21.0,0.40805739164352417
5754127,-21.0,0.3856617510318756
5755013,-21.0,0.43583258986473083
5755833,-21.0,0.3848145306110382
5756681,-21.0,0.37994688749313354
5757529,-21.0,0.3765196204185486
5758377,-21.0,0.396731436252594
5759199,-21.0,0.3788022994995117
5760156,-20.0,0.3558545708656311
5761006,-21.0,0.3833276629447937
5761951,-21.0,0.38079196214675903
5762830,-21.0,0.4089522361755371
5763652,-21.0,0.412270724773407
5764471,-21.0,0.36523377895355225
5765384,-21.0,0.38937491178512573
5766207,-21.0,0.38955554366111755
5767048,-21.0,0.42582249641418457
5767840,-21.0,0.39107954502105713
5768688,-21.0,0.39471039175987244
5769573,-21.0,0.386601984500885
5770395,-21.0,0.34004977345466614
5771232,-21.0,0.3921651244163513
5772054,-21.0,0.3910977244377136
5772875,-21.0,0.3517443835735321
5773774,-20.0,0.3986119329929352
5774599,-21.0,0.40081340074539185
5775386,-21.0,0.3898860812187195
5776316,-20.0,0.3928045630455017
5777140,-21.0,0.3935352563858032
5777958,-21.0,0.38759487867355347
5778797,-20.0,0.3869789242744446
5779644,-21.0,0.40898382663726807
5780465,-21.0,0.3968648314476013
5781285,-21.0,0.4078421890735626
5782199,-20.0,0.3933119773864746
5783082,-21.0,0.39933666586875916
5784008,-20.0,0.4067665934562683
5784842,-20.0,0.38195574283599854
5785822,-18.0,0.38126349449157715
5786642,-21.0,0.4231818914413452
5787463,-21.0,0.368830144405365
5788316,-21.0,0.39339280128479004
5789161,-21.0,0.3677551746368408
5789983,-21.0,0.42703497409820557
5790802,-21.0,0.39119935035705566
5791682,-21.0,0.38768470287323
5792444,-21.0,0.3806678056716919
5793264,-21.0,0.40805917978286743
5794086,-21.0,0.3864002227783203
5794905,-21.0,0.37041032314300537
5795723,-21.0,0.39005714654922485
5796740,-19.0,0.41695770621299744
5797564,-21.0,0.37542724609375
5798491,-20.0,0.3809623122215271
5799413,-20.0,0.3740106225013733
5800203,-21.0,0.4114828109741211
5801029,-21.0,0.3642319440841675
5801877,-21.0,0.3957837224006653
5802788,-21.0,0.390780508518219
5803607,-21.0,0.36993950605392456
5804426,-21.0,0.3471924662590027
5805247,-21.0,0.39539623260498047
5806007,-21.0,0.37493860721588135
5806793,-21.0,0.38165438175201416
5807556,-21.0,0.39263206720352173
5808377,-21.0,0.38983604311943054
5809198,-21.0,0.38244736194610596
5810034,-20.0,0.397963285446167
5810858,-21.0,0.39999568462371826
5811615,-21.0,0.39961880445480347
5812453,-20.0,0.4069298803806305
5813335,-21.0,0.4167594909667969
5814166,-20.0,0.37208253145217896
5814987,-21.0,0.3677109479904175
5815951,-20.0,0.391454815864563
5816775,-21.0,0.39948704838752747
5817626,-21.0,0.3981192409992218
5818461,-20.0,0.37990602850914
5819309,-21.0,0.3733072578907013
5820162,-21.0,0.4148060083389282
5820980,-21.0,0.38209545612335205
5821801,-21.0,0.3945237100124359
5822577,-21.0,0.38731586933135986
5823402,-21.0,0.3879081606864929
5824226,-21.0,0.4094625413417816
5825048,-21.0,0.3671855628490448
5826025,-20.0,0.39351290464401245
5826842,-21.0,0.39805248379707336
5827741,-20.0,0.3380269706249237
5828581,-20.0,0.36692798137664795
5829403,-21.0,0.39684855937957764
5830224,-21.0,0.38279396295547485
5831391,-18.0,0.39080744981765747
5832216,-21.0,0.41456112265586853
5833040,-21.0,0.3627279996871948
5833910,-21.0,0.40625131130218506
5834735,-21.0,0.42769089341163635
5835559,-21.0,0.4035506844520569
5836479,-20.0,0.3713464140892029
5837317,-21.0,0.4180114269256592
5838139,-21.0,0.40392106771469116
5839069,-19.0,0.431812047958374
5839983,-20.0,0.3914167881011963
5840861,-21.0,0.38072824478149414
5841774,-20.0,0.33877453207969666
5842642,-21.0,0.4170502722263336
5843491,-21.0,0.38001549243927
5844310,-21.0,0.3728993237018585
5845088,-21.0,0.3749856948852539
5845913,-21.0,0.3786121606826782
5846731,-21.0,0.3962300419807434
5847551,-21.0,0.37263232469558716
5848491,-21.0,0.42951178550720215
5849378,-21.0,0.36800557374954224
5850319,-21.0,0.37937432527542114
5851184,-20.0,0.40046417713165283
5852006,-21.0,0.3913034498691559
5852824,-21.0,0.3936569094657898
5853646,-21.0,0.4507739245891571
5854470,-21.0,0.3682037591934204
5855291,-21.0,0.3788764476776123
5856178,-21.0,0.38602185249328613
5857188,-19.0,0.40306609869003296
5858039,-21.0,0.4019894003868103
5858859,-21.0,0.3862287700176239
5859711,-21.0,0.3996805250644684
5860493,-21.0,0.39108818769454956
5861316,-21.0,0.40376710891723633
5862141,-21.0,0.4030125141143799
5862988,-21.0,0.40883758664131165
5863826,-21.0,0.3815753161907196
5864650,-21.0,0.4254060387611389
5865494,-21.0,0.3961995244026184
5866407,-21.0,0.4117722511291504
5867347,-21.0,0.37434205412864685
5868227,-21.0,0.3628232479095459
5869077,-21.0,0.3842869699001312
5869897,-21.0,0.4222632646560669
5870747,-21.0,0.37461262941360474
5871644,-20.0,0.3858087360858917
5872555,-21.0,0.3751988410949707
5873531,-19.0,0.3685692548751831
5874664,-17.0,0.4000743627548218
5875484,-21.0,0.4009706676006317
5876306,-21.0,0.3982931971549988
5877124,-21.0,0.3768932521343231
5877945,-21.0,0.3924550712108612
5878825,-21.0,0.3587590157985687
5879646,-21.0,0.37976059317588806
5880559,-20.0,0.37154656648635864
5881446,-21.0,0.3645668625831604
5882265,-21.0,0.4059768319129944
5883083,-21.0,0.36990460753440857
5883905,-21.0,0.38667112588882446
5884724,-21.0,0.3637050986289978
5885549,-21.0,0.38776129484176636
5886658,-18.0,0.39065200090408325
5887508,-21.0,0.3867327868938446
5888330,-21.0,0.372192919254303
5889123,-21.0,0.4564666748046875
5889944,-21.0,0.37135863304138184
5890840,-20.0,0.35898512601852417
5891679,-21.0,0.3982011675834656
5892500,-21.0,0.3885307312011719
5893321,-21.0,0.42021289467811584
5894168,-21.0,0.36797457933425903
5894958,-21.0,0.43773677945137024
5895778,-21.0,0.4105473756790161
5896601,-21.0,0.37430432438850403
5897451,-21.0,0.4159601330757141
5898241,-21.0,0.44480636715888977
5899144,-20.0,0.39081138372421265
5900000,-21.0,0.36306095123291016
5900787,-21.0,0.35405683517456055
5901671,-21.0,0.3947778344154358
5902550,-21.0,0.3764480948448181
5903402,-21.0,0.3914426267147064
5904223,-21.0,0.378240168094635
5905043,-21.0,0.38136041164398193
5905866,-21.0,0.4117879867553711
5906747,-21.0,0.36191287636756897
5907707,-19.0,0.3841375410556793
5908525,-21.0,0.44898635149002075
5909349,-21.0,0.4181673526763916
5910172,-21.0,0.41431111097335815
5911013,-20.0,0.4071480631828308
5911834,-21.0,0.4243924617767334
5912660,-21.0,0.3720652461051941
5913601,-21.0,0.40265437960624695
5914422,-21.0,0.41304171085357666
5915244,-21.0,0.3772968351840973
5916064,-21.0,0.4160069227218628
5916911,-21.0,0.3974102735519409
5917673,-21.0,0.37980222702026367
5918559,-21.0,0.4317936301231384
5919379,-21.0,0.4008059799671173
5920200,-21.0,0.3673757314682007
5921081,-21.0,0.38586509227752686
5921904,-21.0,0.3674487769603729
5922784,-21.0,0.3877922594547272
5923602,-21.0,0.3698425889015198
5924421,-21.0,0.3709602653980255
5925306,-21.0,0.4167022109031677
5926126,-21.0,0.38689130544662476
5926944,-21.0,0.37708747386932373
5927764,-21.0,0.4121066927909851
5928522,-21.0,0.39526116847991943
5929464,-21.0,0.4273563623428345
5930300,-20.0,0.38782230019569397
5931123,-21.0,0.4175143837928772
5931946,-21.0,0.4350394606590271
5932772,-21.0,0.4132779836654663
5933684,-21.0,0.3655552566051483
5934505,-21.0,0.39903852343559265
5935331,-21.0,0.4042665362358093
5936155,-21.0,0.4403858780860901
5937007,-21.0,0.40496665239334106
5937889,-21.0,0.3801286816596985
5938878,-20.0,0.38232046365737915
5939696,-21.0,0.3972342014312744
5940518,-21.0,0.38080790638923645
5941445,-20.0,0.36418986320495605
5942267,-21.0,0.4107176661491394
5943113,-21.0,0.3591797947883606
5944110,-19.0,0.39604002237319946
5944930,-21.0,0.3627060055732727
5945756,-21.0,0.42699605226516724
5946573,-21.0,0.36859601736068726
5947396,-21.0,0.35565686225891113
5948214,-21.0,0.3468560576438904
5949083,-20.0,0.4194473624229431
5949960,-21.0,0.3914604187011719
5950889,-20.0,0.3719363212585449
5951713,-21.0,0.37318047881126404
5952504,-21.0,0.36619454622268677
5953386,-21.0,0.3760230839252472
5954377,-19.0,0.3670071065425873
5955134,-21.0,0.42715537548065186
5955896,-21.0,0.42159584164619446
5956719,-21.0,0.3676482141017914
5957541,-21.0,0.39354366064071655
5958461,-20.0,0.3870092034339905
5959279,-21.0,0.3929881453514099
5960103,-21.0,0.4258648753166199
5960921,-21.0,0.38987988233566284
5961956,-19.0,0.38417741656303406
5962774,-21.0,0.40743160247802734
5963627,-21.0,0.43161967396736145
5964450,-21.0,0.37319278717041016
5965302,-21.0,0.41239243745803833
5966124,-21.0,0.38971972465515137
5966886,-21.0,0.3520466983318329
5967736,-21.0,0.39432716369628906
5968555,-21.0,0.40234076976776123
5969378,-21.0,0.418123334646225
5970221,-21.0,0.4018072485923767
5971045,-21.0,0.4024907946586609
5971864,-21.0,0.37227997183799744
5972684,-21.0,0.3925912082195282
5973510,-21.0,0.3658531904220581
5974331,-21.0,0.41525956988334656
5975157,-21.0,0.4051394462585449
5975997,-20.0,0.3817558288574219
5976816,-21.0,0.39982497692108154
5977640,-21.0,0.38581937551498413
5978465,-21.0,0.41267070174217224
5979296,-20.0,0.4077366590499878
5980145,-21.0,0.3850342631340027
5980963,-21.0,0.37197786569595337
5981800,-20.0,0.398034930229187
5982640,-20.0,0.37671124935150146
5983461,-21.0,0.41765326261520386
5984436,-20.0,0.40355384349823
5985253,-21.0,0.4020211100578308
5986078,-21.0,0.3669341802597046
5986899,-21.0,0.3620389997959137
5987784,-21.0,0.3851976990699768
5988607,-21.0,0.3697599172592163
5989433,-21.0,0.40095752477645874
5990273,-20.0,0.3719273507595062
5991091,-21.0,0.41543304920196533
5991970,-21.0,0.4002641439437866
5992795,-21.0,0.39625632762908936
5993641,-21.0,0.381339967250824
5994461,-21.0,0.3777022957801819
5995339,-21.0,0.3907312750816345
5996157,-21.0,0.3834049105644226
5996982,-21.0,0.42128992080688477
5997799,-21.0,0.3724009692668915
5998638,-20.0,0.3992365300655365
5999478,-20.0,0.3762337267398834
6000369,-20.0,0.4327380657196045
6001191,-21.0,0.38559308648109436
6001954,-21.0,0.39686375856399536
6002802,-21.0,0.42666906118392944
6003621,-21.0,0.4022293984889984
6004444,-21.0,0.4322475790977478
6005201,-21.0,0.41250723600387573
6006019,-21.0,0.4299781322479248
6006799,-21.0,0.3630238175392151
6007616,-21.0,0.3486102819442749
6008654,-20.0,0.40707945823669434
6009504,-21.0,0.3907678723335266
6010386,-21.0,0.39980095624923706
6011207,-21.0,0.37935975193977356
6012055,-21.0,0.38944709300994873
6012909,-20.0,0.357746422290802
6013744,-20.0,0.3930348753929138
6014619,-21.0,0.39864957332611084
6015442,-21.0,0.4115830659866333
6016322,-21.0,0.389828085899353
6017145,-21.0,0.4075600802898407
6017982,-20.0,0.3759180009365082
6018804,-21.0,0.4301062822341919
6019563,-21.0,0.40855199098587036
6020343,-21.0,0.42157861590385437
6021181,-21.0,0.3974921703338623
6021999,-21.0,0.39452454447746277
6022823,-21.0,0.3865583539009094
6023703,-21.0,0.38960129022598267
6024524,-21.0,0.3658653199672699
6025344,-21.0,0.37181001901626587
6026166,-21.0,0.39751991629600525
6026984,-21.0,0.4249676465988159
6027883,-20.0,0.41482013463974
6028766,-21.0,0.38725876808166504
6029586,-21.0,0.39354434609413147
6030409,-21.0,0.38458162546157837
6031232,-21.0,0.36717694997787476
6032054,-21.0,0.4184039533138275
6032954,-20.0,0.37453940510749817
6033804,-21.0,0.40151524543762207
6034650,-21.0,0.36000216007232666
6035548,-21.0,0.35520684719085693
6036389,-21.0,0.3875011205673218
6037304,-20.0,0.3815193772315979
6038123,-21.0,0.3899140954017639
6039003,-21.0,0.39876028895378113
6039825,-21.0,0.4179888069629669
6040644,-21.0,0.41166186332702637
6041525,-21.0,0.35240960121154785
6042285,-21.0,0.40193647146224976
6043170,-21.0,0.3761306405067444
6043990,-21.0,0.3513169288635254
6044809,-21.0,0.36714571714401245
6045632,-21.0,0.4016515016555786
6046455,-21.0,0.3755377531051636
6047279,-21.0,0.41208696365356445
6048159,-21.0,0.40296804904937744
6049044,-21.0,0.3908156156539917
6049881,-20.0,0.36551526188850403
6050822,-20.0,0.36401987075805664
6051641,-21.0,0.38819482922554016
6052463,-21.0,0.38422107696533203
6053280,-21.0,0.3625263273715973
6054224,-21.0,0.3989313840866089
6055048,-21.0,0.3830709755420685
6055867,-21.0,0.4001387357711792
6056657,-21.0,0.3849221467971802
6057506,-21.0,0.3878749907016754
6058326,-21.0,0.3726644814014435
6059168,-21.0,0.3683699369430542
6059985,-21.0,0.40062201023101807
6060804,-21.0,0.3895014524459839
6061565,-21.0,0.4442821741104126
6062475,-21.0,0.3949870467185974
6063293,-21.0,0.36386793851852417
6064312,-20.0,0.3623955249786377
6065255,-21.0,0.3652016520500183
6066074,-21.0,0.34039294719696045
6066911,-21.0,0.35592424869537354
6067730,-21.0,0.3426194190979004
6068549,-21.0,0.36742639541625977
6069372,-21.0,0.3800540864467621
6070191,-21.0,0.37655913829803467
6071010,-21.0,0.4050372540950775
6071833,-21.0,0.36722224950790405
6072682,-21.0,0.3953655958175659
6073503,-21.0,0.37753379344940186
6074387,-21.0,0.3923821449279785
6075204,-21.0,0.37331944704055786
6076028,-21.0,0.42797738313674927
6076850,-21.0,0.3211406171321869
6077672,-21.0,0.37891635298728943
6078492,-21.0,0.42570072412490845
6079310,-21.0,0.35201722383499146
6080130,-21.0,0.3981551229953766
6080967,-20.0,0.39747151732444763
6081812,-21.0,0.3868460953235626
6082696,-21.0,0.39805126190185547
6083520,-21.0,0.41177117824554443
6084358,-21.0,0.3849095106124878
6085239,-21.0,0.3984421491622925
6086058,-21.0,0.34441664814949036
6086989,-20.0,0.3696170747280121
6087812,-21.0,0.36118027567863464
6088635,-21.0,0.4212464392185211
6089395,-21.0,0.378498911857605
6090245,-21.0,0.3773839473724365
6091070,-21.0,0.4067951440811157
6091952,-21.0,0.3712843656539917
6092769,-21.0,0.3742240071296692
6093590,-21.0,0.40645891427993774
6094412,-21.0,0.4294579327106476
6095235,-21.0,0.35894691944122314
6096057,-21.0,0.3441861867904663
6096911,-21.0,0.361005574464798
6097731,-21.0,0.37199896574020386
6098548,-21.0,0.35098302364349365
6099369,-21.0,0.4333460330963135
6100190,-21.0,0.3858751654624939
6101009,-21.0,0.38757961988449097
6101969,-20.0,0.3702755868434906
6102821,-21.0,0.3774855434894562
6103689,-21.0,0.4070124626159668
6104451,-21.0,0.36371082067489624
6105300,-21.0,0.3933528959751129
6106141,-20.0,0.3743228614330292
6107010,-20.0,0.4186323285102844
6107828,-21.0,0.3772030472755432
6108651,-21.0,0.402471661567688
6109472,-21.0,0.42093008756637573
6110293,-21.0,0.3807365298271179
6111118,-21.0,0.32687729597091675
6112061,-21.0,0.389126718044281
6112945,-21.0,0.3671863377094269
6113844,-20.0,0.3934480547904968
6114666,-21.0,0.35728365182876587
6115486,-21.0,0.42899182438850403
6116269,-21.0,0.4282965362071991
6117091,-21.0,0.411369264125824
6117929,-21.0,0.3680705726146698
6118749,-21.0,0.3960040509700775
6119594,-21.0,0.43244853615760803
6120445,-21.0,0.3742922246456146
6121269,-21.0,0.37089160084724426
6122090,-21.0,0.3793094754219055
6122929,-20.0,0.3641686737537384
6123692,-21.0,0.38223695755004883
6124514,-21.0,0.4255790710449219
6125331,-21.0,0.3717315196990967
6126181,-21.0,0.35538774728775024
6127021,-21.0,0.35130223631858826
6127873,-21.0,0.3823581039905548
6128699,-21.0,0.40212446451187134
6129457,-21.0,0.43193572759628296
6130280,-21.0,0.4059295654296875
6131100,-21.0,0.3789002299308777
6132008,-21.0,0.3863164186477661
6132828,-21.0,0.3770471513271332
6133590,-21.0,0.3864358365535736
6134412,-21.0,0.41227179765701294
6135319,-21.0,0.3734171390533447
6136160,-20.0,0.44364601373672485
6136983,-21.0,0.36093464493751526
6137860,-21.0,0.3874816298484802
6138744,-21.0,0.44444209337234497
6139569,-21.0,0.39704442024230957
6140357,-21.0,0.38980722427368164
6141175,-21.0,0.38413694500923157
6142153,-20.0,0.4192788004875183
6143054,-20.0,0.32693707942962646
6143874,-21.0,0.38441434502601624
6144786,-20.0,0.3799554109573364
6145611,-21.0,0.38454315066337585
6146434,-21.0,0.4027009606361389
6147281,-21.0,0.3986209034919739
6148106,-21.0,0.36370140314102173
6148974,-21.0,0.37066182494163513
6149793,-21.0,0.3717941641807556
6150612,-21.0,0.38706064224243164
6151372,-21.0,0.39212125539779663
6152190,-21.0,0.4273330569267273
6153212,-19.0,0.38011884689331055
6154001,-21.0,0.3588123917579651
6154899,-20.0,0.44008201360702515
6155717,-21.0,0.3495202660560608
6156616,-20.0,0.36466729640960693
6157435,-21.0,0.4123038649559021
6158332,-20.0,0.3962990641593933
6159090,-21.0,0.40021973848342896
6160047,-21.0,0.3797096014022827
6161030,-20.0,0.3719405233860016
6161939,-21.0,0.38441002368927
6162757,-21.0,0.4012320935726166
6163575,-21.0,0.39460742473602295
6164426,-21.0,0.40434595942497253
6165244,-21.0,0.3460816740989685
6166094,-21.0,0.3958560526371002
6166881,-21.0,0.3704145550727844
6167702,-21.0,0.39420709013938904
6168519,-21.0,0.41323965787887573
6169350,-20.0,0.37642982602119446
6170174,-21.0,0.37510251998901367
6171183,-19.0,0.390778124332428
6172024,-20.0,0.38375863432884216
6172786,-21.0,0.39364326000213623
6173636,-21.0,0.363405704498291
6174459,-21.0,0.3747420310974121
6175281,-21.0,0.3837277889251709
6176043,-21.0,0.40289783477783203
6176805,-21.0,0.4134366810321808
6177629,-21.0,0.35841619968414307
6178527,-20.0,0.42262089252471924
6179408,-21.0,0.44650185108184814
6180247,-21.0,0.36619821190834045
6181127,-21.0,0.4011537432670593
6181968,-21.0,0.4009314775466919
6182788,-21.0,0.37986600399017334
6183612,-21.0,0.4070063829421997
6184494,-21.0,0.38292163610458374
6185375,-21.0,0.37619340419769287
6186255,-21.0,0.3761991858482361
6187093,-20.0,0.3772032558917999
6187939,-21.0,0.425769567489624
6188822,-21.0,0.4080418050289154
6189642,-21.0,0.4220190644264221
6190542,-20.0,0.376435786485672
6191365,-21.0,0.42308056354522705
6192182,-21.0,0.34801051020622253
6192999,-21.0,0.40237343311309814
6193861,-20.0,0.35613033175468445
6194701,-20.0,0.36623743176460266
6195526,-21.0,0.4232448935508728
6196350,-21.0,0.4209941029548645
6197197,-21.0,0.3937909007072449
6198016,-21.0,0.4201315939426422
6198836,-21.0,0.39533764123916626
6199682,-21.0,0.37184596061706543
6200623,-21.0,0.42999809980392456
6201513,-21.0,0.4090399742126465
6202293,-21.0,0.3653576970100403
6203117,-21.0,0.35839805006980896
6204035,-20.0,0.36489880084991455
6204997,-20.0,0.4056328535079956
6205916,-20.0,0.3938297927379608
6206766,-21.0,0.4048140347003937
6207876,-20.0,0.39171934127807617
6208698,-21.0,0.3907702565193176
6209518,-21.0,0.3783898949623108
6210366,-21.0,0.38002505898475647
6211123,-21.0,0.34764552116394043
6211963,-21.0,0.369192510843277
6212783,-21.0,0.39570173621177673
6213601,-21.0,0.40400445461273193
6214449,-21.0,0.4141386151313782
6215271,-21.0,0.40600669384002686
6216225,-19.0,0.39846348762512207
6217049,-21.0,0.3833634853363037
6217873,-21.0,0.4013047218322754
6218719,-21.0,0.4356085956096649
6219538,-21.0,0.38485777378082275
6220387,-21.0,0.388141393661499
6221210,-21.0,0.3801075220108032
6222029,-21.0,0.3343707323074341
6222914,-21.0,0.356825590133667
6223936,-20.0,0.40239056944847107
6224816,-21.0,0.4163423776626587
6225696,-21.0,0.39343971014022827
6226742,-19.0,0.4326578974723816
6227562,-21.0,0.4177820384502411
6228386,-21.0,0.39166900515556335
6229268,-21.0,0.40513038635253906
6230087,-21.0,0.380069375038147
6230911,-21.0,0.4191911816596985
6231753,-20.0,0.39777103066444397
6232517,-21.0,0.37478452920913696
6233336,-21.0,0.3884606659412384
6234159,-21.0,0.38338881731033325
6235040,-21.0,0.37363529205322266
6235862,-21.0,0.36244696378707886
6236742,-21.0,0.4017415940761566
6237821,-19.0,0.38084128499031067
6238613,-21.0,0.4076407551765442
6239439,-21.0,0.39538952708244324
6240262,-21.0,0.3730729818344116
6241084,-21.0,0.43590375781059265
6241926,-20.0,0.41342002153396606
6242689,-21.0,0.3883626163005829
6243447,-21.0,0.39878442883491516
6244271,-21.0,0.3857513666152954
6245090,-21.0,0.3738090991973877
6245960,-20.0,0.46165522933006287
6246947,-20.0,0.45539307594299316
6247866,-20.0,0.39673545956611633
6248824,-20.0,0.4016556143760681
6249647,-21.0,0.41321730613708496
6250465,-21.0,0.42389294505119324
6251227,-21.0,0.37921154499053955
6252107,-21.0,0.428960382938385
6253175,-19.0,0.40095531940460205
6253934,-21.0,0.3478507697582245
6254785,-21.0,0.3607748746871948
6255609,-21.0,0.3899196982383728
6256428,-21.0,0.40570539236068726
6257247,-21.0,0.3956370949745178
6258069,-21.0,0.4179151654243469
6258829,-21.0,0.39993971586227417
6259674,-21.0,0.41643571853637695
6260494,-21.0,0.3910067081451416
6261258,-21.0,0.4179109036922455
6262160,-21.0,0.4154960513114929
6263061,-21.0,0.40308019518852234
6264037,-20.0,0.394417941570282
6264797,-21.0,0.36666083335876465
6265619,-21.0,0.41058042645454407
6266504,-21.0,0.38615262508392334
6267322,-21.0,0.39677906036376953
6268142,-21.0,0.429648220539093
6268965,-21.0,0.4101032614707947
6269728,-21.0,0.36298230290412903
6270550,-21.0,0.4259738028049469
6271374,-21.0,0.3809277415275574
6272199,-21.0,0.3492496907711029
6272959,-21.0,0.41389334201812744
6273779,-21.0,0.3508388102054596
6274687,-21.0,0.40089672803878784
6275505,-21.0,0.36206409335136414
6276262,-21.0,0.4209582805633545
6277317,-19.0,0.3797417879104614
6278143,-21.0,0.34997427463531494
6278906,-21.0,0.3957866430282593
6279694,-21.0,0.3915664851665497
6280648,-20.0,0.38312458992004395
6281469,-21.0,0.42396754026412964
6282292,-21.0,0.37472695112228394
6283138,-21.0,0.36445367336273193
6283900,-21.0,0.4011179804801941
6284826,-20.0,0.43269824981689453
6285583,-21.0,0.3879142701625824
6286420,-20.0,0.3736211061477661
6287243,-21.0,0.40649110078811646
6288067,-21.0,0.37369436025619507
6288888,-21.0,0.35966211557388306
6289670,-21.0,0.41079631447792053
6290492,-21.0,0.41656649112701416
6291277,-21.0,0.3946763277053833
6292100,-21.0,0.3739582896232605
6292858,-21.0,0.3544868230819702
6293681,-21.0,0.3768905699253082
6294505,-21.0,0.40682321786880493
6295330,-21.0,0.40256255865097046
6296088,-21.0,0.3785121738910675
6296850,-21.0,0.38256317377090454
6297707,-21.0,0.37938374280929565
6298532,-21.0,0.38326454162597656
6299356,-21.0,0.40698981285095215
6300179,-21.0,0.4069233536720276
6300940,-21.0,0.4065740704536438
6301781,-21.0,0.3778453469276428
6302651,-21.0,0.38540321588516235
6303596,-20.0,0.3635862171649933
6304476,-21.0,0.415484756231308
6305236,-21.0,0.38472414016723633
6306178,-21.0,0.38710224628448486
6306996,-21.0,0.36777472496032715
6307818,-21.0,0.3812437057495117
6308837,-20.0,0.3972699046134949
6309721,-21.0,0.3628454804420471
6310662,-21.0,0.3474491238594055
6311511,-21.0,0.3716687560081482
6312334,-21.0,0.4005330204963684
6313214,-21.0,0.41754814982414246
6314160,-21.0,0.38988322019577026
6314951,-21.0,0.38701629638671875
6315773,-21.0,0.405622273683548
6316625,-21.0,0.43051081895828247
6317474,-21.0,0.3995198905467987
6318295,-21.0,0.3962782025337219
6319194,-20.0,0.38478296995162964
6320019,-21.0,0.3697148561477661
6320856,-20.0,0.4084677994251251
6321677,-21.0,0.4122781753540039
6322517,-21.0,0.3974462151527405
6323368,-21.0,0.38055360317230225
6324131,-21.0,0.4098057448863983
6325011,-21.0,0.38118213415145874
6325934,-20.0,0.38693875074386597
6326756,-21.0,0.3965049982070923
6327698,-21.0,0.39368781447410583
6328517,-21.0,0.43080687522888184
6329340,-21.0,0.45795583724975586
6330163,-21.0,0.3664546608924866
6330921,-21.0,0.4195621609687805
6331683,-21.0,0.39814403653144836
6332507,-21.0,0.3878563940525055
6333333,-21.0,0.4624103009700775
6334094,-21.0,0.44008636474609375
6334912,-21.0,0.4351600408554077
6335798,-21.0,0.3449593782424927
6336621,-21.0,0.3987407684326172
6337381,-21.0,0.36181628704071045
6338205,-21.0,0.3751411437988281
6339054,-21.0,0.41369009017944336
6339997,-21.0,0.42731404304504395
6340761,-21.0,0.39684319496154785
6341581,-21.0,0.4027206003665924
6342479,-20.0,0.36278286576271057
6343363,-21.0,0.375417023897171
6344184,-21.0,0.37838077545166016
6345007,-21.0,0.4309943616390228
6345797,-21.0,0.41346555948257446
6346576,-21.0,0.408755898475647
6347399,-21.0,0.41202032566070557
6348220,-21.0,0.41647911071777344
6349037,-21.0,0.40925711393356323
6349799,-21.0,0.4139013886451721
6350622,-21.0,0.4020942151546478
6351502,-21.0,0.4145181179046631
6352439,-19.0,0.35284391045570374
6353275,-20.0,0.35930538177490234
6354096,-21.0,0.4078660011291504
6354981,-21.0,0.39812058210372925
6355816,-20.0,0.4029342830181122
6356806,-20.0,0.3814137578010559
6357628,-21.0,0.3952704668045044
6358453,-21.0,0.40230393409729004
6359347,-20.0,0.38313838839530945
6360139,-21.0,0.3754791021347046
6361005,-21.0,0.4164828062057495
6361826,-21.0,0.404726505279541
6362644,-21.0,0.39479413628578186
6363542,-21.0,0.41525334119796753
6364582,-19.0,0.3939051926136017
6365480,-21.0,0.3801783323287964
6366259,-21.0,0.3981720507144928
6367082,-21.0,0.3655533194541931
6367967,-21.0,0.3909373879432678
6368725,-21.0,0.40796181559562683
6369543,-21.0,0.39744094014167786
6370391,-21.0,0.41212406754493713
6371151,-21.0,0.3846657872200012
6372110,-20.0,0.35604000091552734
6372991,-21.0,0.39494574069976807
6373936,-21.0,0.38350147008895874
6374726,-21.0,0.4126893877983093
6375589,-20.0,0.37015455961227417
6376413,-21.0,0.440634548664093
6377233,-21.0,0.4051967263221741
6378074,-20.0,0.38634586334228516
6378899,-21.0,0.4303649663925171
6379717,-21.0,0.3886229693889618
6380541,-21.0,0.36878785490989685
6381362,-21.0,0.3922455906867981
6382338,-20.0,0.40358853340148926
6383156,-21.0,0.3765771985054016
6383997,-21.0,0.36812418699264526
6384849,-21.0,0.3867312967777252
6385731,-21.0,0.3600020110607147
6386552,-21.0,0.4131391644477844
6387375,-21.0,0.3489057719707489
6388227,-21.0,0.41772547364234924
6389111,-21.0,0.3784727156162262
6389929,-21.0,0.37920042872428894
6390769,-20.0,0.3964359164237976
6391587,-21.0,0.3944009840488434
6392434,-21.0,0.41587355732917786
6393257,-21.0,0.39718830585479736
6394092,-20.0,0.3616359233856201
6394973,-21.0,0.414161741733551
6395791,-21.0,0.36765941977500916
6396767,-20.0,0.4053209722042084
6397603,-20.0,0.3930038809776306
6398426,-21.0,0.3808061480522156
6399308,-21.0,0.38521838188171387
6400128,-21.0,0.3723098039627075
6400952,-21.0,0.3682136535644531
6401793,-21.0,0.36717987060546875
6402628,-20.0,0.44393715262413025
6403477,-21.0,0.4150436520576477
6404395,-19.0,0.41373223066329956
6405218,-21.0,0.3891211748123169
6406042,-21.0,0.39547914266586304
6406920,-21.0,0.43395158648490906
6407756,-21.0,0.35207030177116394
6408573,-21.0,0.36717817187309265
6409352,-21.0,0.4008323550224304
6410200,-21.0,0.4006979465484619
6411025,-21.0,0.3490595817565918
6411847,-21.0,0.4340241253376007
6412666,-21.0,0.3835572600364685
6413519,-21.0,0.38288211822509766
6414304,-21.0,0.3861100673675537
6415125,-21.0,0.4069666266441345
6415970,-21.0,0.3499966859817505
6416811,-21.0,0.37785804271698
6417709,-20.0,0.39867183566093445
6418530,-21.0,0.4099489450454712
6419372,-21.0,0.37822258472442627
6420192,-21.0,0.4079042971134186
6421043,-21.0,0.36974984407424927
6421806,-21.0,0.3820939064025879
6422784,-20.0,0.3932514786720276
6423543,-21.0,0.39119046926498413
6424486,-20.0,0.3654906153678894
6425306,-21.0,0.40531742572784424
6426128,-21.0,0.3681926131248474
6426916,-21.0,0.4026094079017639
6427737,-21.0,0.3670673370361328
6428498,-21.0,0.3775046467781067
6429283,-21.0,0.406167209148407
6430040,-21.0,0.3678510785102844
6430882,-20.0,0.3888813257217407
6431766,-21.0,0.435111403465271
6432591,-21.0,0.3933541774749756
6433475,-21.0,0.39669010043144226
6434294,-21.0,0.40136003494262695
6435117,-21.0,0.4103391766548157
6435955,-21.0,0.38719069957733154
6436913,-20.0,0.36978116631507874
6437763,-21.0,0.36190178990364075
6438583,-21.0,0.38814789056777954
6439405,-21.0,0.40939009189605713
6440254,-21.0,0.3512040078639984
6441076,-21.0,0.3958919048309326
6441901,-21.0,0.41211998462677
6442781,-21.0,0.3751007914543152
6443624,-21.0,0.4174807667732239
6444409,-21.0,0.39682888984680176
6445292,-21.0,0.40188634395599365
6446115,-21.0,0.4024251103401184
6446906,-21.0,0.3946568965911865
6447665,-21.0,0.4004697799682617
6448610,-20.0,0.4019388258457184
6449489,-21.0,0.38058996200561523
6450311,-21.0,0.39874836802482605
6451129,-21.0,0.414753794670105
6452058,-20.0,0.39234626293182373
6452879,-21.0,0.4138367176055908
6453729,-21.0,0.4085191786289215
6454548,-21.0,0.40200096368789673
6455525,-20.0,0.41779759526252747
6456349,-21.0,0.39206603169441223
6457168,-21.0,0.3996533155441284
6457991,-21.0,0.41164231300354004
6458753,-21.0,0.3587099313735962
6459592,-21.0,0.38889938592910767
6460852,-17.0,0.39774805307388306
6461673,-21.0,0.37571069598197937
6462524,-21.0,0.38151419162750244
6463284,-21.0,0.3857848644256592
6464134,-21.0,0.41587021946907043
6465111,-20.0,0.38033950328826904
6465971,-20.0,0.37387287616729736
6466812,-21.0,0.3610992431640625
6467629,-21.0,0.4131419062614441
6468925,-16.0,0.36203956604003906
6469743,-21.0,0.39667320251464844
6470628,-21.0,0.37974709272384644
6471453,-21.0,0.3616805076599121
6472276,-21.0,0.382010817527771
6473094,-21.0,0.38521257042884827
6473917,-21.0,0.3549647927284241
6474738,-21.0,0.39620736241340637
6475526,-21.0,0.4028690755367279
6476309,-21.0,0.3579411506652832
6477149,-21.0,0.41340669989585876
6477973,-21.0,0.40374332666397095
6478793,-21.0,0.37847235798835754
6479555,-21.0,0.3487933874130249
6480439,-21.0,0.3715782165527344
6481258,-21.0,0.4279085397720337
6482093,-20.0,0.3766319751739502
6482916,-21.0,0.4189895987510681
6483796,-21.0,0.42412814497947693
6484643,-21.0,0.3839971125125885
6485524,-21.0,0.40102797746658325
6486407,-21.0,0.37186408042907715
6487289,-21.0,0.393989622592926
6488125,-21.0,0.4264014959335327
6488913,-21.0,0.41020143032073975
6489733,-21.0,0.39339011907577515
6490553,-21.0,0.37548917531967163
6491373,-21.0,0.41915130615234375
6492192,-21.0,0.39051589369773865
6493010,-21.0,0.38088464736938477
6493861,-21.0,0.3741104304790497
6494681,-21.0,0.39270520210266113
6495565,-21.0,0.413219153881073
6496407,-21.0,0.36733323335647583
6497286,-21.0,0.3883548974990845
6498107,-21.0,0.3962537348270416
6498948,-21.0,0.4274734854698181
6499893,-21.0,0.4093136191368103
6500716,-21.0,0.4201260209083557
6501540,-21.0,0.39628803730010986
6502390,-21.0,0.37638533115386963
6503216,-21.0,0.3804827034473419
6504039,-21.0,0.43380314111709595
6504977,-21.0,0.3773999810218811
6505796,-21.0,0.3823353052139282
6506615,-21.0,0.3449104428291321
6507438,-21.0,0.4453394114971161
6508285,-21.0,0.38466161489486694
6509165,-21.0,0.4105238914489746
6510005,-21.0,0.3858754634857178
6510885,-21.0,0.3994413912296295
6511709,-21.0,0.38225120306015015
6512556,-21.0,0.422637403011322
6513377,-21.0,0.3967020511627197
6514197,-21.0,0.40441012382507324
6515047,-21.0,0.3792666494846344
6515930,-21.0,0.38458770513534546
6516750,-21.0,0.4166586697101593
6517541,-21.0,0.4007663130760193
6518367,-21.0,0.38463759422302246
6519251,-21.0,0.4639457166194916
6520356,-18.0,0.4017942249774933
6521206,-21.0,0.35755491256713867
6522031,-21.0,0.3664097785949707
6522823,-21.0,0.40931737422943115
6523703,-21.0,0.387724906206131
6524526,-21.0,0.3841603100299835
6525349,-21.0,0.36243167519569397
6526234,-20.0,0.3771374821662903
6527082,-21.0,0.3556405305862427
6527901,-21.0,0.3982352614402771
6528810,-21.0,0.40273770689964294
6529631,-21.0,0.35607242584228516
6530457,-21.0,0.37375587224960327
6531327,-20.0,0.4272803068161011
6532150,-21.0,0.3829614520072937
6532911,-21.0,0.39137178659439087
6533868,-21.0,0.37728649377822876
6534656,-21.0,0.3988526463508606
6535448,-21.0,0.3665289282798767
6536297,-21.0,0.45216482877731323
6537121,-21.0,0.38034456968307495
6537944,-21.0,0.4473450183868408
6538723,-21.0,0.4068428874015808
6539601,-21.0,0.3913193941116333
6540425,-21.0,0.37520456314086914
6541250,-21.0,0.403207004070282
6542068,-21.0,0.4457213878631592
6542887,-21.0,0.4291505813598633
6543708,-21.0,0.37427276372909546
6544669,-20.0,0.40316107869148254
6545505,-20.0,0.4127982258796692
6546325,-21.0,0.39093559980392456
6547087,-21.0,0.4293805956840515
6547907,-21.0,0.4105193614959717
6548726,-21.0,0.4106408357620239
6549549,-21.0,0.39173054695129395
6550373,-21.0,0.3918371796607971
6551160,-21.0,0.3876540958881378
6552098,-21.0,0.3845768868923187
6552857,-21.0,0.3653472065925598
6553785,-20.0,0.4155489206314087
6554608,-21.0,0.34094321727752686
6555490,-21.0,0.4146142899990082
6556406,-20.0,0.4083200693130493
6557259,-21.0,0.3920537233352661
6558077,-21.0,0.38624081015586853
6558901,-21.0,0.40860089659690857
6559722,-21.0,0.4029362201690674
6560606,-21.0,0.38843420147895813
6561548,-21.0,0.41866335272789
6562450,-20.0,0.38945403695106506
6563276,-21.0,0.3647305369377136
6564095,-21.0,0.40081337094306946
6565004,-21.0,0.37921130657196045
6565902,-20.0,0.3952893614768982
6566726,-21.0,0.3991439938545227
6567548,-21.0,0.3904494643211365
6568370,-21.0,0.38230133056640625
6569205,-20.0,0.3618466258049011
6570027,-21.0,0.3868863582611084
6570874,-21.0,0.404063880443573
6571815,-21.0,0.4286142587661743
6572635,-21.0,0.42317214608192444
6573459,-21.0,0.37928229570388794
6574279,-21.0,0.35603493452072144
6575116,-20.0,0.411548912525177
6575939,-21.0,0.4182225465774536
6576760,-21.0,0.4043694734573364
6577581,-21.0,0.4013962149620056
6578421,-20.0,0.4335722327232361
6579198,-21.0,0.35025423765182495
6579960,-21.0,0.4048311710357666
6580783,-21.0,0.40942108631134033
6581664,-21.0,0.41843247413635254
6582487,-21.0,0.352132111787796
6583311,-21.0,0.4003007411956787
6584156,-21.0,0.3961004614830017
6585039,-21.0,0.3766717314720154
6585862,-21.0,0.3918066620826721
6586806,-21.0,0.36892378330230713
6587691,-21.0,0.37849223613739014
6588511,-21.0,0.4126695394515991
6589331,-21.0,0.40519076585769653
6590168,-20.0,0.36645734310150146
6591021,-21.0,0.40675926208496094
6591965,-21.0,0.43755537271499634
6592885,-20.0,0.4139224886894226
6593856,-19.0,0.4202193319797516
6594735,-21.0,0.3877643346786499
6595493,-21.0,0.36256325244903564
6596313,-21.0,0.4242532551288605
6597137,-21.0,0.40107348561286926
6597960,-21.0,0.4402463436126709
6598915,-20.0,0.38560524582862854
6599732,-21.0,0.3846479058265686
6600552,-21.0,0.35564500093460083
6601369,-21.0,0.40752869844436646
6602156,-21.0,0.3717833161354065
6602975,-21.0,0.4140377640724182
6603737,-21.0,0.4502880871295929
6604557,-21.0,0.3938642740249634
6605317,-21.0,0.3937714099884033
6606137,-21.0,0.41041624546051025
6607003,-20.0,0.4043022096157074
6607882,-21.0,0.39571768045425415
6608720,-20.0,0.4103549122810364
6609660,-21.0,0.4285231828689575
6610479,-21.0,0.37824130058288574
6611298,-21.0,0.41035714745521545
6612120,-21.0,0.37799859046936035
6612938,-21.0,0.40075963735580444
6613776,-21.0,0.3447936177253723
6614656,-21.0,0.3953889012336731
6615475,-21.0,0.44284018874168396
6616232,-21.0,0.4287797212600708
6616991,-21.0,0.37771421670913696
6617842,-21.0,0.38617563247680664
6618679,-21.0,0.39636680483818054
6619497,-21.0,0.42227983474731445
6620286,-21.0,0.38709867000579834
6621109,-21.0,0.3877498507499695
6621931,-21.0,0.3761388957500458
6622750,-21.0,0.3734601140022278
6623568,-21.0,0.35744744539260864
6624478,-21.0,0.41299158334732056
6625292,-21.0,0.4049314856529236
6626084,-21.0,0.38893193006515503
6626969,-21.0,0.36735081672668457
6627786,-21.0,0.38085103034973145
6628667,-21.0,0.4171101748943329
6629490,-21.0,0.3885118365287781
6630309,-21.0,0.368041068315506
6631127,-21.0,0.3849438726902008
6631950,-21.0,0.41025465726852417
6632832,-21.0,0.4084809720516205
6633708,-21.0,0.38403403759002686
6634497,-21.0,0.3990252614021301
6635285,-21.0,0.4225013852119446
6636107,-21.0,0.3755667805671692
6636989,-21.0,0.38927850127220154
6637747,-21.0,0.4138568639755249
6638584,-20.0,0.41575106978416443
6639343,-21.0,0.36223068833351135
6640161,-21.0,0.37755072116851807
6641016,-20.0,0.3788226842880249
6641956,-21.0,0.3681492805480957
6642773,-21.0,0.3930501341819763
6643532,-21.0,0.3772016167640686
6644385,-21.0,0.3741167187690735
6645202,-21.0,0.3758452236652374
6646087,-21.0,0.40910184383392334
6646971,-21.0,0.4100836515426636
6647855,-21.0,0.37545210123062134
6648672,-21.0,0.36662182211875916
6649493,-21.0,0.4048628807067871
6650328,-21.0,0.37485119700431824
6651208,-21.0,0.41084450483322144
6652050,-20.0,0.4028387665748596
6652871,-21.0,0.3863546550273895
6653635,-21.0,0.3914393186569214
6654454,-21.0,0.39458024501800537
6655277,-21.0,0.4066363275051117
6656101,-21.0,0.4194377362728119
6656920,-21.0,0.39963358640670776
6657769,-21.0,0.39836564660072327
6658592,-21.0,0.4008527398109436
6659416,-21.0,0.3445720076560974
6660266,-21.0,0.36538249254226685
6661084,-21.0,0.3812863528728485
6661936,-21.0,0.4083861708641052
6662806,-20.0,0.3818475604057312
6663593,-21.0,0.39403021335601807
6664436,-21.0,0.38281887769699097
6665351,-20.0,0.4448370337486267
6666264,-21.0,0.4367939233779907
6667145,-21.0,0.39017021656036377
6668029,-21.0,0.37660712003707886
6668882,-21.0,0.39130017161369324
6669783,-20.0,0.377225399017334
6670664,-21.0,0.39349859952926636
6671483,-21.0,0.43104827404022217
6672308,-21.0,0.34352409839630127
6673130,-21.0,0.3929772973060608
6673951,-21.0,0.399772047996521
6674851,-21.0,0.3871219754219055
6675642,-21.0,0.39950039982795715
6676461,-21.0,0.3688175678253174
6677281,-21.0,0.37886881828308105
6678101,-21.0,0.3968680799007416
6678918,-21.0,0.4068658649921417
6679739,-21.0,0.4082603454589844
6680526,-21.0,0.4303877353668213
6681347,-21.0,0.3586527407169342
6682169,-21.0,0.41770172119140625
6682991,-21.0,0.3622490167617798
6683843,-21.0,0.38884854316711426
6684740,-20.0,0.42424947023391724
6685560,-21.0,0.3743330240249634
6686382,-21.0,0.39528149366378784
6687207,-21.0,0.39527052640914917
6688056,-21.0,0.4023118019104004
6688874,-21.0,0.4092075824737549
6689697,-21.0,0.37932610511779785
6690537,-21.0,0.3729671239852905
6691418,-21.0,0.3797522485256195
6692270,-21.0,0.3809830844402313
6693094,-21.0,0.3934869170188904
6693852,-21.0,0.37001368403434753
6694632,-21.0,0.37726038694381714
6695500,-21.0,0.3849678039550781
6696319,-21.0,0.351335734128952
6697232,-20.0,0.41476964950561523
6698073,-21.0,0.4129289984703064
6698896,-21.0,0.47356536984443665
6699714,-21.0,0.4055548906326294
6700595,-21.0,0.3858391344547272
6701416,-21.0,0.4039697051048279
6702234,-21.0,0.3831198811531067
6703118,-21.0,0.38010743260383606
6703998,-21.0,0.33719244599342346
6704834,-20.0,0.4046475291252136
6705653,-21.0,0.38318490982055664
6706487,-20.0,0.3859143555164337
6707419,-19.0,0.41948097944259644
6708266,-21.0,0.41512104868888855
6709149,-21.0,0.41485971212387085
6710034,-21.0,0.391556978225708
6710856,-21.0,0.3756698668003082
6711679,-21.0,0.40138113498687744
6712503,-21.0,0.37800389528274536
6713386,-21.0,0.42580968141555786
6714290,-21.0,0.3797190189361572
6715135,-21.0,0.3929353654384613
6716077,-21.0,0.41802555322647095
6716959,-21.0,0.4065382480621338
6717844,-21.0,0.42347562313079834
6718691,-21.0,0.3832327723503113
6719511,-21.0,0.3959087133407593
6720360,-21.0,0.3981102705001831
6721179,-21.0,0.41260144114494324
6722001,-21.0,0.41186267137527466
6722842,-20.0,0.39051759243011475
6723666,-21.0,0.3577074408531189
6724487,-21.0,0.4022095501422882
6725401,-20.0,0.3663487434387207
6726223,-21.0,0.3492155373096466
6727041,-21.0,0.3748452663421631
6727894,-21.0,0.41595959663391113
6728774,-21.0,0.36744123697280884
6729597,-21.0,0.3615646958351135
6730416,-21.0,0.4065437316894531
6731241,-21.0,0.3649124205112457
6732204,-20.0,0.4143449664115906
6733103,-21.0,0.3823128640651703
6733922,-21.0,0.35414057970046997
6734747,-21.0,0.395466685295105
6735593,-21.0,0.3772740364074707
6736460,-20.0,0.388843834400177
6737282,-21.0,0.39699479937553406
6738124,-21.0,0.40376561880111694
6738946,-21.0,0.40275999903678894
6739764,-21.0,0.36855560541152954
6740582,-21.0,0.4370822608470917
6741400,-21.0,0.3855854272842407
6742280,-21.0,0.445540189743042
6743103,-21.0,0.3890455365180969
6743864,-21.0,0.39891916513442993
6744715,-21.0,0.3832150399684906
6745596,-21.0,0.45433151721954346
6746386,-21.0,0.3935457170009613
6747178,-21.0,0.3927091360092163
6748152,-19.0,0.38047656416893005
6748976,-21.0,0.4120328426361084
6749829,-21.0,0.3776254951953888
6750587,-21.0,0.36752042174339294
6751626,-19.0,0.3375236988067627
6752446,-21.0,0.38089296221733093
6753269,-21.0,0.38204023241996765
6754054,-21.0,0.44240427017211914
6754903,-21.0,0.4234892725944519
6755723,-21.0,0.3785262405872345
6756545,-21.0,0.3813023269176483
6757369,-21.0,0.41609376668930054
6758192,-21.0,0.4301767945289612
6758980,-21.0,0.4620276093482971
6759817,-20.0,0.40326550602912903
6760736,-21.0,0.40428948402404785
6761557,-21.0,0.44841670989990234
6762377,-21.0,0.36865758895874023
6763200,-21.0,0.4246126115322113
6764048,-21.0,0.35152697563171387
6764874,-21.0,0.3967320919036865
6765693,-21.0,0.378673791885376
6766517,-21.0,0.40179091691970825
6767524,-20.0,0.4173628091812134
6768435,-21.0,0.428921639919281
6769225,-21.0,0.40542954206466675
6770070,-21.0,0.3879660665988922
6770920,-21.0,0.3671683669090271
6771740,-21.0,0.38431310653686523
6772562,-21.0,0.3933643698692322
6773382,-21.0,0.3946206271648407
6774206,-21.0,0.38179218769073486
6775140,-19.0,0.4065799117088318
6775961,-21.0,0.38795748353004456
6776785,-21.0,0.4298195242881775
6777622,-20.0,0.3961579203605652
6778444,-21.0,0.38138389587402344
6779269,-21.0,0.3995143175125122
6780090,-21.0,0.40323472023010254
6781008,-20.0,0.40458694100379944
6781827,-21.0,0.3843933343887329
6782646,-21.0,0.40460097789764404
6783433,-21.0,0.3847658038139343
6784319,-21.0,0.41658535599708557
6785165,-21.0,0.37169504165649414
6785985,-21.0,0.37318867444992065
6786804,-21.0,0.3703882694244385
6787624,-21.0,0.3811948895454407
6788443,-21.0,0.4186500906944275
6789266,-21.0,0.4179846942424774
6790084,-21.0,0.3535396158695221
6791130,-20.0,0.3964459300041199
6791891,-21.0,0.3828892111778259
6792713,-21.0,0.4192321002483368
6793471,-21.0,0.4093376398086548
6794295,-21.0,0.37904757261276245
6795116,-21.0,0.3588635325431824
6795940,-21.0,0.36403214931488037
6796762,-21.0,0.3940404951572418
6797586,-21.0,0.3999422490596771
6798435,-21.0,0.42339417338371277
6799382,-20.0,0.41308197379112244
6800206,-21.0,0.391063392162323
6801026,-21.0,0.38005322217941284
6801847,-21.0,0.3656771183013916
6802637,-21.0,0.41634947061538696
6803463,-21.0,0.42388856410980225
6804254,-21.0,0.3853038549423218
6805075,-21.0,0.3859657645225525
6805925,-21.0,0.3849952816963196
6806688,-21.0,0.3971662223339081
6807558,-20.0,0.3765880763530731
6808347,-21.0,0.38625967502593994
6809166,-21.0,0.39209550619125366
6809984,-21.0,0.37841564416885376
6810804,-21.0,0.4057163596153259
6811656,-21.0,0.4014361500740051
6812473,-21.0,0.40797972679138184
6813322,-21.0,0.362579882144928
6814147,-21.0,0.3828985095024109
6814908,-21.0,0.3562420904636383
6815729,-21.0,0.4100334048271179
6816547,-21.0,0.41968777775764465
6817367,-21.0,0.36207208037376404
6818155,-21.0,0.412930965423584
6819010,-21.0,0.3984379768371582
6819869,-20.0,0.40650883316993713
6820691,-21.0,0.3646177649497986
6821511,-21.0,0.3992089033126831
6822362,-21.0,0.4141905903816223
6823182,-21.0,0.3887366056442261
6824034,-21.0,0.42536643147468567
6824885,-21.0,0.4195123314857483
6825732,-21.0,0.36773914098739624
6826557,-21.0,0.3409501314163208
6827440,-21.0,0.4167245030403137
6828262,-21.0,0.37658393383026123
6829082,-21.0,0.35869908332824707
6829907,-21.0,0.3494301736354828
6830671,-21.0,0.33771294355392456
6831612,-20.0,0.38973110914230347
6832436,-21.0,0.4115193486213684
6833194,-21.0,0.38758400082588196
6833955,-21.0,0.4238666296005249
6834774,-21.0,0.4056466221809387
6835556,-21.0,0.3835718035697937
6836452,-20.0,0.3637714982032776
6837273,-21.0,0.4004344344139099
6838091,-21.0,0.3605401813983917
6838913,-21.0,0.3759089708328247
6839796,-21.0,0.41548365354537964
6840588,-21.0,0.40917539596557617
6841413,-21.0,0.36558419466018677
6842357,-21.0,0.3870706856250763
6843204,-21.0,0.3813934326171875
6843985,-21.0,0.4396362900733948
6844823,-21.0,0.3889254331588745
6845587,-21.0,0.4128509759902954
6846408,-21.0,0.3828471302986145
6847167,-21.0,0.40510332584381104
6848172,-20.0,0.38217052817344666
6848993,-21.0,0.39525294303894043
6849862,-20.0,0.4301460087299347
6850623,-21.0,0.4241209626197815
6851443,-21.0,0.4175172448158264
6852282,-20.0,0.35024794936180115
6853040,-21.0,0.37804216146469116
6853861,-21.0,0.4188508987426758
6854680,-21.0,0.43324464559555054
6855501,-21.0,0.3869013786315918
6856340,-20.0,0.3828248381614685
6857165,-21.0,0.4045572876930237
6858013,-21.0,0.3849009871482849
6858834,-21.0,0.38990873098373413
6859656,-21.0,0.41525471210479736
6860596,-21.0,0.3924081325531006
6861505,-21.0,0.39152005314826965
6862294,-21.0,0.36147308349609375
6863119,-21.0,0.4056912064552307
6863940,-21.0,0.389035165309906
6864762,-21.0,0.4180848002433777
6865519,-21.0,0.42988085746765137
6866400,-21.0,0.3820146918296814
6867158,-21.0,0.3817509412765503
6867979,-21.0,0.4384399652481079
6868819,-21.0,0.4234279990196228
6869667,-21.0,0.41221171617507935
6870490,-21.0,0.3387737274169922
6871340,-21.0,0.39764970541000366
6872164,-21.0,0.37052226066589355
6873090,-20.0,0.41861942410469055
6873910,-21.0,0.39781031012535095
6874751,-20.0,0.37939316034317017
6875575,-21.0,0.3772766888141632
6876400,-21.0,0.37697282433509827
6877181,-21.0,0.4066089391708374
6878062,-21.0,0.37403854727745056
6878947,-21.0,0.3898595869541168
6879766,-21.0,0.367733359336853
6880585,-21.0,0.34613096714019775
6881402,-21.0,0.3940107822418213
6882241,-20.0,0.3751608729362488
6883004,-21.0,0.3919198513031006
6883766,-21.0,0.3889404535293579
6884592,-21.0,0.4029083251953125
6885478,-21.0,0.35804224014282227
6886329,-21.0,0.42507699131965637
6887150,-21.0,0.37773382663726807
6887912,-21.0,0.42736268043518066
6888731,-21.0,0.423775851726532
6889550,-21.0,0.38575154542922974
6890371,-21.0,0.3685871958732605
6891256,-21.0,0.39308592677116394
6892080,-21.0,0.42660173773765564
6892928,-21.0,0.3937055468559265
6893745,-21.0,0.37603145837783813
6894536,-21.0,0.4153343439102173
6895360,-21.0,0.4194755554199219
6896179,-21.0,0.3554624915122986
6896996,-21.0,0.366969496011734
6897877,-21.0,0.42129892110824585
6898701,-21.0,0.37439069151878357
6899459,-21.0,0.3876815438270569
6900337,-21.0,0.4088887870311737
6901215,-21.0,0.4026731252670288
6902096,-21.0,0.4059629738330841
6903010,-20.0,0.40357935428619385
6903832,-21.0,0.41866111755371094
6904775,-21.0,0.3739241063594818
6905599,-21.0,0.411842942237854
6906421,-21.0,0.36964696645736694
6907229,-21.0,0.37316033244132996
6908017,-21.0,0.38828200101852417
6908929,-20.0,0.3903815746307373
6909886,-20.0,0.3987581729888916
6910766,-21.0,0.40682777762413025
6911585,-21.0,0.40483516454696655
6912409,-21.0,0.41023001074790955
6913247,-21.0,0.371650367975235
6914037,-21.0,0.3974030613899231
6914918,-21.0,0.4249042272567749
6915814,-20.0,0.3480895757675171
6916730,-20.0,0.376220703125
6917549,-21.0,0.366083025932312
6918372,-21.0,0.3629724979400635
6919349,-20.0,0.41303661465644836
6920246,-20.0,0.4364519715309143
6921094,-21.0,0.3777068257331848
6921917,-21.0,0.38190707564353943
6922734,-21.0,0.3694685697555542
6923551,-21.0,0.3994767665863037
6924308,-21.0,0.3668326437473297
6925189,-21.0,0.37559521198272705
6926107,-20.0,0.3631664216518402
6926924,-21.0,0.3998013734817505
6927801,-21.0,0.38421830534935
6928698,-20.0,0.4137426018714905
6929643,-21.0,0.38452738523483276
6930521,-21.0,0.4047653079032898
6931541,-20.0,0.4121261537075043
6932436,-20.0,0.40249162912368774
6933256,-21.0,0.3852294683456421
6934106,-21.0,0.40741491317749023
6934924,-21.0,0.3753893971443176
6935743,-21.0,0.3941446840763092
6936563,-21.0,0.40852057933807373
6937386,-21.0,0.37857577204704285
6938266,-21.0,0.38951432704925537
6939168,-21.0,0.41420626640319824
6939990,-21.0,0.39842331409454346
6940808,-21.0,0.37285757064819336
6941598,-21.0,0.3796995282173157
6942523,-20.0,0.393194317817688
6943343,-21.0,0.3481013774871826
6944245,-21.0,0.38454747200012207
6945146,-20.0,0.4504624009132385
6945964,-21.0,0.3788760006427765
6946984,-20.0,0.35476040840148926
6947801,-21.0,0.38515496253967285
6948625,-21.0,0.38530099391937256
6949447,-21.0,0.3844532370567322
6950301,-21.0,0.4340529143810272
6951124,-21.0,0.39699622988700867
6951970,-21.0,0.3748137950897217
6952822,-21.0,0.42552733421325684
6953732,-21.0,0.361361563205719
6954553,-21.0,0.38455730676651
6955403,-21.0,0.36589622497558594
6956221,-21.0,0.4060972034931183
6957159,-21.0,0.40119266510009766
6958146,-20.0,0.40974289178848267
6959028,-21.0,0.3914070725440979
6959873,-21.0,0.377938836812973
6960695,-21.0,0.37586039304733276
6961516,-21.0,0.38692569732666016
6962400,-21.0,0.3822009861469269
6963317,-20.0,0.44939854741096497
6964140,-21.0,0.413881778717041
6965114,-19.0,0.41875213384628296
6965933,-21.0,0.37672388553619385
6966815,-21.0,0.33959513902664185
6967698,-21.0,0.40289974212646484
6968519,-21.0,0.358489990234375
6969427,-21.0,0.3795755207538605
6970246,-21.0,0.3976394534111023
6971155,-21.0,0.3813849091529846
6971980,-21.0,0.39106473326683044
6972922,-21.0,0.3537575900554657
6973927,-20.0,0.41196364164352417
6974891,-19.0,0.3622756004333496
6975714,-21.0,0.3779411315917969
6976534,-21.0,0.3783337473869324
6977382,-21.0,0.37613624334335327
6978399,-20.0,0.43157392740249634
6979217,-21.0,0.41837894916534424
6980101,-21.0,0.4188772439956665
6980937,-20.0,0.4074241518974304
6981760,-21.0,0.4066447615623474
6982581,-21.0,0.40542280673980713
6983505,-20.0,0.38137316703796387
6984331,-21.0,0.391620934009552
6985155,-21.0,0.39556407928466797
6985917,-21.0,0.3719920516014099
6986740,-21.0,0.3645930290222168
6987590,-21.0,0.382210373878479
6988409,-21.0,0.399802565574646
6989353,-21.0,0.3911086320877075
6990174,-21.0,0.4284079074859619
6991155,-20.0,0.39832666516304016
6992000,-21.0,0.41771477460861206
6992848,-21.0,0.40557777881622314
6993671,-21.0,0.38615086674690247
6994489,-21.0,0.4284765124320984
6995328,-21.0,0.4171571135520935
6996090,-21.0,0.35715824365615845
6996943,-21.0,0.3979847729206085
6997868,-20.0,0.37051594257354736
6998692,-21.0,0.3543030321598053
6999508,-21.0,0.37528854608535767
7000387,-21.0,0.4275590181350708
7001331,-21.0,0.35088762640953064
7002153,-21.0,0.39637213945388794
7002974,-21.0,0.42002537846565247
7003791,-21.0,0.4335508942604065
7004612,-21.0,0.3958297371864319
7005551,-21.0,0.41129618883132935
7006313,-21.0,0.4142133593559265
7007136,-21.0,0.38257893919944763
7007913,-21.0,0.38587337732315063
7008908,-19.0,0.38895004987716675
7010603,-11.0,0.41733628511428833
7011534,-21.0,0.4231243133544922
7012356,-21.0,0.3600125312805176
7013176,-21.0,0.3813427686691284
7014028,-21.0,0.35153642296791077
7014803,-21.0,0.3473588824272156
7015624,-21.0,0.3837457597255707
7016447,-21.0,0.3860914409160614
7017328,-21.0,0.3682778477668762
7018090,-21.0,0.4583016037940979
7018907,-21.0,0.4054079055786133
7019832,-20.0,0.3798525333404541
7020715,-21.0,0.4114263653755188
7021538,-21.0,0.4163983166217804
7022362,-21.0,0.37242555618286133
7023119,-21.0,0.3685153126716614
7023937,-21.0,0.35624444484710693
7024777,-21.0,0.38285505771636963
7025596,-21.0,0.3752521872520447
7026418,-21.0,0.380502849817276
7027256,-21.0,0.41773414611816406
7028075,-21.0,0.4134131073951721
7028899,-21.0,0.39001938700675964
7029722,-21.0,0.3978843688964844
7030542,-21.0,0.40735167264938354
7031451,-21.0,0.3725791573524475
7032270,-21.0,0.3685351610183716
7033148,-21.0,0.39349719882011414
7033965,-21.0,0.38641273975372314
7034845,-21.0,0.36558449268341064
7035670,-21.0,0.4041152000427246
7036877,-18.0,0.3609103858470917
7037753,-21.0,0.4262448251247406
7038601,-21.0,0.406477153301239
7039448,-21.0,0.36506718397140503
7040294,-21.0,0.4229458272457123
7041072,-21.0,0.3901963531970978
7042282,-18.0,0.3792816698551178
7043161,-21.0,0.4181637167930603
7043947,-21.0,0.41302502155303955
7044770,-21.0,0.3834741413593292
7045589,-21.0,0.37388575077056885
7046502,-21.0,0.3644060790538788
7047327,-21.0,0.3860470950603485
7048177,-21.0,0.3612631559371948
7049059,-21.0,0.40394139289855957
7049883,-21.0,0.3891417384147644
7050701,-21.0,0.411065936088562
7051459,-21.0,0.40538811683654785
7052322,-20.0,0.4528158903121948
7053145,-21.0,0.4327903091907501
7053903,-21.0,0.41162580251693726
7054694,-21.0,0.3686676025390625
7055517,-21.0,0.39476609230041504
7056336,-21.0,0.38565436005592346
7057160,-21.0,0.3871862292289734
7057980,-21.0,0.4715674817562103
7058862,-21.0,0.4203031063079834
7059687,-21.0,0.4344092011451721
7060786,-19.0,0.38244128227233887
7061607,-21.0,0.3613816499710083
7062741,-18.0,0.4033641219139099
7063564,-21.0,0.38471049070358276
7064384,-21.0,0.36572232842445374
7065205,-21.0,0.4075081944465637
7066029,-21.0,0.3860582709312439
7066851,-21.0,0.3588868975639343
7067734,-21.0,0.3864727020263672
7068554,-21.0,0.4093746840953827
7069399,-21.0,0.38394200801849365
7070222,-21.0,0.412387490272522
7071307,-20.0,0.34478306770324707
7072065,-21.0,0.40798574686050415
7072883,-21.0,0.3767164647579193
7073701,-21.0,0.3853706121444702
7074621,-20.0,0.4166969358921051
7075438,-21.0,0.42500001192092896
7076379,-21.0,0.38043642044067383
7077200,-21.0,0.3408292829990387
7078025,-21.0,0.38790106773376465
7078905,-21.0,0.3953004777431488
7079832,-20.0,0.3633478879928589
7080652,-21.0,0.4018687903881073
7081497,-21.0,0.36548876762390137
7082314,-21.0,0.40527328848838806
7083134,-21.0,0.33352094888687134
7084018,-21.0,0.4202248156070709
7084838,-21.0,0.3825714886188507
7085630,-21.0,0.4046076834201813
7086572,-21.0,0.4083346128463745
7087488,-20.0,0.3868124485015869
7088314,-21.0,0.392877459526062
7089217,-20.0,0.3941788077354431
7090038,-21.0,0.413331001996994
7090886,-21.0,0.4109060764312744
7091676,-21.0,0.3782503008842468
7092493,-21.0,0.42035114765167236
7093313,-21.0,0.3926215171813965
7094132,-21.0,0.3852486312389374
7095033,-20.0,0.3752046227455139
7095941,-21.0,0.3699582517147064
7096761,-21.0,0.39339569211006165
7097641,-21.0,0.3976384997367859
7098462,-21.0,0.40833646059036255
7099281,-21.0,0.4309948682785034
7100329,-19.0,0.38528138399124146
7101086,-21.0,0.4006069004535675
7101868,-21.0,0.41051536798477173
7102691,-21.0,0.3955434262752533
7103509,-21.0,0.4013225734233856
7104334,-21.0,0.39453089237213135
7105092,-21.0,0.3961251378059387
7105917,-21.0,0.4348115921020508
7106742,-21.0,0.39268559217453003
7107534,-21.0,0.38250890374183655
7108312,-21.0,0.4275643825531006
7109136,-21.0,0.3765074610710144
7110033,-20.0,0.3943367004394531
7110858,-21.0,0.36864596605300903
7111705,-21.0,0.37427932024002075
7112527,-21.0,0.4078522324562073
7113351,-21.0,0.37156569957733154
7114142,-21.0,0.3848060369491577
7114982,-20.0,0.3902374505996704
7115807,-21.0,0.4247759282588959
7116691,-21.0,0.3570878505706787
7117514,-21.0,0.38389867544174194
7118335,-21.0,0.4132160246372223
7119125,-21.0,0.43126794695854187
7119887,-21.0,0.41332393884658813
7120710,-21.0,0.3794066905975342
7121470,-21.0,0.4131741523742676
7122233,-21.0,0.37723031640052795
7123050,-21.0,0.4052318334579468
7123873,-21.0,0.40824005007743835
7124788,-20.0,0.37278491258621216
7125607,-21.0,0.3618616461753845
7126364,-21.0,0.3819596767425537
7127199,-20.0,0.3993453085422516
7128083,-21.0,0.3892415165901184
7128931,-21.0,0.40254801511764526
7129751,-21.0,0.3842695355415344
7130596,-21.0,0.42172789573669434
7131379,-21.0,0.37706589698791504
7132143,-21.0,0.39658626914024353
7133024,-21.0,0.39952993392944336
7133786,-21.0,0.3806697130203247
7134605,-21.0,0.37449750304222107
7135426,-21.0,0.3483210802078247
7136203,-21.0,0.38648492097854614
7137219,-20.0,0.41818946599960327
7138064,-21.0,0.4072224795818329
7139006,-21.0,0.37502068281173706
7139854,-21.0,0.3695216178894043
7140632,-21.0,0.3775336444377899
7141454,-21.0,0.3971196115016937
7142385,-20.0,0.4074666202068329
7143277,-20.0,0.39790818095207214
7144100,-21.0,0.43041035532951355
7144950,-21.0,0.40146148204803467
7145938,-20.0,0.37498825788497925
7146761,-21.0,0.409798800945282
7147584,-21.0,0.42376047372817993
7148372,-21.0,0.41765835881233215
7149256,-21.0,0.4144768714904785
7150115,-21.0,0.4249686002731323
7150963,-21.0,0.36556196212768555
7151815,-21.0,0.3872654438018799
7152666,-21.0,0.40384525060653687
7153516,-21.0,0.4111114740371704
7154417,-20.0,0.3923204839229584
7155296,-21.0,0.38244473934173584
7156084,-21.0,0.37542733550071716
7156934,-21.0,0.423946738243103
7157758,-21.0,0.3798329830169678
7158535,-21.0,0.3675694465637207
7159386,-21.0,0.40552300214767456
7160319,-20.0,0.3900241255760193
7161139,-21.0,0.3864080309867859
7161979,-21.0,0.3983697295188904
7162803,-21.0,0.36926645040512085
7163649,-21.0,0.411145955324173
7164466,-21.0,0.4027508795261383
7165308,-20.0,0.34787797927856445
7166155,-21.0,0.4006308913230896
7166977,-21.0,0.37644562125205994
7167769,-21.0,0.35931381583213806
7168620,-21.0,0.3525642156600952
7169483,-20.0,0.3866489827632904
7170303,-21.0,0.3974592685699463
7171234,-20.0,0.41089412569999695
7172203,-19.0,0.4019504189491272
7173052,-21.0,0.3890801668167114
7173871,-21.0,0.4058195948600769
7174691,-21.0,0.42897751927375793
7175619,-20.0,0.3660806715488434
7176383,-21.0,0.40173643827438354
7177207,-21.0,0.3891400098800659
7178089,-21.0,0.3915043771266937
7178908,-21.0,0.3730766177177429
7179732,-21.0,0.3613016605377197
7180557,-21.0,0.3971708416938782
7181377,-21.0,0.39473146200180054
7182261,-21.0,0.378919392824173
7183087,-21.0,0.3761254549026489
7183911,-21.0,0.43152499198913574
7184734,-21.0,0.39798831939697266
7185586,-21.0,0.3980579972267151
7186346,-21.0,0.38226741552352905
7187187,-21.0,0.3585314154624939
7187975,-21.0,0.41421282291412354
7188800,-21.0,0.4037327766418457
7189621,-21.0,0.42871809005737305
7190442,-21.0,0.3818051815032959
7191267,-21.0,0.3863051235675812
7192149,-21.0,0.37704217433929443
7192972,-21.0,0.39731502532958984
7193793,-21.0,0.4136848449707031
7194615,-21.0,0.38344380259513855
7195452,-20.0,0.4003661870956421
7196244,-21.0,0.3846374452114105
7197129,-21.0,0.405460923910141
7197948,-21.0,0.39964354038238525
7198787,-21.0,0.3814677596092224
7199671,-21.0,0.3872882127761841
7200524,-21.0,0.37964582443237305
7201282,-21.0,0.3661900758743286
7202103,-21.0,0.39185965061187744
7202928,-21.0,0.4088436961174011
7203808,-21.0,0.44351810216903687
7204655,-21.0,0.37549227476119995
7205538,-21.0,0.39077723026275635
7206563,-19.0,0.38957053422927856
7207443,-21.0,0.37779873609542847
7208235,-21.0,0.37528136372566223
7209054,-21.0,0.37554049491882324
7209879,-21.0,0.39695122838020325
7210703,-21.0,0.3940665125846863
7211521,-21.0,0.39549219608306885
7212399,-21.0,0.3733327388763428
7213278,-21.0,0.4109014868736267
7214069,-21.0,0.36433273553848267
7214830,-21.0,0.3913896977901459
7215622,-21.0,0.4038810729980469
7216473,-21.0,0.3870528042316437
7217294,-21.0,0.40918397903442383
7218115,-21.0,0.40476053953170776
7218872,-21.0,0.3521946966648102
7219632,-21.0,0.3819728493690491
7220456,-21.0,0.39173340797424316
7221357,-20.0,0.3923187255859375
7222175,-21.0,0.38166314363479614
7223021,-21.0,0.4734397530555725
7223843,-21.0,0.3973429203033447
7224661,-21.0,0.37036454677581787
7225483,-21.0,0.3957640528678894
7226303,-21.0,0.4003850817680359
7227086,-21.0,0.38741910457611084
7227908,-21.0,0.4235897660255432
7228731,-21.0,0.3973049521446228
7229551,-21.0,0.35777410864830017
7230402,-21.0,0.41915786266326904
7231193,-21.0,0.42252546548843384
7232028,-20.0,0.3956541419029236
7232878,-21.0,0.41886216402053833
7233726,-21.0,0.3676094710826874
7234546,-21.0,0.37879085540771484
7235308,-21.0,0.3838374614715576
7236129,-21.0,0.3690189719200134
7236950,-21.0,0.402241051197052
7237774,-21.0,0.4182416796684265
7238596,-21.0,0.39387044310569763
7239420,-21.0,0.3837597966194153
7240238,-21.0,0.4168921411037445
7241063,-21.0,0.39663469791412354
7242088,-19.0,0.3886573612689972
7242911,-21.0,0.3800307512283325
7243796,-21.0,0.3584699034690857
7244553,-21.0,0.39135199785232544
7245376,-21.0,0.421306848526001
7246372,-19.0,0.40505895018577576
7247193,-21.0,0.40768688917160034
7248014,-21.0,0.3829203248023987
7248805,-21.0,0.37133538722991943
7249689,-21.0,0.3941839039325714
7250507,-21.0,0.40277600288391113
7251326,-21.0,0.3857719600200653
7252147,-21.0,0.39594000577926636
7252970,-21.0,0.4158307909965515
7253822,-21.0,0.3985085189342499
7254644,-21.0,0.3654753565788269
7255465,-21.0,0.4041973948478699
7256291,-21.0,0.3375416696071625
7257111,-21.0,0.39466360211372375
7258030,-20.0,0.3896270990371704
7258881,-21.0,0.3801862299442291
7259640,-21.0,0.3449033200740814
7260419,-21.0,0.4052780270576477
7261272,-21.0,0.38312822580337524
7262064,-21.0,0.38004830479621887
7262888,-21.0,0.4269794225692749
7263803,-20.0,0.39713722467422485
7264747,-21.0,0.4136740565299988
7265626,-21.0,0.36140477657318115
7266507,-21.0,0.4028424918651581
7267421,-21.0,0.4293648600578308
7268245,-21.0,0.4103342294692993
7269086,-20.0,0.38116028904914856
7269911,-21.0,0.3796178102493286
7270673,-21.0,0.40210598707199097
7271460,-21.0,0.3703531324863434
7272445,-20.0,0.3902563750743866
7273290,-21.0,0.4106852412223816
7274110,-21.0,0.4011971652507782
7274990,-21.0,0.3929084539413452
7275809,-21.0,0.43160247802734375
7276627,-21.0,0.4034667909145355
7277448,-21.0,0.40186282992362976
7278270,-21.0,0.4274071455001831
7279149,-21.0,0.38760262727737427
7280069,-20.0,0.37453290820121765
7280888,-21.0,0.41222909092903137
7281967,-19.0,0.41219890117645264
7282789,-21.0,0.39262664318084717
7283610,-21.0,0.39632776379585266
7284430,-21.0,0.38833877444267273
7285249,-21.0,0.3828839957714081
7286129,-21.0,0.38319575786590576
7286949,-21.0,0.41956841945648193
7287767,-21.0,0.3971274793148041
7288592,-21.0,0.45671403408050537
7289414,-21.0,0.3753381371498108
7290239,-21.0,0.3863871097564697
7291180,-21.0,0.404765248298645
7292063,-21.0,0.37750157713890076
7292882,-21.0,0.35023629665374756
7293946,-21.0,0.3872767686843872
7294826,-21.0,0.42434269189834595
7295671,-21.0,0.34348684549331665
7296579,-21.0,0.3966338038444519
7297403,-21.0,0.4116225242614746
7298344,-21.0,0.42596161365509033
7299162,-21.0,0.3598918914794922
7300200,-20.0,0.4091419279575348
7301036,-21.0,0.40560266375541687
7301874,-20.0,0.4081100821495056
7302809,-19.0,0.4156121015548706
7303633,-21.0,0.42641350626945496
7304609,-20.0,0.3675517439842224
7305433,-21.0,0.39069798588752747
7306287,-21.0,0.40265953540802
7307108,-21.0,0.3267372250556946
7307894,-21.0,0.3694015145301819
7308716,-21.0,0.3697011470794678
7309563,-21.0,0.41001418232917786
7310410,-21.0,0.3876986503601074
7311290,-21.0,0.37574464082717896
7312109,-21.0,0.3909846842288971
7313269,-20.0,0.4236025810241699
7314146,-21.0,0.3804870843887329
7314910,-21.0,0.40660780668258667
7315732,-21.0,0.3866954445838928
7316552,-21.0,0.39177995920181274
7317377,-21.0,0.40499234199523926
7318225,-21.0,0.37600451707839966
7319107,-21.0,0.3803478479385376
7319930,-21.0,0.4030221700668335
7320748,-21.0,0.42368054389953613
7321569,-21.0,0.3986418843269348
7322500,-20.0,0.3748823404312134
7323323,-21.0,0.41752389073371887
7324146,-21.0,0.38087379932403564
7324968,-21.0,0.3953487277030945
7325727,-21.0,0.3820640742778778
7326550,-21.0,0.4010327160358429
7327374,-21.0,0.3717794716358185
7328192,-21.0,0.3692408800125122
7329010,-21.0,0.38512521982192993
7329895,-21.0,0.3719339370727539
7330656,-21.0,0.37246739864349365
7331476,-21.0,0.4112752079963684
7332423,-21.0,0.40069854259490967
7333185,-21.0,0.3568004071712494
7333961,-21.0,0.40372902154922485
7334907,-20.0,0.38372811675071716
7335789,-21.0,0.42877429723739624
7336612,-21.0,0.3448694348335266
7337431,-21.0,0.3984198570251465
7338277,-21.0,0.4045308232307434
7339096,-21.0,0.39775407314300537
7339975,-21.0,0.40809279680252075
7340798,-21.0,0.40373948216438293
7341811,-19.0,0.3904411196708679
7342632,-21.0,0.4139605164527893
7343391,-21.0,0.4288274049758911
7344214,-21.0,0.3861285448074341
7345033,-21.0,0.37664130330085754
7346009,-20.0,0.35931992530822754
7346857,-21.0,0.3961496353149414
7347674,-21.0,0.39703384041786194
7348496,-21.0,0.3755795955657959
7349320,-21.0,0.4088311493396759
7350139,-21.0,0.3648872971534729
7350961,-21.0,0.38727545738220215
7351828,-20.0,0.41668587923049927
7352710,-21.0,0.3622142970561981
7353532,-21.0,0.3748082220554352
7354349,-21.0,0.36629319190979004
7355169,-21.0,0.41685429215431213
7356105,-19.0,0.386634886264801
7357096,-19.0,0.4066994786262512
7357920,-21.0,0.41325151920318604
7358742,-21.0,0.40309059619903564
7359530,-21.0,0.38947564363479614
7360338,-21.0,0.38303014636039734
7361340,-21.0,0.4001181721687317
7362164,-21.0,0.3494936227798462
7362925,-21.0,0.40438032150268555
7363868,-21.0,0.4066658020019531
7364750,-21.0,0.40081319212913513
7365508,-21.0,0.3941475749015808
7366269,-21.0,0.3644897937774658
7367180,-21.0,0.37899845838546753
7367971,-21.0,0.364648699760437
7368911,-21.0,0.4074486196041107
7369734,-21.0,0.3923175036907196
7370585,-21.0,0.36335107684135437
7371431,-21.0,0.3845306634902954
7372284,-21.0,0.3775288462638855
7373108,-21.0,0.3628424108028412
7373870,-21.0,0.38730448484420776
7374656,-21.0,0.4021778702735901
7375503,-21.0,0.3952381908893585
7376320,-21.0,0.39356040954589844
7377109,-21.0,0.3421064615249634
7377866,-21.0,0.41871750354766846
7378626,-21.0,0.36633795499801636
7379507,-21.0,0.42554980516433716
7380300,-21.0,0.38740071654319763
7381161,-21.0,0.3872765302658081
7381922,-21.0,0.38646751642227173
7382747,-21.0,0.4082406759262085
7383507,-21.0,0.35885918140411377
7384294,-21.0,0.3850718140602112
7385113,-21.0,0.4150133728981018
7385875,-21.0,0.42316532135009766
7386636,-21.0,0.4237605035305023
7387459,-21.0,0.40280038118362427
7388221,-21.0,0.387836217880249
7389046,-21.0,0.35268229246139526
7389807,-21.0,0.385302871465683
7390593,-21.0,0.37061724066734314
7391430,-20.0,0.3849762976169586
7392192,-21.0,0.37705206871032715
7392956,-21.0,0.3762645721435547
7393745,-21.0,0.35482126474380493
7394564,-21.0,0.375540167093277
7395427,-20.0,0.3589291274547577
7396271,-21.0,0.44199907779693604
7397029,-21.0,0.3891494870185852
7397883,-21.0,0.3502635955810547
7398784,-20.0,0.37914854288101196
7399626,-21.0,0.39363738894462585
7400472,-21.0,0.38421040773391724
7401316,-20.0,0.44115325808525085
7402107,-21.0,0.353285014629364
7402925,-21.0,0.3736150562763214
7403744,-21.0,0.39289209246635437
7404701,-20.0,0.3949059844017029
7405554,-21.0,0.40382280945777893
7406318,-21.0,0.43639320135116577
7407140,-21.0,0.37079596519470215
7408054,-21.0,0.39092394709587097
7409034,-20.0,0.38680094480514526
7409816,-21.0,0.36989131569862366
7410636,-21.0,0.35303187370300293
7411419,-21.0,0.40955179929733276
7412303,-21.0,0.41599154472351074
7413124,-21.0,0.43589335680007935
7414035,-21.0,0.3920719027519226
7414918,-21.0,0.3778209686279297
7415742,-21.0,0.35530441999435425
7416625,-21.0,0.3672524392604828
7417532,-21.0,0.3774104118347168
7418352,-21.0,0.36836791038513184
7419230,-21.0,0.38468509912490845
7420110,-21.0,0.3886352777481079
7420963,-21.0,0.4009411931037903
7422001,-20.0,0.3573249876499176
7422824,-21.0,0.38846439123153687
7423604,-21.0,0.4183924198150635
7424391,-21.0,0.3290698230266571
7425245,-21.0,0.3596675395965576
7426067,-21.0,0.38982531428337097
7426886,-21.0,0.37825947999954224
7427709,-21.0,0.3927777409553528
7428595,-21.0,0.43370115756988525
7429417,-21.0,0.3848557472229004
7430266,-21.0,0.41065892577171326
7431088,-21.0,0.40003424882888794
7431936,-21.0,0.37711095809936523
7432785,-21.0,0.37334781885147095
7433919,-18.0,0.4145664572715759
7434743,-21.0,0.36184459924697876
7435506,-21.0,0.4087868630886078
7436283,-21.0,0.38204026222229004
7437071,-21.0,0.4044830799102783
7437846,-21.0,0.42637646198272705
7438668,-21.0,0.4309638440608978
7439485,-21.0,0.3806226849555969
7440304,-21.0,0.4070139229297638
7441126,-21.0,0.35722121596336365
7442007,-21.0,0.3595254719257355
7442978,-19.0,0.3762024939060211
7443798,-21.0,0.3606620728969574
7444585,-21.0,0.41561976075172424
7445408,-21.0,0.3835716247558594
7446233,-21.0,0.3429405391216278
7447055,-21.0,0.4052460789680481
7447854,-21.0,0.3922542333602905
7448678,-21.0,0.3920630216598511
7449499,-21.0,0.4014814496040344
7450385,-21.0,0.3729148209095001
7451209,-21.0,0.4429836869239807
7452029,-21.0,0.43986019492149353
7452871,-21.0,0.3377198576927185
7453629,-21.0,0.3884143829345703
7454448,-21.0,0.3782731294631958
7455269,-21.0,0.41737493872642517
7456091,-21.0,0.38813573122024536
7457035,-20.0,0.39305153489112854
7457856,-21.0,0.3894757926464081
7458678,-21.0,0.3963380753993988
7459594,-20.0,0.4136032462120056
7460500,-21.0,0.4049617648124695
7461319,-21.0,0.3824220597743988
7462139,-21.0,0.3497595191001892
7463022,-21.0,0.454740971326828
7463906,-21.0,0.3726779520511627
7464665,-21.0,0.4342142939567566
7465486,-21.0,0.4124584496021271
7466399,-19.0,0.3830495774745941
7467220,-21.0,0.3868485987186432
7468043,-21.0,0.373917818069458
7468891,-21.0,0.42787453532218933
7469773,-21.0,0.37436914443969727
7470596,-21.0,0.43311095237731934
7471539,-21.0,0.42197346687316895
7472356,-21.0,0.38422054052352905
7473298,-21.0,0.38062039017677307
7474123,-21.0,0.36555227637290955
7474942,-21.0,0.3599434792995453
7475850,-21.0,0.35473567247390747
7476807,-20.0,0.3531569540500641
7477627,-21.0,0.4030160903930664
7478495,-21.0,0.3707998991012573
7479318,-21.0,0.3704248368740082
7480139,-21.0,0.3634714186191559
7480959,-21.0,0.38211771845817566
7481823,-20.0,0.36579108238220215
7482640,-21.0,0.4067395329475403
7483523,-21.0,0.3443134129047394
7484348,-21.0,0.40315452218055725
7485168,-21.0,0.3807958960533142
7485992,-21.0,0.42054837942123413
7486812,-21.0,0.38646119832992554
7487631,-21.0,0.39022064208984375
7488452,-21.0,0.353768914937973
7489277,-21.0,0.40835633873939514
7490129,-21.0,0.3530436158180237
7490975,-21.0,0.40418803691864014
7491856,-21.0,0.429237961769104
7492677,-21.0,0.3928071856498718
7493500,-21.0,0.3615516126155853
7494324,-21.0,0.4343353807926178
7495145,-21.0,0.3966885209083557
7495937,-21.0,0.3685571253299713
7497004,-20.0,0.41075605154037476
7497885,-21.0,0.4151201844215393
7498704,-21.0,0.38257479667663574
7499525,-21.0,0.4108366072177887
7500410,-21.0,0.4098946154117584
7501187,-21.0,0.3621066212654114
7502225,-19.0,0.36699193716049194
7503075,-21.0,0.37040266394615173
7503896,-21.0,0.41703611612319946
7504715,-21.0,0.39182353019714355
7505595,-21.0,0.3822554647922516
7506415,-21.0,0.4177543520927429
7507237,-21.0,0.3921830654144287
7508061,-21.0,0.34547650814056396
7508913,-21.0,0.383163183927536
7509925,-19.0,0.40671515464782715
7510809,-21.0,0.39707764983177185
7511630,-21.0,0.3627097010612488
7512454,-21.0,0.3949633538722992
7513329,-21.0,0.38836127519607544
7514150,-21.0,0.41614705324172974
7515001,-21.0,0.38776952028274536
7515850,-21.0,0.34532368183135986
7516825,-21.0,0.3819464445114136
7517583,-21.0,0.3721313178539276
7518404,-21.0,0.38329702615737915
7519282,-21.0,0.42572176456451416
7520166,-21.0,0.37665826082229614
7521006,-20.0,0.36570242047309875
7521797,-21.0,0.360471248626709
7522557,-21.0,0.37229856848716736
7523320,-21.0,0.41890621185302734
7524141,-21.0,0.36703622341156006
7525020,-21.0,0.37742912769317627
7525897,-21.0,0.36359772086143494
7526972,-19.0,0.3321112394332886
7527952,-20.0,0.39437639713287354
7528771,-21.0,0.3950069546699524
7529653,-21.0,0.3546610176563263
7530477,-21.0,0.3767120838165283
7531267,-21.0,0.37758713960647583
7532149,-21.0,0.37949955463409424
7532971,-21.0,0.3724638521671295
7533879,-21.0,0.42314428091049194
7534702,-21.0,0.37868374586105347
7535480,-21.0,0.401630699634552
7536425,-20.0,0.3635466992855072
7537279,-21.0,0.3473656475543976
7538097,-21.0,0.4057731628417969
7538918,-21.0,0.4024641215801239
7539740,-21.0,0.4193708896636963
7540560,-21.0,0.39768311381340027
7541381,-21.0,0.3611648678779602
7542142,-21.0,0.364827036857605
7542963,-21.0,0.3561311364173889
7543782,-21.0,0.38145798444747925
7544539,-21.0,0.38774049282073975
7545421,-21.0,0.37847739458084106
7546244,-21.0,0.3788997232913971
7547143,-20.0,0.3708142042160034
7548023,-21.0,0.36839616298675537
7548799,-21.0,0.40707916021347046
7549620,-21.0,0.3820568919181824
7550595,-20.0,0.3947156071662903
7551353,-21.0,0.40085548162460327
7552199,-21.0,0.3933681845664978
7552956,-21.0,0.3656913638114929
7553804,-21.0,0.3782188892364502
7554627,-21.0,0.36595994234085083
7555477,-21.0,0.3994276523590088
7556263,-21.0,0.3538420498371124
7557086,-21.0,0.3865337073802948
7557848,-21.0,0.3559378385543823
7558728,-21.0,0.3989197611808777
7559551,-21.0,0.3763998746871948
7560368,-21.0,0.3697991967201233
7561189,-21.0,0.3739842474460602
7562008,-21.0,0.42302125692367554
7562877,-20.0,0.402546226978302
7563695,-21.0,0.3735905885696411
7564513,-21.0,0.38029059767723083
7565395,-21.0,0.41553014516830444
7566248,-21.0,0.3741781711578369
7567067,-21.0,0.37774837017059326
7567990,-20.0,0.3649652600288391
7568754,-21.0,0.36791765689849854
7569573,-21.0,0.3848247528076172
7570477,-20.0,0.3913210332393646
7571294,-21.0,0.3741327226161957
7572114,-21.0,0.3758511543273926
7572932,-21.0,0.3828520178794861
7573829,-20.0,0.3581847548484802
7574651,-21.0,0.43622887134552
7575470,-21.0,0.3665669560432434
7576291,-21.0,0.4068334698677063
7577142,-21.0,0.4261426329612732
7578105,-20.0,0.3762516379356384
7578869,-21.0,0.37736934423446655
7579766,-20.0,0.43417811393737793
7580618,-21.0,0.4092599153518677
7581460,-21.0,0.37865352630615234
7582218,-21.0,0.41298753023147583
7582980,-21.0,0.3927372097969055
7583738,-21.0,0.40167370438575745
7584501,-21.0,0.3722098767757416
7585263,-21.0,0.3917980194091797
7586052,-21.0,0.40208491683006287
7586841,-21.0,0.39535588026046753
7587663,-21.0,0.37149813771247864
7588482,-21.0,0.37786203622817993
7589239,-21.0,0.37253642082214355
7590059,-21.0,0.4176956117153168
7590954,-20.0,0.41271740198135376
7592027,-19.0,0.39690884947776794
7592846,-21.0,0.42666342854499817
7593607,-21.0,0.3947300314903259
7594428,-21.0,0.3692866861820221
7595245,-21.0,0.4000759720802307
7596062,-21.0,0.3938630223274231
7596884,-21.0,0.41054174304008484
7597704,-21.0,0.4013599753379822
7598464,-21.0,0.3717041015625
7599313,-21.0,0.37024953961372375
7600132,-21.0,0.3791314959526062
7600972,-21.0,0.37881138920783997
7601757,-21.0,0.4189712703227997
7602515,-21.0,0.381700336933136
7603333,-21.0,0.3490524888038635
7604249,-20.0,0.38772112131118774
7605012,-21.0,0.3941882252693176
7605775,-21.0,0.4117994010448456
7606659,-21.0,0.4195258617401123
7607530,-21.0,0.40350428223609924
7608408,-21.0,0.42036494612693787
7609287,-21.0,0.39150670170783997
7610170,-21.0,0.3628336191177368
7610989,-21.0,0.4101884365081787
7611809,-21.0,0.36610519886016846
7612687,-21.0,0.4206070303916931
7613507,-21.0,0.40464597940444946
7614328,-21.0,0.39874881505966187
7615149,-21.0,0.3932540714740753
7615972,-21.0,0.39483878016471863
7616822,-21.0,0.4139966666698456
7617734,-21.0,0.4058658480644226
7618557,-21.0,0.38525620102882385
7619380,-21.0,0.365726113319397
7620197,-21.0,0.39987918734550476
7621082,-21.0,0.4141014814376831
7621921,-21.0,0.37316861748695374
7622760,-21.0,0.38754814863204956
7623585,-21.0,0.4046493470668793
7624410,-21.0,0.4143795669078827
7625233,-21.0,0.38127589225769043
7626082,-21.0,0.38142329454421997
7626960,-21.0,0.42840051651000977
7627780,-21.0,0.37639737129211426
7628659,-21.0,0.40620723366737366
7629601,-20.0,0.3488575220108032
7630574,-20.0,0.38784387707710266
7631399,-21.0,0.3896692991256714
7632217,-21.0,0.38793009519577026
7632981,-21.0,0.3673005700111389
7633739,-21.0,0.4044922888278961
7634618,-21.0,0.40113258361816406
7635436,-21.0,0.36666977405548096
7636318,-21.0,0.3562321662902832
7637141,-21.0,0.40158888697624207
7637963,-21.0,0.3743404448032379
7638750,-21.0,0.37977200746536255
7639651,-20.0,0.39490997791290283
7640436,-21.0,0.4286567270755768
7641193,-21.0,0.3486062288284302
7642017,-21.0,0.3977836072444916
7642837,-21.0,0.39069801568984985
7643754,-20.0,0.38360726833343506
7644572,-21.0,0.4272852838039398
7645582,-19.0,0.38771867752075195
7646406,-21.0,0.41047000885009766
7647246,-21.0,0.37064218521118164
7648190,-19.0,0.34810829162597656
7649031,-21.0,0.4245776832103729
7649911,-21.0,0.3875472843647003
7650758,-21.0,0.4040738344192505
7651642,-21.0,0.3860383629798889
7652491,-21.0,0.4003531336784363
7653311,-21.0,0.37412959337234497
7654175,-20.0,0.38367652893066406
7655058,-21.0,0.41153568029403687
7656033,-20.0,0.3768354654312134
7656856,-21.0,0.4097815155982971
7657676,-21.0,0.4174407124519348
7658494,-21.0,0.40697744488716125
7659274,-21.0,0.42186322808265686
7660095,-21.0,0.37551286816596985
7660914,-21.0,0.38176214694976807
7661726,-21.0,0.37817052006721497
7662484,-21.0,0.4201643764972687
7663364,-21.0,0.3588883876800537
7664187,-21.0,0.3905738592147827
7665011,-21.0,0.40149417519569397
7665849,-20.0,0.38496679067611694
7666696,-21.0,0.3834003210067749
7667454,-21.0,0.40012913942337036
7668214,-21.0,0.41214948892593384
7668972,-21.0,0.3899776339530945
7669791,-21.0,0.332699179649353
7670616,-21.0,0.37671127915382385
7671595,-20.0,0.4060605764389038
7672353,-21.0,0.40077322721481323
7673178,-21.0,0.3645966649055481
7673996,-21.0,0.3534920811653137
7674817,-21.0,0.3961678743362427
7675636,-21.0,0.3552936315536499
7676513,-21.0,0.36791789531707764
7677337,-21.0,0.3595706820487976
7678097,-21.0,0.36889955401420593
7678917,-21.0,0.35233619809150696
7679674,-21.0,0.38749033212661743
7680464,-21.0,0.39292263984680176
7681228,-21.0,0.40333959460258484
7682047,-21.0,0.3972080945968628
7682896,-21.0,0.39445722103118896
7683718,-21.0,0.383686900138855
7684496,-21.0,0.4055781662464142
7685274,-21.0,0.37056487798690796
7686196,-20.0,0.3885570466518402
7687080,-21.0,0.35800445079803467
7687988,-21.0,0.41969501972198486
7688812,-21.0,0.3776150345802307
7689789,-20.0,0.4109768867492676
7690672,-21.0,0.3858971893787384
7691845,-19.0,0.3742755055427551
7692606,-21.0,0.3830457627773285
7693425,-21.0,0.379702627658844
7694249,-21.0,0.4102877378463745
7695042,-21.0,0.4251861572265625
7695890,-21.0,0.39722585678100586
7696670,-21.0,0.3590335547924042
7697493,-21.0,0.3541164696216583
7698339,-21.0,0.3735392987728119
7699160,-21.0,0.38243740797042847
7699998,-21.0,0.41348040103912354
7700849,-21.0,0.34573423862457275
7701671,-21.0,0.3719920516014099
7702520,-21.0,0.4024356007575989
7703398,-21.0,0.37965255975723267
7704277,-21.0,0.37482398748397827
7705161,-21.0,0.3803468346595764
7706042,-21.0,0.3846299648284912
7707006,-20.0,0.40851181745529175
7707885,-21.0,0.3850008249282837
7708822,-21.0,0.36310064792633057
7709640,-21.0,0.36543452739715576
7710402,-21.0,0.42043712735176086
7711251,-21.0,0.38152337074279785
7712068,-21.0,0.41514039039611816
7712832,-21.0,0.36432182788848877
7713650,-21.0,0.4153665006160736
7714409,-21.0,0.3623373806476593
7715171,-21.0,0.3836708068847656
7715991,-21.0,0.4027837812900543
7716813,-21.0,0.43468838930130005
7717634,-21.0,0.3741438388824463
7718456,-21.0,0.41539859771728516
7719279,-21.0,0.4156878590583801
7720202,-20.0,0.3655788004398346
7721026,-21.0,0.41421473026275635
7721874,-21.0,0.3949057459831238
7722692,-21.0,0.4206041097640991
7723505,-21.0,0.3788079619407654
7724346,-20.0,0.3998514413833618
7725103,-21.0,0.37425005435943604
7726022,-20.0,0.3858882784843445
7726840,-21.0,0.383976012468338
7727719,-21.0,0.39030730724334717
7728477,-21.0,0.37815311551094055
7729296,-21.0,0.38042181730270386
7730176,-21.0,0.363674521446228
7731089,-20.0,0.4085322618484497
7731909,-21.0,0.3883894979953766
7732856,-20.0,0.39144355058670044
7733678,-21.0,0.3665297031402588
7734672,-20.0,0.4089474081993103
7735597,-20.0,0.3697221279144287
7736418,-21.0,0.3853345513343811
7737177,-21.0,0.4410834312438965
7737998,-21.0,0.34621572494506836
7738881,-21.0,0.3613330125808716
7739670,-21.0,0.37164074182510376
7740493,-21.0,0.44570884108543396
7741312,-21.0,0.4112650454044342
7742098,-21.0,0.3995373249053955
7742993,-20.0,0.3615535795688629
7743812,-21.0,0.368973046541214
7744594,-21.0,0.38223010301589966
7745535,-21.0,0.375293493270874
7746359,-21.0,0.3748253583908081
7747182,-21.0,0.37025657296180725
7748059,-21.0,0.38861292600631714
7748880,-21.0,0.41446784138679504
7749703,-21.0,0.3677137494087219
7750526,-21.0,0.3823702931404114
7751407,-21.0,0.40412917733192444
7752224,-21.0,0.3711075484752655
7753048,-21.0,0.433378666639328
7753901,-21.0,0.39314043521881104
7754720,-21.0,0.3860785961151123
7755585,-20.0,0.40933167934417725
7756422,-20.0,0.3987342417240143
7757241,-21.0,0.405238538980484
7758032,-21.0,0.41795215010643005
7758851,-21.0,0.40826648473739624
7759672,-21.0,0.3747256398200989
7760494,-21.0,0.3434482216835022
7761376,-21.0,0.37178653478622437
7762200,-21.0,0.3947611153125763
7763017,-21.0,0.4290735721588135
7763839,-21.0,0.37111979722976685
7764664,-21.0,0.38557612895965576
7765486,-21.0,0.405356764793396
7766369,-21.0,0.38523221015930176
7767192,-21.0,0.40631967782974243
7768012,-21.0,0.330028235912323
7768833,-21.0,0.38336893916130066
7769650,-21.0,0.395298570394516
7770485,-20.0,0.3418198227882385
7771309,-21.0,0.36673134565353394
7772128,-21.0,0.435818076133728
7772951,-21.0,0.42077940702438354
7773775,-21.0,0.4000968337059021
7774624,-21.0,0.38873377442359924
7775511,-21.0,0.3801794648170471
7776329,-21.0,0.3654192090034485
7777165,-21.0,0.39993909001350403
7777923,-21.0,0.38196420669555664
7778713,-21.0,0.41584980487823486
7779590,-21.0,0.37506380677223206
7780377,-21.0,0.4095920920372009
7781260,-21.0,0.4224364161491394
7782141,-21.0,0.3691812753677368
7782928,-21.0,0.3543345332145691
7783775,-21.0,0.3747316598892212
7784624,-21.0,0.3690217137336731
7785475,-21.0,0.3608459234237671
7786298,-21.0,0.3774407207965851
7787077,-21.0,0.40470635890960693
7787897,-21.0,0.39839160442352295
7788716,-21.0,0.3735116720199585
7789535,-21.0,0.39756202697753906
7790326,-21.0,0.4162617623806
7791419,-21.0,0.39829349517822266
7792255,-21.0,0.37871527671813965
7793100,-21.0,0.41966211795806885
7793917,-21.0,0.4298674464225769
7794704,-21.0,0.39744260907173157
7795525,-21.0,0.3881435692310333
7796346,-21.0,0.3887028396129608
7797196,-21.0,0.37357309460639954
7798017,-21.0,0.35357528924942017
7798899,-21.0,0.3460276424884796
7799717,-21.0,0.3821568787097931
7800564,-21.0,0.3997834324836731
7801382,-21.0,0.4326010048389435
7802173,-21.0,0.3835389018058777
7803019,-21.0,0.3555980920791626
7803844,-21.0,0.3661321699619293
7804668,-21.0,0.4087195098400116
7805613,-21.0,0.4095851182937622
7806434,-21.0,0.3791012167930603
7807280,-21.0,0.3525487780570984
7808104,-21.0,0.3580828905105591
7808923,-21.0,0.39622700214385986
7809746,-21.0,0.3713572025299072
7810533,-21.0,0.38551241159439087
7811323,-21.0,0.4395764470100403
7812140,-21.0,0.3901485204696655
7813080,-21.0,0.399663507938385
7813979,-20.0,0.35747861862182617
7814767,-21.0,0.39583781361579895
7815683,-20.0,0.4103465676307678
7816583,-20.0,0.396500825881958
7817343,-21.0,0.4266011416912079
7818128,-21.0,0.4335325360298157
7818891,-21.0,0.40940696001052856
7819682,-21.0,0.3494631052017212
7820506,-21.0,0.3749389946460724
7821330,-21.0,0.3907270133495331
7822242,-21.0,0.3523772954940796
7823002,-21.0,0.37206172943115234
7823788,-21.0,0.4280412197113037
7824606,-21.0,0.3803476095199585
7825426,-21.0,0.3908523619174957
7826305,-21.0,0.3663659691810608
7827130,-21.0,0.4082515835762024
7827953,-21.0,0.3753805160522461
7828713,-21.0,0.42280474305152893
7829599,-21.0,0.3906286358833313
7830436,-21.0,0.3699463903903961
7831261,-21.0,0.39543282985687256
7832082,-21.0,0.4300192892551422
7832906,-21.0,0.3702792525291443
7833684,-21.0,0.3675656318664551
7834507,-21.0,0.35973671078681946
7835339,-20.0,0.4059045910835266
7836163,-21.0,0.3608258366584778
7837003,-21.0,0.38780227303504944
7837886,-21.0,0.3898956775665283
7838766,-21.0,0.4065960943698883
7839584,-21.0,0.4136258363723755
7840437,-21.0,0.42589932680130005
7841323,-21.0,0.37192898988723755
7842141,-21.0,0.42751437425613403
7842981,-20.0,0.4010448455810547
7843803,-21.0,0.3835161030292511
7844645,-20.0,0.3631206750869751
7845589,-20.0,0.407479465007782
7846409,-21.0,0.3946594297885895
7847167,-21.0,0.3757319748401642
7847992,-21.0,0.4100039601325989
7848871,-21.0,0.3981126844882965
7849711,-20.0,0.3749960660934448
7850560,-21.0,0.4018917679786682
7851380,-21.0,0.4285210967063904
7852201,-21.0,0.40109527111053467
7853023,-21.0,0.37933051586151123
7854023,-20.0,0.37149691581726074
7854842,-21.0,0.38423997163772583
7855783,-21.0,0.37642401456832886
7856634,-21.0,0.4374423623085022
7857394,-21.0,0.3358668088912964
7858215,-21.0,0.40186136960983276
7859035,-21.0,0.38676586747169495
7859796,-21.0,0.323081910610199
7860557,-21.0,0.4279281795024872
7861394,-21.0,0.3755022883415222
7862183,-21.0,0.37542077898979187
7863005,-21.0,0.4056682586669922
7863861,-20.0,0.3708574175834656
7864779,-20.0,0.3657594323158264
7865600,-21.0,0.38874557614326477
7866425,-21.0,0.40555161237716675
7867186,-21.0,0.39830976724624634
7868035,-21.0,0.42245033383369446
7868883,-21.0,0.35621127486228943
7869701,-21.0,0.3951568007469177
7870523,-21.0,0.41804057359695435
7871287,-21.0,0.40981632471084595
7872109,-21.0,0.37778788805007935
7872931,-21.0,0.44317764043807983
7873693,-21.0,0.37716472148895264
7874452,-21.0,0.38054710626602173
7875275,-21.0,0.3863132894039154
7876065,-21.0,0.3444588780403137
7876888,-21.0,0.3953806161880493
7877962,-18.0,0.3577839136123657
7878720,-21.0,0.4211958944797516
7879498,-21.0,0.3766351342201233
7880316,-21.0,0.3874720335006714
7881135,-21.0,0.41021499037742615
7881957,-21.0,0.3960237503051758
7882780,-21.0,0.3686143755912781
7883664,-21.0,0.3593794107437134
7884515,-21.0,0.3839946687221527
7885339,-21.0,0.42229384183883667
7886098,-21.0,0.38308486342430115
7886945,-21.0,0.42175057530403137
7887856,-21.0,0.41617655754089355
7888769,-20.0,0.3891308009624481
7889616,-21.0,0.3890218734741211
7890435,-21.0,0.4558246433734894
7891197,-21.0,0.4137057960033417
7892017,-21.0,0.3913435935974121
7892839,-21.0,0.3827503025531769
7893688,-21.0,0.3815370798110962
7894592,-20.0,0.403898686170578
7895672,-20.0,0.4196276068687439
7896489,-21.0,0.34293508529663086
7897414,-20.0,0.41421812772750854
7898337,-20.0,0.3730725646018982
7899162,-21.0,0.40175020694732666
7899926,-21.0,0.42471054196357727
7900762,-20.0,0.3747254014015198
7901580,-21.0,0.3828209340572357
7902404,-21.0,0.3960743546485901
7903225,-21.0,0.35984325408935547
7904290,-21.0,0.39723941683769226
7905110,-21.0,0.4153248369693756
7905931,-21.0,0.40656983852386475
7906755,-21.0,0.3935370445251465
7907673,-20.0,0.3917466998100281
7908492,-21.0,0.3572637438774109
7909309,-21.0,0.34301602840423584
7910130,-21.0,0.3715329170227051
7910950,-21.0,0.4073089361190796
7911768,-21.0,0.3976820111274719
7912592,-21.0,0.34177738428115845
7913354,-21.0,0.36706697940826416
7914177,-21.0,0.39994293451309204
7914937,-21.0,0.39870649576187134
7915880,-21.0,0.3860743045806885
7916671,-21.0,0.3923830986022949
7917496,-21.0,0.405877947807312
7918258,-21.0,0.37192997336387634
7919077,-21.0,0.39847803115844727
7919959,-21.0,0.3813113570213318
7920799,-21.0,0.39335882663726807
7921649,-21.0,0.36280539631843567
7922437,-21.0,0.3989170789718628
7923259,-21.0,0.40482932329177856
7924080,-21.0,0.3819124698638916
7924873,-21.0,0.37411096692085266
7925816,-21.0,0.36980488896369934
7926577,-21.0,0.37534284591674805
7927479,-21.0,0.3540480136871338
7928299,-21.0,0.389244019985199
7929118,-21.0,0.4451964497566223
7929938,-21.0,0.4109319746494293
7930939,-21.0,0.3646862506866455
7931763,-21.0,0.38243064284324646
7932645,-21.0,0.3633880019187927
7933463,-21.0,0.41531801223754883
7934287,-21.0,0.41970449686050415
7935074,-21.0,0.39344680309295654
7935894,-21.0,0.3996938169002533
7936718,-21.0,0.38461190462112427
7937478,-21.0,0.39116090536117554
7938385,-21.0,0.37651896476745605
7939205,-21.0,0.3871329426765442
7940213,-20.0,0.39094969630241394
7941093,-21.0,0.3985224962234497
7941916,-21.0,0.42325830459594727
7942763,-21.0,0.4115085303783417
7943667,-21.0,0.421181321144104
7944486,-21.0,0.37644708156585693
7945278,-21.0,0.3938772678375244
7946096,-21.0,0.38593730330467224
7946917,-21.0,0.3703794479370117
7947934,-20.0,0.4159756600856781
7948774,-20.0,0.3765191435813904
7949729,-20.0,0.3754034638404846
7950552,-21.0,0.4325600266456604
7951400,-21.0,0.4114623963832855
7952314,-20.0,0.388385534286499
7953104,-21.0,0.3677516579627991
7953922,-21.0,0.3936266005039215
7955020,-19.0,0.3455542325973511
7955840,-21.0,0.4150255620479584
7956659,-21.0,0.4179019629955292
7957538,-21.0,0.37714213132858276
7958296,-21.0,0.4314344525337219
7959148,-21.0,0.3845648765563965
7959935,-21.0,0.387259840965271
7960801,-21.0,0.42203566431999207
7961646,-21.0,0.3516770005226135
7962496,-21.0,0.411907434463501
7963316,-21.0,0.4093164801597595
7964178,-21.0,0.419083833694458
7964996,-21.0,0.4101603031158447
7965837,-20.0,0.4002918601036072
7966600,-21.0,0.3588497042655945
7967479,-21.0,0.3543042540550232
7968314,-20.0,0.351671040058136
7969133,-21.0,0.39385056495666504
7969953,-21.0,0.3592800796031952
7970774,-21.0,0.414186954498291
7971616,-21.0,0.37743353843688965
7972375,-21.0,0.39261430501937866
7973194,-21.0,0.3732355535030365
7974016,-21.0,0.38968974351882935
7974798,-21.0,0.40899741649627686
7975642,-21.0,0.3803956210613251
7976433,-21.0,0.41775640845298767
7977254,-21.0,0.38673532009124756
7978072,-21.0,0.417201429605484
7979035,-20.0,0.38763633370399475
7980037,-21.0,0.39292001724243164
7980861,-21.0,0.42664530873298645
7981680,-21.0,0.3647873103618622
7982503,-21.0,0.37397700548171997
7983293,-21.0,0.4209722876548767
7984079,-21.0,0.39091113209724426
7984898,-21.0,0.38026702404022217
7985659,-21.0,0.3876703381538391
7986545,-21.0,0.4185314476490021
7987363,-21.0,0.38410454988479614
7988244,-21.0,0.3664182424545288
7989065,-21.0,0.42216014862060547
7989930,-20.0,0.42070329189300537
7990782,-21.0,0.4066828787326813
7991604,-21.0,0.34118086099624634
7992489,-21.0,0.37459710240364075
7993369,-21.0,0.4019671380519867
7994273,-21.0,0.4288364052772522
7995090,-21.0,0.36935776472091675
7995914,-21.0,0.3661852478981018
7996677,-21.0,0.41226625442504883
7997592,-20.0,0.39569705724716187
7998444,-21.0,0.3605550229549408
7999264,-21.0,0.3605257272720337
8000082,-21.0,0.42614319920539856
8000903,-21.0,0.3939756453037262
8001782,-21.0,0.40880900621414185
8002601,-21.0,0.3794429302215576
8003639,-20.0,0.41615086793899536
8004462,-21.0,0.39339858293533325
8005284,-21.0,0.37513118982315063
8006304,-20.0,0.35103529691696167
8007124,-21.0,0.37480786442756653
8008005,-21.0,0.392678827047348
8008830,-21.0,0.3925444483757019
8009715,-21.0,0.3879966139793396
8010502,-21.0,0.36022406816482544
8011320,-21.0,0.3983100652694702
8012199,-21.0,0.40879154205322266
8013129,-21.0,0.39657604694366455
8014009,-21.0,0.39929282665252686
8014861,-21.0,0.40842798352241516
8015681,-21.0,0.4428582191467285
8016626,-21.0,0.4104326367378235
8017447,-21.0,0.4024484157562256
8018265,-21.0,0.3641747832298279
8019088,-21.0,0.3964603841304779
8019909,-21.0,0.3529343605041504
8020671,-21.0,0.41680946946144104
8021493,-21.0,0.37214595079421997
8022378,-21.0,0.3894873559474945
8023165,-21.0,0.38163286447525024
8024113,-20.0,0.39863982796669006
8024993,-21.0,0.40187346935272217
8025863,-20.0,0.3652758002281189
8026686,-21.0,0.35859155654907227
8027800,-19.0,0.4135100543498993
8028621,-21.0,0.3590185046195984
8029379,-21.0,0.36980801820755005
8030201,-21.0,0.3510831892490387
8030978,-21.0,0.37280476093292236
8031813,-20.0,0.3835771083831787
8032665,-21.0,0.3991284966468811
8033490,-21.0,0.40287649631500244
8034314,-21.0,0.34910863637924194
8035077,-21.0,0.3615434169769287
8035897,-21.0,0.39627858996391296
8036679,-21.0,0.37472254037857056
8037559,-21.0,0.40591078996658325
8038384,-21.0,0.3970320224761963
8039202,-21.0,0.42455559968948364
8040022,-21.0,0.36472824215888977
8040844,-21.0,0.4101399779319763
8041662,-21.0,0.4127918481826782
8042513,-21.0,0.35208219289779663
8043359,-21.0,0.3749624788761139
8044184,-21.0,0.41884785890579224
8045009,-21.0,0.3777894973754883
8045831,-21.0,0.3661095201969147
8046655,-21.0,0.4009256362915039
8047556,-20.0,0.3849193751811981
8048375,-21.0,0.3863637447357178
8049336,-20.0,0.35389646887779236
8050217,-21.0,0.39410269260406494
8051041,-21.0,0.4023323655128479
8051887,-21.0,0.36959144473075867
8052848,-20.0,0.41626599431037903
8053671,-21.0,0.3616882860660553
8054489,-21.0,0.38409164547920227
8055338,-21.0,0.3751015067100525
8056219,-21.0,0.42169681191444397
8057104,-21.0,0.3911408483982086
8057925,-21.0,0.39868777990341187
8058839,-20.0,0.3624486029148102
8059665,-21.0,0.4153367578983307
8060487,-21.0,0.37242093682289124
8061249,-21.0,0.41724613308906555
8062155,-21.0,0.3672930598258972
8063040,-21.0,0.4045800566673279
8063829,-21.0,0.3627692461013794
8064621,-21.0,0.3698655366897583
8065413,-21.0,0.3639897406101227
8066198,-21.0,0.34174540638923645
8067023,-21.0,0.38284552097320557
8067842,-21.0,0.4061087965965271
8068744,-21.0,0.37958669662475586
8069593,-21.0,0.38574638962745667
8070443,-21.0,0.394333153963089
8071401,-20.0,0.38702183961868286
8072181,-21.0,0.37967154383659363
8073026,-21.0,0.3837350308895111
8073906,-21.0,0.37327519059181213
8074669,-21.0,0.43006399273872375
8075549,-21.0,0.3592958450317383
8076448,-20.0,0.39804941415786743
8077268,-21.0,0.36985543370246887
8078086,-21.0,0.3899272680282593
8079031,-21.0,0.40705859661102295
8079851,-21.0,0.4009106159210205
8080730,-21.0,0.386606901884079
8081594,-21.0,0.3873943090438843
8082430,-20.0,0.41408777236938477
8083250,-21.0,0.4003857970237732
8084087,-20.0,0.41230231523513794
8084927,-21.0,0.3796137571334839
8085746,-21.0,0.369365930557251
8086587,-21.0,0.4218595027923584
8087347,-21.0,0.36887335777282715
8088178,-20.0,0.37713557481765747
8089017,-21.0,0.3907160460948944
8089836,-21.0,0.45129743218421936
8090686,-21.0,0.3979876935482025
8091537,-21.0,0.39296650886535645
8092355,-21.0,0.4197245240211487
8093180,-21.0,0.38758182525634766
8093999,-21.0,0.3917202651500702
8094818,-21.0,0.3882150650024414
8095759,-21.0,0.3574102222919464
8096540,-21.0,0.37372344732284546
8097384,-21.0,0.36676448583602905
8098205,-21.0,0.37619298696517944
8099215,-20.0,0.3991321921348572
8100134,-20.0,0.3645381033420563
8100983,-21.0,0.38888078927993774
8101800,-21.0,0.41159719228744507
8102761,-21.0,0.36251160502433777
8103597,-21.0,0.3802737295627594
8104447,-21.0,0.3968124985694885
8105208,-21.0,0.3764451742172241
8106059,-21.0,0.44331789016723633
8107034,-20.0,0.3836035430431366
8107796,-21.0,0.38238954544067383
8108621,-21.0,0.4105265140533447
8109475,-21.0,0.3761771023273468
8110256,-21.0,0.3846105933189392
8111074,-21.0,0.3849357068538666
8111958,-21.0,0.40686577558517456
8112783,-21.0,0.42107585072517395
8113683,-20.0,0.39369717240333557
8114659,-20.0,0.38906845450401306
8115494,-20.0,0.3939365744590759
8116341,-21.0,0.39738917350769043
8117190,-21.0,0.38339608907699585
8117948,-21.0,0.3731083571910858
8118784,-21.0,0.4072157144546509
8119609,-21.0,0.4195181131362915
8120432,-21.0,0.3879134953022003
8121249,-21.0,0.3956865072250366
8122036,-21.0,0.37946200370788574
8122914,-21.0,0.42046672105789185
8123702,-21.0,0.3735538423061371
8124494,-21.0,0.4019095301628113
8125312,-21.0,0.39631885290145874
8126137,-21.0,0.35282203555107117
8127007,-20.0,0.4343003034591675
8127858,-21.0,0.41951873898506165
8128816,-20.0,0.3748910129070282
8129635,-21.0,0.3763776123523712
8130455,-21.0,0.3833037316799164
8131281,-21.0,0.3881334066390991
8132101,-21.0,0.4116855263710022
8132926,-21.0,0.4102061986923218
8133767,-20.0,0.3979543447494507
8134558,-21.0,0.40152302384376526
8135427,-20.0,0.3596971035003662
8136203,-21.0,0.38425493240356445
8137022,-21.0,0.37956494092941284
8137843,-21.0,0.4003481864929199
8138691,-21.0,0.4252470135688782
8139516,-21.0,0.37714672088623047
8140340,-21.0,0.42685967683792114
8141162,-21.0,0.3930516242980957
8141999,-20.0,0.40240517258644104
8142817,-21.0,0.39324378967285156
8143635,-21.0,0.3791952133178711
8144460,-21.0,0.39833080768585205
8145285,-21.0,0.3897725045681
8146200,-20.0,0.3892971873283386
8147180,-20.0,0.4051045775413513
8148016,-21.0,0.35702991485595703
8148838,-21.0,0.39612120389938354
8149784,-21.0,0.3578404486179352
8150565,-21.0,0.41334205865859985
8151341,-21.0,0.39530622959136963
8152367,-19.0,0.3561129570007324
8153187,-21.0,0.3929958939552307
8154013,-21.0,0.4357346296310425
8154836,-21.0,0.3944977819919586
8155655,-21.0,0.4047848880290985
8156447,-21.0,0.37969326972961426
8157264,-21.0,0.36867988109588623
8158084,-21.0,0.4047967195510864
8158901,-21.0,0.4147372543811798
8159722,-21.0,0.37406331300735474
8160499,-21.0,0.41629379987716675
8161319,-21.0,0.4035792052745819
8162137,-21.0,0.375160813331604
8162959,-21.0,0.4272708296775818
8163777,-21.0,0.42208781838417053
8164659,-21.0,0.3945491313934326
8165495,-21.0,0.41631820797920227
8166315,-21.0,0.3701351583003998
8167164,-21.0,0.41374853253364563
8168048,-21.0,0.3949728012084961
8168964,-21.0,0.3911658227443695
8169789,-21.0,0.4145645201206207
8170611,-21.0,0.34494054317474365
8171526,-20.0,0.43220269680023193
8172347,-21.0,0.3673672378063202
8173168,-21.0,0.370815247297287
8173985,-21.0,0.3667947053909302
8174869,-20.0,0.3953046202659607
8175688,-21.0,0.38129478693008423
8176507,-21.0,0.41570034623146057
8177330,-21.0,0.3689725697040558
8178165,-20.0,0.43701887130737305
8178983,-21.0,0.3939390778541565
8179760,-21.0,0.3883875012397766
8180579,-21.0,0.38250863552093506
8181464,-21.0,0.385256826877594
8182360,-21.0,0.38836032152175903
8183183,-21.0,0.37662187218666077
8184064,-21.0,0.37454718351364136
8184904,-20.0,0.3426551818847656
8185725,-21.0,0.38485264778137207
8186813,-18.0,0.4079746603965759
8187665,-21.0,0.40113651752471924
8188489,-21.0,0.40249907970428467
8189299,-21.0,0.3891605734825134
8190182,-21.0,0.4088999032974243
8191002,-21.0,0.37926816940307617
8191947,-20.0,0.3626457452774048
8192768,-21.0,0.3946358561515808
8193588,-21.0,0.4471935033798218
8194406,-21.0,0.38526302576065063
8195230,-21.0,0.40586572885513306
8196052,-21.0,0.3613564372062683
8196873,-21.0,0.43152105808258057
8197694,-21.0,0.4041152000427246
8198548,-21.0,0.380221962928772
8199495,-20.0,0.39245378971099854
8200315,-21.0,0.3767562508583069
8201199,-21.0,0.4011715054512024
8202119,-19.0,0.4130939543247223
8203123,-20.0,0.3926016390323639
8203883,-21.0,0.4019971191883087
8204811,-20.0,0.40823036432266235
8205630,-21.0,0.40064793825149536
8206702,-19.0,0.3772355318069458
8207583,-21.0,0.36836233735084534
8208419,-21.0,0.36501413583755493
8209239,-21.0,0.38799312710762024
8210074,-20.0,0.4365997314453125
8210899,-21.0,0.37691640853881836
8211750,-21.0,0.38749992847442627
8212571,-21.0,0.3666698932647705
8213364,-21.0,0.4134260416030884
8214432,-20.0,0.44710755348205566
8215252,-21.0,0.38883212208747864
8216132,-21.0,0.38498327136039734
8216949,-21.0,0.38077443838119507
8217797,-21.0,0.40018582344055176
8218621,-21.0,0.44626384973526
8219442,-21.0,0.4076341390609741
8220265,-21.0,0.39228150248527527
8221086,-21.0,0.39580410718917847
8222169,-20.0,0.4083969295024872
8222991,-21.0,0.40737825632095337
8223810,-21.0,0.39932501316070557
8224629,-21.0,0.3685170114040375
8225453,-21.0,0.39643752574920654
8226304,-21.0,0.37829914689064026
8227189,-21.0,0.3859803378582001
8228008,-21.0,0.4272344708442688
8228826,-21.0,0.37856459617614746
8229650,-21.0,0.3477533757686615
8230438,-21.0,0.38860610127449036
8231321,-21.0,0.36654341220855713
8232170,-21.0,0.38808220624923706
8232996,-21.0,0.38755708932876587
8233882,-21.0,0.40608543157577515
8234856,-20.0,0.3574979305267334
8235679,-21.0,0.37392470240592957
8236469,-21.0,0.45295315980911255
8237286,-21.0,0.41549938917160034
8238105,-21.0,0.37639835476875305
8239045,-21.0,0.36710125207901
8239868,-21.0,0.4252786636352539
8240686,-21.0,0.40817487239837646
8241570,-21.0,0.3942551016807556
8242415,-21.0,0.4121397137641907
8243296,-21.0,0.38992226123809814
8244176,-21.0,0.4007917642593384
8245056,-21.0,0.39090198278427124
8245874,-21.0,0.424918532371521
8246715,-21.0,0.4137518107891083
8247553,-21.0,0.38779133558273315
8248372,-21.0,0.3776754140853882
8249195,-21.0,0.37628692388534546
8250018,-21.0,0.40910476446151733
8250794,-21.0,0.3871481120586395
8251671,-21.0,0.376220703125
8252489,-21.0,0.3974948525428772
8253278,-21.0,0.39579713344573975
8254042,-21.0,0.3864157497882843
8254889,-21.0,0.39950138330459595
8255823,-19.0,0.3602563142776489
8256720,-20.0,0.410513699054718
8257602,-21.0,0.4003290832042694
8258391,-21.0,0.386865496635437
8259334,-20.0,0.4037315845489502
8260217,-21.0,0.4074462056159973
8261041,-21.0,0.4130953252315521
8261866,-21.0,0.4137716293334961
8262684,-21.0,0.41395676136016846
8263942,-18.0,0.40088021755218506
8264876,-19.0,0.41318464279174805
8265695,-21.0,0.42199385166168213
8266518,-21.0,0.38737720251083374
8267399,-21.0,0.4003146290779114
8268187,-21.0,0.41412264108657837
8269010,-21.0,0.34243863821029663
8269862,-21.0,0.3917986750602722
8270684,-21.0,0.44479572772979736
8271508,-21.0,0.4055711328983307
8272330,-21.0,0.41360241174697876
8273153,-21.0,0.40400129556655884
8274037,-21.0,0.3445952236652374
8274893,-20.0,0.37403595447540283
8275682,-21.0,0.40792709589004517
8276643,-20.0,0.3921760320663452
8277462,-21.0,0.3675810396671295
8278313,-21.0,0.35611528158187866
8279161,-21.0,0.37097012996673584
8280270,-18.0,0.4017171263694763
8281093,-21.0,0.4087495803833008
8281885,-21.0,0.41363123059272766
8282706,-21.0,0.3718421161174774
8283586,-21.0,0.3819654583930969
8284499,-20.0,0.3570159077644348
8285318,-21.0,0.3815045952796936
8286157,-21.0,0.38848578929901123
8287065,-21.0,0.3951311707496643
8287886,-21.0,0.3860713243484497
8288843,-20.0,0.3861960172653198
8289667,-21.0,0.3888746500015259
8290616,-20.0,0.3618135154247284
8291497,-21.0,0.4194703698158264
8292316,-21.0,0.4135386645793915
8293171,-20.0,0.41482019424438477
8293932,-21.0,0.3826579451560974
8294810,-21.0,0.38693127036094666
8295572,-21.0,0.3503517806529999
8296412,-20.0,0.3813706040382385
8297231,-21.0,0.36715537309646606
8298052,-21.0,0.447468638420105
8298871,-21.0,0.3586236536502838
8299659,-21.0,0.36478137969970703
8300482,-21.0,0.3760182559490204
8301363,-21.0,0.35685181617736816
8302186,-21.0,0.39039450883865356
8303067,-21.0,0.39288124442100525
8303890,-21.0,0.3872535228729248
8304712,-21.0,0.3888290524482727
8305593,-21.0,0.37173202633857727
8306434,-20.0,0.36746031045913696
8307258,-21.0,0.3717619478702545
8308021,-21.0,0.36957865953445435
8309084,-21.0,0.39801886677742004
8309907,-21.0,0.36331412196159363
8310697,-21.0,0.4161517024040222
8311577,-21.0,0.3628540635108948
8312398,-21.0,0.41914206743240356
8313307,-21.0,0.3656969368457794
8314129,-21.0,0.40721264481544495
8314979,-21.0,0.4245454967021942
8315860,-21.0,0.4005063474178314
8316742,-21.0,0.39869651198387146
8317684,-21.0,0.37697991728782654
8318473,-21.0,0.38694852590560913
8319294,-21.0,0.41740816831588745
8320220,-20.0,0.4214155972003937
8320984,-21.0,0.38683706521987915
8321839,-21.0,0.3999311029911041
8322721,-21.0,0.38372570276260376
8323539,-21.0,0.4414706826210022
8324358,-21.0,0.38781654834747314
8325209,-21.0,0.37505680322647095
8325968,-21.0,0.4516788721084595
8326836,-20.0,0.39986786246299744
8327656,-21.0,0.4117487072944641
8328570,-20.0,0.37388551235198975
8329392,-21.0,0.4052348732948303
8330178,-21.0,0.38305696845054626
8331121,-21.0,0.3895397186279297
8332383,-17.0,0.41056549549102783
8333163,-21.0,0.3855226933956146
8334044,-21.0,0.4048091769218445
8334867,-21.0,0.355267733335495
8335745,-21.0,0.42061012983322144
8336536,-21.0,0.3882063627243042
8337589,-19.0,0.3557795286178589
8338377,-21.0,0.38613182306289673
8339222,-21.0,0.3855900764465332
8340042,-21.0,0.36276882886886597
8340861,-21.0,0.39239221811294556
8341802,-21.0,0.3965553641319275
8342634,-20.0,0.38664567470550537
8343452,-21.0,0.371110737323761
8344276,-21.0,0.3414725661277771
8345067,-21.0,0.39562416076660156
8345859,-21.0,0.41960597038269043
8346682,-21.0,0.40960457921028137
8347505,-21.0,0.4161541163921356
8348384,-21.0,0.41393229365348816
8349268,-21.0,0.41898199915885925
8350200,-19.0,0.4081113934516907
8351878,-12.0,0.4201081097126007
8352834,-20.0,0.3981150686740875
8353940,-18.0,0.37699946761131287
8354761,-21.0,0.3752438426017761
8355639,-21.0,0.3904399871826172
8356518,-21.0,0.38106608390808105
8357354,-21.0,0.4098990559577942
8358115,-21.0,0.366460382938385
8358873,-21.0,0.3931382894515991
8359693,-21.0,0.3859238028526306
8360512,-21.0,0.3998599052429199
8361293,-21.0,0.4211830496788025
8362133,-21.0,0.3795817494392395
8362980,-21.0,0.41576462984085083
8363802,-21.0,0.3959241509437561
8364653,-21.0,0.39845529198646545
8365476,-21.0,0.39873725175857544
8366264,-21.0,0.3885403275489807
8367086,-21.0,0.40465039014816284
8367874,-21.0,0.36660104990005493
8368698,-21.0,0.411164253950119
8369640,-21.0,0.44017136096954346
8370463,-21.0,0.37875378131866455
8371240,-21.0,0.3865388035774231
8371997,-21.0,0.3759388029575348
8372819,-21.0,0.3360432982444763
8373704,-21.0,0.37028905749320984
8374550,-21.0,0.40434300899505615
8375310,-21.0,0.3997918367385864
8376133,-21.0,0.40754932165145874
8376957,-21.0,0.41486090421676636
8377777,-21.0,0.3812938928604126
8378596,-21.0,0.38544347882270813
8379420,-21.0,0.3718341588973999
8380244,-21.0,0.4081808924674988
8381007,-21.0,0.4031450152397156
8381987,-20.0,0.4001345634460449
8382775,-21.0,0.36675918102264404
8383600,-21.0,0.3833653926849365
8384363,-21.0,0.37824147939682007
8385122,-21.0,0.395639032125473
8385885,-21.0,0.42201554775238037
8386708,-21.0,0.3651312589645386
8387485,-21.0,0.3963943123817444
8388308,-21.0,0.3668273091316223
8389132,-21.0,0.3843748867511749
8389956,-21.0,0.3830907940864563
8390781,-21.0,0.4140852987766266
8391539,-21.0,0.394242525100708
8392358,-21.0,0.35511213541030884
8393178,-21.0,0.4013407826423645
8394029,-21.0,0.38529425859451294
8394877,-21.0,0.4001852869987488
8395695,-21.0,0.39214569330215454
8396477,-21.0,0.3842782974243164
8397297,-21.0,0.407696932554245
8398143,-21.0,0.3946671783924103
8399056,-21.0,0.40892738103866577
8399878,-21.0,0.42165082693099976
8400698,-21.0,0.41338416934013367
8401521,-21.0,0.4028031826019287
8402341,-21.0,0.4076460897922516
8403348,-20.0,0.3918834328651428
8404170,-21.0,0.402721107006073
8405069,-21.0,0.39589470624923706
8405916,-21.0,0.40896308422088623
8406754,-20.0,0.40159913897514343
8407587,-20.0,0.38936805725097656
8408424,-20.0,0.3979864716529846
8409351,-20.0,0.3439275622367859
8410169,-21.0,0.3912651836872101
8410994,-21.0,0.3729737401008606
8411830,-21.0,0.3704127371311188
8412649,-21.0,0.4033511281013489
8413471,-21.0,0.38788172602653503
8414291,-21.0,0.3751147985458374
8415108,-21.0,0.3956425189971924
8415927,-21.0,0.36452287435531616
8416765,-21.0,0.3503729999065399
8417694,-20.0,0.3834018409252167
8418472,-21.0,0.4018726944923401
8419351,-21.0,0.35436004400253296
8420234,-21.0,0.3701908588409424
8421059,-21.0,0.39730697870254517
8422026,-21.0,0.3920603394508362
8422847,-21.0,0.3705222010612488
8423666,-21.0,0.39697083830833435
8424484,-21.0,0.4225919246673584
8425302,-21.0,0.3767727017402649
8426182,-21.0,0.42131102085113525
8427034,-21.0,0.3674011826515198
8427858,-21.0,0.45299801230430603
8428680,-21.0,0.38819074630737305
8429504,-21.0,0.4048558473587036
8430328,-21.0,0.4161195158958435
8431090,-21.0,0.40050482749938965
8431875,-21.0,0.3775739073753357
8432695,-21.0,0.43656396865844727
8433515,-21.0,0.4601079523563385
8434274,-21.0,0.41613951325416565
8435189,-20.0,0.40656226873397827
8436009,-21.0,0.3652687072753906
8436879,-20.0,0.40063440799713135
8437669,-21.0,0.3842275142669678
8438490,-21.0,0.4154213070869446
8439250,-21.0,0.41962528228759766
8440128,-21.0,0.4290039837360382
8440919,-21.0,0.4043956696987152
8441800,-21.0,0.36870744824409485
8442625,-21.0,0.4013446569442749
8443587,-20.0,0.3497861623764038
8444407,-21.0,0.39616185426712036
8445244,-20.0,0.39721712470054626
8446091,-21.0,0.387027770280838
8447008,-20.0,0.4177931547164917
8447858,-21.0,0.3468179702758789
8448683,-21.0,0.40012848377227783
8449471,-21.0,0.3645755350589752
8450291,-21.0,0.35754621028900146
8451170,-21.0,0.3694193661212921
8451930,-21.0,0.43879202008247375
8452767,-21.0,0.40336892008781433
8453589,-21.0,0.3847593069076538
8454348,-21.0,0.4268745481967926
8455166,-21.0,0.39952126145362854
8456051,-21.0,0.3873330354690552
8456871,-21.0,0.3972056806087494
8457756,-21.0,0.39505791664123535
8458811,-19.0,0.41356170177459717
8459635,-21.0,0.3599397838115692
8460621,-19.0,0.3586130142211914
8461384,-21.0,0.4193115532398224
8462205,-21.0,0.41759467124938965
8463082,-21.0,0.3883902430534363
8463958,-21.0,0.401589572429657
8464930,-20.0,0.39402472972869873
8465752,-21.0,0.38366612792015076
8466541,-21.0,0.34899094700813293
8467333,-21.0,0.3654831647872925
8468158,-21.0,0.3988673686981201
8469037,-21.0,0.4389128088951111
8469829,-21.0,0.36964330077171326
8470708,-21.0,0.4013533592224121
8471497,-21.0,0.4074466824531555
8472307,-21.0,0.3903990387916565
8473096,-21.0,0.36629852652549744
8474151,-19.0,0.3774166703224182
8475167,-20.0,0.3513179123401642
8476067,-20.0,0.3845325708389282
8476829,-21.0,0.4196234941482544
8477615,-21.0,0.4186185598373413
8478403,-21.0,0.3636283278465271
8479318,-20.0,0.3698291778564453
8480256,-19.0,0.39420419931411743
8481137,-21.0,0.4015396535396576
8481959,-21.0,0.3750331401824951
8482782,-21.0,0.3548395037651062
8483627,-21.0,0.3710101842880249
8484445,-21.0,0.4071597456932068
8485330,-21.0,0.4359610080718994
8486155,-21.0,0.38956448435783386
8487115,-21.0,0.3409505784511566
8487958,-21.0,0.3790144622325897
8488784,-21.0,0.39608609676361084
8489667,-21.0,0.3871222734451294
8490488,-21.0,0.46342718601226807
8491398,-21.0,0.3997461497783661
8492217,-21.0,0.39897143840789795
8493063,-21.0,0.37432265281677246
8493883,-21.0,0.4230945110321045
8494762,-21.0,0.380158931016922
8495641,-21.0,0.38205599784851074
8496465,-21.0,0.3937515616416931
8497287,-21.0,0.3634757399559021
8498112,-21.0,0.40185850858688354
8499083,-21.0,0.38781556487083435
8499930,-21.0,0.40393874049186707
8500722,-21.0,0.3970790505409241
8501570,-21.0,0.38700687885284424
8502412,-21.0,0.3971065878868103
8503545,-18.0,0.3565003573894501
8504366,-21.0,0.41213545203208923
8505212,-21.0,0.3687899708747864
8505973,-21.0,0.398337721824646
8506730,-21.0,0.4139282703399658
8507543,-21.0,0.37196287512779236
8508446,-20.0,0.37086808681488037
8509267,-21.0,0.3994576334953308
8510086,-21.0,0.40806421637535095
8511031,-21.0,0.40663376450538635
8511853,-21.0,0.37370800971984863
8512733,-21.0,0.3997511863708496
8513552,-21.0,0.3914141058921814
8514374,-21.0,0.4261430501937866
8515224,-21.0,0.4602784514427185
8516048,-21.0,0.4132593870162964
8516930,-21.0,0.4672342538833618
8517967,-19.0,0.41052278876304626
8518790,-21.0,0.37685665488243103
8519610,-21.0,0.396855890750885
8520462,-21.0,0.3453788459300995
8521301,-21.0,0.36309945583343506
8522127,-21.0,0.380378782749176
8522886,-21.0,0.37359970808029175
8523725,-20.0,0.3782847821712494
8524766,-19.0,0.42625218629837036
8525649,-21.0,0.3946082592010498
8526677,-18.0,0.38756421208381653
8527524,-21.0,0.3462085723876953
8528341,-21.0,0.33632853627204895
8529102,-21.0,0.3792881667613983
8529953,-21.0,0.39175769686698914
8530712,-21.0,0.4110291004180908
8531503,-21.0,0.40816211700439453
8532340,-20.0,0.4414540231227875
8533160,-21.0,0.3713878393173218
8534012,-21.0,0.42028528451919556
8534831,-21.0,0.40724706649780273
8535651,-21.0,0.39617228507995605
8536469,-21.0,0.3937160074710846
8537226,-21.0,0.3847324252128601
8537988,-21.0,0.418262779712677
8538834,-21.0,0.41351792216300964
8539657,-21.0,0.43196240067481995
8540475,-21.0,0.37190407514572144
8541296,-21.0,0.3858569860458374
8542194,-21.0,0.4229542315006256
8543016,-21.0,0.40300095081329346
8543835,-21.0,0.40808820724487305
8544690,-21.0,0.38028812408447266
8545530,-20.0,0.39556655287742615
8546413,-21.0,0.3849129378795624
8547298,-21.0,0.3941327929496765
8548116,-21.0,0.4158967435359955
8548982,-20.0,0.4015413820743561
8549806,-21.0,0.37765175104141235
8550595,-21.0,0.3669328987598419
8551416,-21.0,0.3759469985961914
8552262,-21.0,0.3879416584968567
8553083,-21.0,0.3705213665962219
8553905,-21.0,0.38121116161346436
8554666,-21.0,0.3819921016693115
8555546,-21.0,0.38722431659698486
8556367,-21.0,0.36408787965774536
8557152,-21.0,0.3820442855358124
8557969,-21.0,0.37156039476394653
8558747,-21.0,0.3877251148223877
8559535,-21.0,0.45722562074661255
8560360,-21.0,0.3860242962837219
8561213,-21.0,0.3985840678215027
8562090,-21.0,0.4222574234008789
8562992,-20.0,0.3887799382209778
8563816,-21.0,0.39827242493629456
8564890,-19.0,0.3660338521003723
8565732,-21.0,0.4128316342830658
8566551,-21.0,0.44328686594963074
8567373,-21.0,0.36252927780151367
8568133,-21.0,0.4037068784236908
8568955,-21.0,0.4024839699268341
8569835,-21.0,0.36694851517677307
8570790,-20.0,0.3938538134098053
8571627,-21.0,0.41580069065093994
8572496,-21.0,0.3933502435684204
8573313,-21.0,0.40406686067581177
8574138,-21.0,0.410121351480484
8574929,-21.0,0.39774930477142334
8575752,-21.0,0.36176249384880066
8576659,-21.0,0.37381529808044434
8577626,-21.0,0.42324313521385193
8578466,-21.0,0.4336787462234497
8579289,-21.0,0.358425498008728
8580257,-21.0,0.38313472270965576
8581168,-21.0,0.3705955743789673
8581927,-21.0,0.4186105728149414
8582752,-21.0,0.38941919803619385
8583620,-20.0,0.3957354426383972
8584465,-21.0,0.42445600032806396
8585347,-21.0,0.37542057037353516
8586210,-20.0,0.3964872360229492
8587091,-21.0,0.39526015520095825
8588267,-18.0,0.40824148058891296
8589152,-21.0,0.38964539766311646
8589911,-21.0,0.38746654987335205
8590782,-21.0,0.3795469105243683
8591661,-21.0,0.40478819608688354
8592479,-21.0,0.386061429977417
8593301,-21.0,0.3849508762359619
8594125,-21.0,0.3777564764022827
8594965,-20.0,0.3771072030067444
8595725,-21.0,0.38415443897247314
8596548,-21.0,0.409085750579834
8597371,-21.0,0.3913927376270294
8598249,-21.0,0.3661032021045685
8599075,-21.0,0.4164956212043762
8599925,-21.0,0.39826837182044983
8600716,-21.0,0.4047074317932129
8601555,-21.0,0.3832513391971588
8602435,-21.0,0.38320469856262207
8603256,-21.0,0.40120482444763184
8604048,-21.0,0.4056406021118164
8604868,-21.0,0.43495339155197144
8605654,-21.0,0.389985054731369
8606579,-20.0,0.39736074209213257
8607403,-21.0,0.3793513774871826
8608221,-21.0,0.440504789352417
8609069,-21.0,0.3786248564720154
8609918,-21.0,0.39442217350006104
8610770,-21.0,0.39903002977371216
8611592,-21.0,0.35964226722717285
8612384,-21.0,0.3931610584259033
8613296,-21.0,0.39638587832450867
8614087,-21.0,0.36485952138900757
8614911,-21.0,0.35374921560287476
8615761,-21.0,0.4176868200302124
8616546,-21.0,0.387673020362854
8617370,-21.0,0.38539183139801025
8618194,-21.0,0.41279447078704834
8619015,-21.0,0.4222136437892914
8619837,-21.0,0.39002689719200134
8620654,-21.0,0.347964346408844
8621444,-21.0,0.39564263820648193
8622313,-21.0,0.3903730809688568
8623137,-21.0,0.36742255091667175
8623960,-21.0,0.34667378664016724
8624783,-21.0,0.3962608277797699
8625701,-21.0,0.43151137232780457
8626461,-21.0,0.39414501190185547
8627282,-21.0,0.38874247670173645
8628104,-21.0,0.3332281708717346
8628930,-21.0,0.38786816596984863
8629751,-21.0,0.37834781408309937
8630572,-21.0,0.4125467836856842
8631335,-21.0,0.3966679573059082
8632127,-21.0,0.37691718339920044
8632951,-21.0,0.3736112117767334
8633774,-21.0,0.4246428608894348
8634596,-21.0,0.3884409964084625
8635414,-21.0,0.4200252890586853
8636239,-21.0,0.3580700755119324
8637056,-21.0,0.41290852427482605
8637875,-21.0,0.3563581705093384
8638697,-21.0,0.4131229519844055
8639622,-20.0,0.4315032362937927
8640503,-21.0,0.4078978896141052
8641384,-21.0,0.4263657331466675
8642207,-21.0,0.3678891360759735
8643033,-21.0,0.44117340445518494
8643960,-21.0,0.39847639203071594
8644779,-21.0,0.4276820719242096
8645855,-18.0,0.4273463487625122
8646701,-21.0,0.4024169445037842
8647624,-21.0,0.4092811346054077
8648388,-21.0,0.37716639041900635
8649213,-21.0,0.35058850049972534
8650141,-20.0,0.3837389349937439
8651026,-21.0,0.38709700107574463
8651849,-21.0,0.3974124491214752
8652638,-21.0,0.38262999057769775
8653457,-21.0,0.43295514583587646
8654296,-20.0,0.4069898724555969
8655121,-21.0,0.3977813124656677
8655909,-21.0,0.38663744926452637
8656849,-21.0,0.35977399349212646
8657628,-21.0,0.3772353529930115
8658511,-21.0,0.4120085835456848
8659364,-21.0,0.4349296987056732
8660200,-21.0,0.39665794372558594
8661042,-21.0,0.4111291766166687
8661889,-21.0,0.38257521390914917
8662712,-21.0,0.41879725456237793
8663534,-21.0,0.40473294258117676
8664386,-21.0,0.3484998941421509
8665209,-21.0,0.3778747618198395
8665971,-21.0,0.38275596499443054
8666795,-21.0,0.41700488328933716
8667713,-20.0,0.3936493992805481
8668584,-21.0,0.43513497710227966
8669558,-20.0,0.3770744502544403
8670406,-21.0,0.4167521297931671
8671226,-21.0,0.3885621428489685
8672108,-21.0,0.38850897550582886
8672931,-21.0,0.42248469591140747
8673812,-21.0,0.41494014859199524
8674789,-20.0,0.37740451097488403
8675639,-21.0,0.3887595534324646
8676517,-21.0,0.4134547710418701
8677278,-21.0,0.4014590084552765
8678221,-20.0,0.4222176671028137
8678980,-21.0,0.400205135345459
8679802,-21.0,0.3607328534126282
8680712,-21.0,0.4163142144680023
8681500,-21.0,0.3509093225002289
8682323,-21.0,0.3941296339035034
8683174,-21.0,0.3924224376678467
8684026,-21.0,0.3825313448905945
8684788,-21.0,0.42668020725250244
8685611,-21.0,0.3551289737224579
8686447,-20.0,0.35894256830215454
8687266,-21.0,0.39615678787231445
8688089,-21.0,0.37009525299072266
8688910,-21.0,0.36587536334991455
8689732,-21.0,0.3610979914665222
8690584,-21.0,0.42659735679626465
8691403,-21.0,0.3781464099884033
8692227,-21.0,0.3625272512435913
8693046,-21.0,0.36179670691490173
8693884,-20.0,0.4116111993789673
8694705,-21.0,0.3943277895450592
8695550,-21.0,0.3651908338069916
8696392,-20.0,0.3988760709762573
8697213,-21.0,0.4086329936981201
8698126,-20.0,0.416239470243454
8699007,-21.0,0.38316577672958374
8699890,-21.0,0.37657853960990906
8700711,-21.0,0.39886823296546936
8701533,-21.0,0.3841398358345032
8702326,-21.0,0.4095088243484497
8703151,-21.0,0.43491363525390625
8703910,-21.0,0.3677818775177002
8704732,-21.0,0.42896735668182373
8705596,-20.0,0.3715112805366516
8706416,-21.0,0.3654906451702118
8707258,-21.0,0.39990389347076416
8708125,-20.0,0.4040084481239319
8708945,-21.0,0.41153639554977417
8709766,-21.0,0.3809042274951935
8710587,-21.0,0.39390721917152405
8711466,-21.0,0.40666520595550537
8712288,-21.0,0.3658032715320587
8713196,-21.0,0.380775511264801
8714020,-21.0,0.3795909881591797
8714943,-20.0,0.44598644971847534
8715732,-21.0,0.38621053099632263
8716551,-21.0,0.4266568720340729
8717368,-21.0,0.3667478561401367
8718189,-21.0,0.3855220675468445
8719007,-21.0,0.4107617139816284
8719828,-21.0,0.4436406195163727
8720653,-21.0,0.40147703886032104
8721478,-21.0,0.4320827126502991
8722362,-21.0,0.40578174591064453
8723185,-21.0,0.40850335359573364
8724033,-21.0,0.4383026361465454
8724858,-21.0,0.3659432530403137
8725697,-21.0,0.4135928750038147
8726598,-20.0,0.41944217681884766
8727445,-21.0,0.4065021872520447
8728284,-21.0,0.36693885922431946
8729103,-21.0,0.40379300713539124
8729985,-21.0,0.39246422052383423
8730808,-21.0,0.39549723267555237
8731632,-21.0,0.41360944509506226
8732499,-21.0,0.37995967268943787
8733323,-21.0,0.41254597902297974
8734141,-21.0,0.3899872303009033
8735099,-20.0,0.3967735171318054
8735862,-21.0,0.36091017723083496
8736682,-21.0,0.4014268219470978
8737474,-21.0,0.39413636922836304
8738324,-21.0,0.39594048261642456
8739149,-21.0,0.36193495988845825
8739924,-21.0,0.4105741083621979
8740801,-21.0,0.363599568605423
8741684,-21.0,0.4200916290283203
8742593,-21.0,0.39644312858581543
8743417,-21.0,0.3954775333404541
8744267,-21.0,0.39316168427467346
8745150,-21.0,0.39409732818603516
8745909,-21.0,0.45659947395324707
8746761,-21.0,0.43334412574768066
8747693,-19.0,0.4033810496330261
8748573,-21.0,0.3438652753829956
8749393,-21.0,0.3953186869621277
8750241,-21.0,0.3856159746646881
8751062,-21.0,0.3893516957759857
8751851,-21.0,0.3833141624927521
8752729,-21.0,0.4336009919643402
8753550,-21.0,0.3829095959663391
8754368,-21.0,0.38436359167099
8755238,-21.0,0.3966826796531677
8756063,-21.0,0.358512282371521
8756909,-21.0,0.37776607275009155
8757787,-21.0,0.37510764598846436
8758579,-21.0,0.38865673542022705
8759548,-21.0,0.41906309127807617
8760366,-21.0,0.3880605101585388
8761188,-21.0,0.387518048286438
8762099,-21.0,0.3836013078689575
8762923,-21.0,0.3543980121612549
8763821,-20.0,0.40965503454208374
8764722,-21.0,0.37310874462127686
8765633,-21.0,0.3476305902004242
8766564,-20.0,0.37247157096862793
8767390,-21.0,0.40595024824142456
8768215,-21.0,0.3964258134365082
8769034,-21.0,0.4026598632335663
8770024,-20.0,0.3742448091506958
8770903,-21.0,0.420085072517395
8771724,-21.0,0.40844565629959106
8772546,-21.0,0.4192521870136261
8773424,-21.0,0.35628005862236023
8774246,-21.0,0.3850518465042114
8775093,-21.0,0.40804675221443176
8775977,-21.0,0.38784945011138916
8776857,-21.0,0.42134612798690796
8777676,-21.0,0.38331398367881775
8778561,-21.0,0.3747386932373047
8779383,-21.0,0.36595767736434937
8780230,-21.0,0.39223983883857727
8781108,-21.0,0.41070979833602905
8782136,-21.0,0.41064685583114624
8782959,-21.0,0.38882875442504883
8783720,-21.0,0.447695791721344
8784541,-21.0,0.4030497968196869
8785722,-18.0,0.40305328369140625
8786546,-21.0,0.40821316838264465
8787367,-21.0,0.4621773362159729
8788188,-21.0,0.3869447112083435
8789036,-21.0,0.43639832735061646
8789948,-20.0,0.3891078233718872
8790736,-21.0,0.3950459063053131
8791553,-21.0,0.36518293619155884
8792437,-21.0,0.3847954571247101
8793254,-21.0,0.36519142985343933
8794104,-21.0,0.3717550039291382
8794895,-21.0,0.4194799065589905
8795774,-21.0,0.391512393951416
8796687,-21.0,0.34662190079689026
8797528,-21.0,0.4025525450706482
8798406,-21.0,0.41040176153182983
8799287,-21.0,0.3757747411727905
8800108,-21.0,0.37757185101509094
8800927,-21.0,0.4054248332977295
8801810,-21.0,0.39813321828842163
8802629,-21.0,0.3735882341861725
8803467,-21.0,0.4078017771244049
8804287,-21.0,0.3889530599117279
8805248,-20.0,0.3993208110332489
8806130,-21.0,0.3912442624568939
8806976,-21.0,0.4161002039909363
8807962,-20.0,0.3916376233100891
8808786,-21.0,0.40434426069259644
8809666,-21.0,0.3889612555503845
8810487,-21.0,0.42698967456817627
8811334,-21.0,0.38015878200531006
8812093,-21.0,0.39471763372421265
8812974,-21.0,0.3597182035446167
8813798,-21.0,0.3752824664115906
8814694,-20.0,0.3952619433403015
8815530,-20.0,0.3978580832481384
8816582,-19.0,0.3820762038230896
8817405,-21.0,0.3721725344657898
8818206,-21.0,0.3976251482963562
8818967,-21.0,0.4176951050758362
8819846,-21.0,0.399033784866333
8820791,-21.0,0.4049113988876343
8821670,-21.0,0.40547245740890503
8822511,-21.0,0.40345603227615356
8823647,-18.0,0.34482139348983765
8824529,-21.0,0.35339444875717163
8825349,-21.0,0.40403711795806885
8826231,-21.0,0.39058059453964233
8827079,-21.0,0.40909990668296814
8827901,-21.0,0.3971846103668213
8828719,-21.0,0.3526419401168823
8829619,-20.0,0.40871477127075195
8830456,-20.0,0.4202529788017273
8831342,-21.0,0.38786014914512634
8832184,-20.0,0.39994049072265625
8833003,-21.0,0.36852937936782837
8833849,-21.0,0.4011455178260803
8834639,-21.0,0.373249351978302
8835580,-21.0,0.42380622029304504
8836400,-21.0,0.38665708899497986
8837221,-21.0,0.357068806886673
8838067,-21.0,0.39256078004837036
8838887,-21.0,0.37439391016960144
8839710,-21.0,0.3850967288017273
8840533,-21.0,0.3605547845363617
8841357,-21.0,0.3878733515739441
8842207,-21.0,0.35974812507629395
8843001,-21.0,0.3928704857826233
8843820,-21.0,0.3858146667480469
8844697,-21.0,0.37032967805862427
8845575,-21.0,0.36591506004333496
8846393,-21.0,0.4010801315307617
8847235,-21.0,0.40010327100753784
8848119,-21.0,0.4096287190914154
8848966,-21.0,0.3590734004974365
8849785,-21.0,0.3857041001319885
8850608,-21.0,0.422526478767395
8851432,-21.0,0.37143707275390625
8852256,-21.0,0.36495691537857056
8853136,-21.0,0.41774100065231323
8853894,-21.0,0.3951053023338318
8854676,-21.0,0.385010302066803
8855511,-20.0,0.4022500514984131
8856333,-21.0,0.39295220375061035
8857091,-21.0,0.39518672227859497
8857931,-20.0,0.4198630452156067
8858767,-20.0,0.35537150502204895
8859646,-21.0,0.38920843601226807
8860526,-21.0,0.4254288375377655
8861436,-21.0,0.36773523688316345
8862260,-21.0,0.3842485547065735
8863190,-21.0,0.42058390378952026
8864265,-19.0,0.3683510422706604
8865084,-21.0,0.3863949179649353
8865967,-21.0,0.36278414726257324
8866792,-21.0,0.40289413928985596
8867609,-21.0,0.38805636763572693
8868494,-21.0,0.4277706742286682
8869312,-21.0,0.40705209970474243
8870135,-21.0,0.3723362982273102
8870956,-21.0,0.3986075520515442
8871780,-21.0,0.3976743817329407
8872600,-21.0,0.4068916440010071
8873420,-21.0,0.3957297205924988
8874243,-21.0,0.4170258343219757
8875101,-20.0,0.4036620855331421
8875923,-21.0,0.36263301968574524
8876946,-20.0,0.4448443055152893
8877765,-21.0,0.38584017753601074
8878589,-21.0,0.4351181983947754
8879413,-21.0,0.42433732748031616
8880238,-21.0,0.39412450790405273
8881059,-21.0,0.36647462844848633
8881906,-21.0,0.44776058197021484
8882784,-21.0,0.38245415687561035
8883627,-21.0,0.39297711849212646
8884450,-21.0,0.3923601508140564
8885274,-21.0,0.3668883740901947
8886097,-21.0,0.3712702989578247
8887025,-20.0,0.38344910740852356
8887845,-21.0,0.3584975600242615
8888727,-21.0,0.36410748958587646
8889546,-21.0,0.40340813994407654
8890370,-21.0,0.37714946269989014
8891159,-21.0,0.40796488523483276
8891951,-21.0,0.420451283454895
8892712,-21.0,0.38803863525390625
8893497,-21.0,0.38088545203208923
8894337,-21.0,0.39366018772125244
8895160,-21.0,0.4052748382091522
8896102,-20.0,0.3639899492263794
8896954,-21.0,0.3700879216194153
8897799,-21.0,0.39327171444892883
8898556,-21.0,0.37325531244277954
8899376,-21.0,0.4237562417984009
8900226,-21.0,0.3722535967826843
8901106,-21.0,0.3709147870540619
8901929,-21.0,0.37990957498550415
8902777,-21.0,0.3603920340538025
8903626,-21.0,0.3869938254356384
8904418,-21.0,0.3953680396080017
8905205,-21.0,0.3885038495063782
8906028,-21.0,0.4005301594734192
8906896,-20.0,0.42911195755004883
8907743,-21.0,0.39270052313804626
8908529,-21.0,0.43201977014541626
8909366,-21.0,0.42175692319869995
8910187,-21.0,0.39707502722740173
8911008,-21.0,0.4067923426628113
8911871,-20.0,0.3959035873413086
8912721,-21.0,0.39753174781799316
8913649,-20.0,0.41335171461105347
8914472,-21.0,0.40679556131362915
8915352,-21.0,0.3977890610694885
8916193,-21.0,0.3533068597316742
8917011,-21.0,0.40805289149284363
8917797,-21.0,0.3821585178375244
8918617,-21.0,0.3835082948207855
8919442,-21.0,0.36588436365127563
8920323,-21.0,0.40781086683273315
8921145,-21.0,0.4017127752304077
8921990,-21.0,0.39518147706985474
8922813,-21.0,0.3865404725074768
8923694,-21.0,0.39099812507629395
8924515,-21.0,0.3997294008731842
8925296,-21.0,0.33595579862594604
8926354,-18.0,0.3692992925643921
8927172,-21.0,0.4004499912261963
8928052,-21.0,0.40820223093032837
8928962,-21.0,0.3903985619544983
8929786,-21.0,0.4076762795448303
8930825,-20.0,0.40332019329071045
8931734,-21.0,0.4067017138004303
8932555,-21.0,0.4022989273071289
8933340,-21.0,0.4098200798034668
8934173,-20.0,0.428068608045578
8935207,-20.0,0.3928753733634949
8936137,-20.0,0.3701609671115875
8936915,-21.0,0.3895457983016968
8937738,-21.0,0.40453553199768066
8938633,-20.0,0.420622318983078
8939457,-21.0,0.40334516763687134
8940278,-21.0,0.40479692816734314
8941180,-20.0,0.3773612678050995
8942004,-21.0,0.3789500892162323
8942825,-21.0,0.43164074420928955
8943635,-21.0,0.37262314558029175
8944423,-21.0,0.3587428629398346
8945244,-21.0,0.3612767159938812
8946066,-21.0,0.389269083738327
8946886,-21.0,0.3891867995262146
8947736,-21.0,0.43634864687919617
8948618,-21.0,0.38671326637268066
8949408,-21.0,0.4049556851387024
8950247,-21.0,0.395853728055954
8951069,-21.0,0.3824625611305237
8951890,-21.0,0.39769503474235535
8952668,-21.0,0.3967753052711487
8953489,-21.0,0.4000733494758606
8954315,-21.0,0.38852429389953613
8955176,-20.0,0.4295269846916199
8956098,-20.0,0.36791568994522095
8956944,-21.0,0.3804451823234558
8957763,-21.0,0.36733895540237427
8958610,-21.0,0.3957780599594116
8959435,-21.0,0.3584121763706207
8960258,-21.0,0.43319737911224365
8961190,-19.0,0.4151460528373718
8961951,-21.0,0.3742697238922119
8962709,-21.0,0.3983036279678345
8963551,-21.0,0.4163750410079956
8964476,-20.0,0.38460204005241394
8965419,-21.0,0.3923429250717163
8966237,-21.0,0.41158217191696167
8967059,-21.0,0.3849984407424927
8967822,-21.0,0.43338266015052795
8968643,-21.0,0.39841222763061523
8969469,-21.0,0.40671616792678833
8970312,-21.0,0.40560096502304077
8971100,-21.0,0.40973830223083496
8971932,-20.0,0.38234221935272217
8972753,-21.0,0.3967328667640686
8973664,-21.0,0.4084552526473999
8974426,-21.0,0.41832661628723145
8975249,-21.0,0.4300107955932617
8976067,-21.0,0.4461527466773987
8976857,-21.0,0.3823249936103821
8977645,-21.0,0.4324013590812683
8978470,-21.0,0.39223235845565796
8979292,-21.0,0.3863956928253174
8980083,-21.0,0.36707842350006104
8980907,-21.0,0.36462604999542236
8981665,-21.0,0.41625940799713135
8982509,-20.0,0.4085197150707245
8983329,-21.0,0.3932369649410248
8984154,-21.0,0.36657923460006714
8985193,-20.0,0.3752785921096802
8985982,-21.0,0.321800172328949
8986743,-21.0,0.3894230127334595
8987593,-21.0,0.4112035930156708
8988414,-21.0,0.3824312686920166
8989236,-21.0,0.357217401266098
8990055,-21.0,0.38950979709625244
8990816,-21.0,0.37593209743499756
8991667,-21.0,0.39529773592948914
8992488,-21.0,0.38626983761787415
8993429,-21.0,0.3618130683898926
8994277,-21.0,0.3824251592159271
8995101,-21.0,0.4072856307029724
8995923,-21.0,0.4376947283744812
8996748,-21.0,0.4278300106525421
8997631,-21.0,0.40482115745544434
8998479,-21.0,0.3826097249984741
8999439,-21.0,0.3974849581718445
9000320,-21.0,0.37161985039711
9001187,-21.0,0.4336928129196167
9002065,-21.0,0.367229700088501
9002904,-21.0,0.39663103222846985
9003727,-21.0,0.3987038731575012
9004608,-21.0,0.4332965612411499
9005428,-21.0,0.39833226799964905
9006383,-20.0,0.4070574939250946
9007264,-21.0,0.4071803689002991
9008145,-21.0,0.3799188733100891
9008997,-21.0,0.38882505893707275
9009881,-21.0,0.41813337802886963
9010823,-21.0,0.4015836715698242
9011764,-21.0,0.4377646744251251
9012614,-21.0,0.4256173372268677
9013463,-21.0,0.4125003218650818
9014343,-21.0,0.4206950068473816
9015306,-19.0,0.42231640219688416
9016189,-21.0,0.39515066146850586
9017069,-21.0,0.4707794785499573
9017889,-21.0,0.38445475697517395
9019025,-18.0,0.42185989022254944
9019872,-21.0,0.4653662443161011
9020692,-21.0,0.371381938457489
9021539,-21.0,0.40451580286026
9022508,-21.0,0.376809298992157
9023390,-21.0,0.36594638228416443
9024274,-21.0,0.38080543279647827
9025072,-21.0,0.4125405550003052
9025893,-21.0,0.41258180141448975
9026740,-21.0,0.37573564052581787
9027619,-21.0,0.3689623475074768
9028441,-21.0,0.35867053270339966
9029265,-21.0,0.42490068078041077
9030087,-21.0,0.3451048731803894
9030972,-21.0,0.40205466747283936
9031796,-21.0,0.4118008017539978
9032559,-21.0,0.3650174140930176
9033474,-21.0,0.42565345764160156
9034357,-21.0,0.3898966908454895
9035237,-21.0,0.44222766160964966
9036149,-21.0,0.4037385582923889
9036966,-21.0,0.4149826467037201
9037844,-21.0,0.39514654874801636
9038726,-21.0,0.4076867401599884
9039550,-21.0,0.3871535658836365
9040373,-21.0,0.39719733595848083
9041195,-21.0,0.41771772503852844
9042018,-21.0,0.4091811180114746
9042841,-21.0,0.38301992416381836
9043662,-21.0,0.36205875873565674
9044420,-21.0,0.35827744007110596
9045291,-21.0,0.41750872135162354
9046055,-21.0,0.37648510932922363
9046999,-21.0,0.420132577419281
9047884,-21.0,0.374549925327301
9048764,-21.0,0.39861422777175903
9049584,-21.0,0.4061740040779114
9050430,-21.0,0.38999372720718384
9051269,-21.0,0.37937626242637634
9052150,-21.0,0.38989585638046265
9053002,-21.0,0.39888644218444824
9053820,-21.0,0.39096659421920776
9054643,-21.0,0.3924315273761749
9055465,-21.0,0.3838525712490082
9056351,-21.0,0.35876017808914185
9057170,-21.0,0.4207038879394531
9058020,-21.0,0.38326573371887207
9058844,-21.0,0.41333478689193726
9059664,-21.0,0.44690656661987305
9060425,-21.0,0.3798849582672119
9061242,-21.0,0.42110106348991394
9062062,-21.0,0.3880373239517212
9062821,-21.0,0.35388556122779846
9063767,-20.0,0.4006773829460144
9064604,-21.0,0.38076239824295044
9065442,-21.0,0.4036129117012024
9066263,-21.0,0.4072379171848297
9067081,-21.0,0.39975619316101074
9067928,-21.0,0.42840343713760376
9068690,-21.0,0.38616931438446045
9069511,-21.0,0.38584738969802856
9070332,-21.0,0.3911331295967102
9071151,-21.0,0.4112045168876648
9071911,-21.0,0.41391247510910034
9072782,-20.0,0.367267906665802
9073681,-20.0,0.37490925192832947
9074501,-21.0,0.3842146396636963
9075419,-20.0,0.3959675431251526
9076241,-21.0,0.40086859464645386
9077066,-21.0,0.3991773724555969
9077859,-21.0,0.3984774053096771
9078623,-21.0,0.39848223328590393
9079460,-20.0,0.39152297377586365
9080281,-21.0,0.3895195424556732
9081119,-21.0,0.4155905842781067
9081939,-21.0,0.3803147077560425
9082760,-21.0,0.38881415128707886
9083586,-21.0,0.3898085057735443
9084464,-21.0,0.4054065942764282
9085473,-19.0,0.42668065428733826
9086315,-21.0,0.40653473138809204
9087072,-21.0,0.41414564847946167
9087891,-21.0,0.40212664008140564
9088650,-21.0,0.41500693559646606
9089475,-21.0,0.3970162272453308
9090359,-21.0,0.4027777314186096
9091182,-21.0,0.3675525188446045
9092022,-20.0,0.40311163663864136
9092871,-21.0,0.38670292496681213
9093689,-21.0,0.39570051431655884
9094509,-21.0,0.36721912026405334
9095639,-19.0,0.4194369316101074
9096457,-21.0,0.3971736431121826
9097277,-21.0,0.3900226950645447
9098154,-21.0,0.36063152551651
9098933,-21.0,0.36363929510116577
9099758,-21.0,0.3821580708026886
9100522,-21.0,0.40179726481437683
9101346,-21.0,0.3704640865325928
9102164,-21.0,0.3987758159637451
9103045,-21.0,0.3996585011482239
9103868,-21.0,0.3978690207004547
9104689,-21.0,0.4001259207725525
9105512,-21.0,0.32835716009140015
9106376,-21.0,0.39291638135910034
9107194,-21.0,0.3995262384414673
9107973,-21.0,0.4152787923812866
9108731,-21.0,0.39965343475341797
9109550,-21.0,0.43427830934524536
9110369,-21.0,0.3875163793563843
9111193,-21.0,0.37645068764686584
9112041,-21.0,0.38816455006599426
9112894,-21.0,0.4015237092971802
9113980,-19.0,0.41324663162231445
9114800,-21.0,0.41842395067214966
9115618,-21.0,0.4156389832496643
9116436,-21.0,0.4274662733078003
9117260,-21.0,0.39681482315063477
9118140,-21.0,0.43511131405830383
9118960,-21.0,0.405524343252182
9119780,-21.0,0.39354634284973145
9120540,-21.0,0.4103969931602478
9121361,-21.0,0.46105074882507324
9122206,-21.0,0.3754726052284241
9123026,-21.0,0.38578858971595764
9123847,-21.0,0.4038085341453552
9124671,-21.0,0.43612563610076904
9125520,-21.0,0.39608073234558105
9126344,-21.0,0.40336477756500244
9127166,-21.0,0.37352773547172546
9128003,-21.0,0.3748515844345093
9128840,-20.0,0.38867270946502686
9129657,-21.0,0.3793547749519348
9130445,-21.0,0.34279340505599976
9131667,-16.0,0.3805971145629883
9132485,-21.0,0.39827895164489746
9133302,-21.0,0.39833828806877136
9134122,-21.0,0.45695602893829346
9134940,-21.0,0.44390568137168884
9135698,-21.0,0.3823060095310211
9136520,-21.0,0.40629464387893677
9137306,-21.0,0.4048149585723877
9138158,-21.0,0.40064916014671326
9138917,-21.0,0.41172778606414795
9139739,-21.0,0.4375022053718567
9140528,-21.0,0.39309102296829224
9141474,-21.0,0.3637579083442688
9142298,-21.0,0.43200647830963135
9143117,-21.0,0.39917904138565063
9143965,-21.0,0.3809586763381958
9144789,-21.0,0.3898952305316925
9145609,-21.0,0.40290385484695435
9146450,-21.0,0.4046005606651306
9147438,-20.0,0.45669490098953247
9148256,-21.0,0.44059035181999207
9149093,-21.0,0.4006431996822357
9149912,-21.0,0.3668898344039917
9150735,-21.0,0.455324649810791
9151618,-21.0,0.40650537610054016
9152562,-20.0,0.3679076135158539
9153324,-21.0,0.3765087127685547
9154164,-21.0,0.3706167936325073
9154986,-21.0,0.4049158990383148
9155932,-20.0,0.4296841025352478
9156784,-21.0,0.4151352047920227
9157563,-21.0,0.38851696252822876
9158320,-21.0,0.41714972257614136
9159202,-21.0,0.3533408045768738
9160044,-20.0,0.4157971143722534
9160864,-21.0,0.3896101117134094
9161747,-21.0,0.4045255184173584
9162595,-21.0,0.405584454536438
9163414,-21.0,0.37831875681877136
9164284,-20.0,0.39628690481185913
9165121,-20.0,0.4416235089302063
9166006,-21.0,0.377916544675827
9166830,-21.0,0.37053173780441284
9167589,-21.0,0.40197789669036865
9168406,-21.0,0.43260619044303894
9169360,-20.0,0.4099092483520508
9170202,-21.0,0.38745081424713135
9171026,-21.0,0.39047062397003174
9171844,-21.0,0.39392054080963135
9172665,-21.0,0.3775821626186371
9173427,-21.0,0.4230157732963562
9174273,-21.0,0.3613656163215637
9175092,-21.0,0.44298529624938965
9175913,-21.0,0.4107595980167389
9176734,-21.0,0.46452030539512634
9177615,-21.0,0.3846818804740906
9178374,-21.0,0.42457038164138794
9179282,-21.0,0.4234246015548706
9180071,-21.0,0.4379197359085083
9180948,-21.0,0.3930078148841858
9181769,-21.0,0.3766702711582184
9182546,-21.0,0.35962235927581787
9183371,-21.0,0.39812248945236206
9184347,-20.0,0.4099764823913574
9185167,-21.0,0.3407486081123352
9186140,-20.0,0.4056270718574524
9186960,-21.0,0.3769233822822571
9187830,-21.0,0.3900497257709503
9188678,-21.0,0.40747007727622986
9189504,-21.0,0.4021415412425995
9190262,-21.0,0.410907506942749
9191082,-21.0,0.4123639464378357
9191872,-21.0,0.3799963593482971
9192802,-20.0,0.3723260760307312
9193622,-21.0,0.419589102268219
9194446,-21.0,0.39835160970687866
9195296,-21.0,0.41037046909332275
9196054,-21.0,0.38262757658958435
9196872,-21.0,0.38401228189468384
9197692,-21.0,0.3876453638076782
9198515,-21.0,0.41132867336273193
9199303,-21.0,0.36620813608169556
9200121,-21.0,0.4226909577846527
9200943,-21.0,0.45036637783050537
9201883,-20.0,0.39025622606277466
9202720,-21.0,0.39048436284065247
9203746,-19.0,0.3499031960964203
9204565,-21.0,0.37137189507484436
9205390,-21.0,0.3902963697910309
9206152,-21.0,0.4228318929672241
9206912,-21.0,0.3837584853172302
9207731,-21.0,0.39174002408981323
9208555,-21.0,0.3958098888397217
9209318,-21.0,0.3953026533126831
9210199,-21.0,0.4079546332359314
9211019,-21.0,0.381174772977829
9211841,-21.0,0.38940203189849854
9212604,-21.0,0.4043358564376831
9213484,-21.0,0.36680877208709717
9214320,-21.0,0.36875081062316895
9215139,-21.0,0.4286227226257324
9215986,-21.0,0.38246673345565796
9216839,-21.0,0.420092910528183
9217677,-21.0,0.40560200810432434
9218513,-20.0,0.4024595320224762
9219337,-21.0,0.41976624727249146
9220126,-21.0,0.34424346685409546
9220883,-21.0,0.4185936450958252
9221702,-21.0,0.4224153161048889
9222520,-21.0,0.37201428413391113
9223341,-21.0,0.39373713731765747
9224160,-21.0,0.40750694274902344
9224920,-21.0,0.39752650260925293
9225781,-21.0,0.32713252305984497
9226543,-21.0,0.4116925597190857
9227307,-21.0,0.3902931809425354
9228148,-20.0,0.358805775642395
9228935,-21.0,0.36833539605140686
9229692,-21.0,0.35612601041793823
9230452,-21.0,0.3539995551109314
9231244,-21.0,0.3812682628631592
9232008,-21.0,0.4032011330127716
9232827,-21.0,0.4411866068840027
9233802,-20.0,0.47003173828125
9234563,-21.0,0.3389924466609955
9235381,-21.0,0.41335493326187134
9236298,-20.0,0.4387734532356262
9237243,-20.0,0.38753437995910645
9238088,-21.0,0.3482651710510254
9238935,-21.0,0.3982430100440979
9239758,-21.0,0.42502743005752563
9240603,-21.0,0.3964115381240845
9241454,-21.0,0.3609057068824768
9242275,-21.0,0.33515721559524536
9243098,-21.0,0.3650113344192505
9243978,-21.0,0.3844456970691681
9244796,-21.0,0.3847707509994507
9245560,-21.0,0.4273603558540344
9246347,-21.0,0.4145748019218445
9247231,-21.0,0.36927106976509094
9248249,-20.0,0.42421606183052063
9249222,-20.0,0.4042208194732666
9250043,-21.0,0.4091123938560486
9250922,-21.0,0.3622233271598816
9251700,-21.0,0.4624949097633362
9252536,-21.0,0.3889181315898895
9253353,-21.0,0.38927000761032104
9254111,-21.0,0.39622530341148376
9254988,-21.0,0.41296157240867615
9255806,-21.0,0.3687751293182373
9256691,-21.0,0.43068158626556396
9257511,-21.0,0.4162423014640808
9258329,-21.0,0.3843729496002197
9259179,-21.0,0.40249985456466675
9259940,-21.0,0.39561745524406433
9260729,-21.0,0.4272855222225189
9261549,-21.0,0.3751189112663269
9262426,-21.0,0.37422382831573486
9263246,-21.0,0.3934682011604309
9264070,-21.0,0.3898419141769409
9264987,-20.0,0.37680432200431824
9265868,-21.0,0.3936194181442261
9266690,-21.0,0.3413470685482025
9267535,-21.0,0.331368088722229
9268357,-21.0,0.3952784836292267
9269212,-21.0,0.398392915725708
9270030,-21.0,0.3910585641860962
9270974,-21.0,0.36779797077178955
9271822,-21.0,0.36342674493789673
9272609,-21.0,0.3937922418117523
9273400,-21.0,0.346969872713089
9274279,-21.0,0.3856255114078522
9275102,-21.0,0.38824546337127686
9275924,-21.0,0.39224809408187866
9276742,-21.0,0.33503758907318115
9277561,-21.0,0.3806121349334717
9278384,-21.0,0.3766520023345947
9279206,-21.0,0.3944706916809082
9280024,-21.0,0.3644559383392334
9280871,-21.0,0.35955625772476196
9281690,-21.0,0.42506635189056396
9282448,-21.0,0.37092483043670654
9283266,-21.0,0.4078342914581299
9284086,-21.0,0.34729254245758057
9284863,-21.0,0.38334935903549194
9285686,-21.0,0.36446499824523926
9286549,-20.0,0.417222797870636
9287430,-21.0,0.41047027707099915
9288254,-21.0,0.4239223003387451
9289018,-21.0,0.3969256281852722
9289841,-21.0,0.3748818635940552
9290663,-21.0,0.3765079081058502
9291486,-21.0,0.4125015437602997
9292415,-21.0,0.43242859840393066
9293177,-21.0,0.4241136908531189
9293969,-21.0,0.42296281456947327
9294789,-21.0,0.3824920356273651
9295606,-21.0,0.39140409231185913
9296427,-21.0,0.4155517816543579
9297247,-21.0,0.39611703157424927
9298065,-21.0,0.4075094759464264
9298918,-21.0,0.36272430419921875
9299743,-21.0,0.38708585500717163
9300563,-21.0,0.3871903717517853
9301386,-21.0,0.3680761456489563
9302203,-21.0,0.38520553708076477
9303025,-21.0,0.4071972370147705
9303845,-21.0,0.4015791714191437
9304681,-21.0,0.4034969210624695
9305626,-21.0,0.35627830028533936
9306508,-21.0,0.3683921694755554
9307329,-21.0,0.38112249970436096
9308208,-21.0,0.39996954798698425
9308995,-21.0,0.39781415462493896
9309879,-21.0,0.39160943031311035
9310728,-21.0,0.4150892496109009
9311549,-21.0,0.4183197021484375
9312399,-21.0,0.349551260471344
9313279,-21.0,0.39767003059387207
9314101,-21.0,0.39387521147727966
9314919,-21.0,0.4315052032470703
9315931,-19.0,0.3805733621120453
9316799,-20.0,0.3641590476036072
9317622,-21.0,0.3851531744003296
9318441,-21.0,0.3943311870098114
9319319,-21.0,0.4016203284263611
9320111,-21.0,0.3849679231643677
9320963,-21.0,0.3654685616493225
9321783,-21.0,0.37086060643196106
9322605,-21.0,0.38678157329559326
9323429,-21.0,0.37919676303863525
9324340,-21.0,0.43481895327568054
9325161,-21.0,0.3786313235759735
9325953,-21.0,0.4118959307670593
9326735,-21.0,0.42168566584587097
9327587,-21.0,0.3693315386772156
9328435,-21.0,0.3686872124671936
9329283,-21.0,0.39599812030792236
9330105,-21.0,0.3983471393585205
9330924,-21.0,0.4053226113319397
9331810,-21.0,0.4077059030532837
9332600,-21.0,0.4251561164855957
9333485,-21.0,0.38855284452438354
9334304,-21.0,0.40567466616630554
9335182,-21.0,0.3595331609249115
9336024,-21.0,0.39323651790618896
9337032,-20.0,0.3770320415496826
9337851,-21.0,0.38231372833251953
9338700,-21.0,0.4034475088119507
9339581,-21.0,0.383441686630249
9340403,-21.0,0.3822965621948242
9341381,-20.0,0.3469996154308319
9342200,-21.0,0.43430978059768677
9343019,-21.0,0.38080865144729614
9343872,-21.0,0.3720959424972534
9344721,-21.0,0.38973507285118103
9345539,-21.0,0.4428841471672058
9346424,-21.0,0.36652541160583496
9347246,-21.0,0.3961780071258545
9348010,-21.0,0.4048292636871338
9348772,-21.0,0.39972415566444397
9349590,-21.0,0.3836214244365692
9350409,-21.0,0.3592592477798462
9351227,-21.0,0.3758074939250946
9352104,-21.0,0.3702276647090912
9352923,-21.0,0.3995703458786011
9353746,-21.0,0.3678532540798187
9354592,-21.0,0.40880799293518066
9355413,-21.0,0.42005473375320435
9356233,-21.0,0.4021490812301636
9357075,-21.0,0.43531471490859985
9357959,-21.0,0.394981324672699
9358781,-21.0,0.4291006326675415
9359602,-21.0,0.3867531716823578
9360421,-21.0,0.40094462037086487
9361240,-21.0,0.4426567554473877
9362064,-21.0,0.40390485525131226
9362887,-21.0,0.37262314558029175
9363712,-21.0,0.3861386179924011
9364598,-21.0,0.41254350543022156
9365540,-20.0,0.37720799446105957
9366360,-21.0,0.3731630742549896
9367274,-20.0,0.3968753218650818
9368120,-21.0,0.349514901638031
9369064,-21.0,0.4021414816379547
9369850,-21.0,0.39050614833831787
9370672,-21.0,0.35380905866622925
9371492,-21.0,0.3735315799713135
9372375,-21.0,0.3731032609939575
9373254,-21.0,0.39733511209487915
9374042,-21.0,0.35889363288879395
9374859,-21.0,0.38160836696624756
9375744,-21.0,0.41295164823532104
9376567,-21.0,0.36447760462760925
9377459,-20.0,0.3501598834991455
9378281,-21.0,0.39756113290786743
9379221,-21.0,0.4152998924255371
9380061,-21.0,0.40035632252693176
9380899,-21.0,0.3996404707431793
9381718,-21.0,0.4285407066345215
9382536,-21.0,0.4111628532409668
9383383,-21.0,0.4205281138420105
9384234,-21.0,0.38694560527801514
9385076,-21.0,0.3787817656993866
9385899,-21.0,0.41154995560646057
9386717,-21.0,0.38990482687950134
9387536,-21.0,0.3959586024284363
9388417,-21.0,0.34854501485824585
9389267,-21.0,0.40586787462234497
9390152,-21.0,0.3986690044403076
9391032,-21.0,0.4089507460594177
9391913,-21.0,0.4161071181297302
9392732,-21.0,0.3919525444507599
9393558,-21.0,0.4294365644454956
9394410,-20.0,0.3835653066635132
9395174,-21.0,0.3714313507080078
9395936,-21.0,0.37304335832595825
9396760,-21.0,0.3870328962802887
9397639,-21.0,0.3875640332698822
9398463,-21.0,0.37955567240715027
9399345,-21.0,0.4322981834411621
9400165,-21.0,0.41090068221092224
9401029,-20.0,0.38194772601127625
9401789,-21.0,0.38849273324012756
9402578,-21.0,0.3371889591217041
9403401,-21.0,0.4058271646499634
9404224,-21.0,0.375101774930954
9405002,-21.0,0.38066184520721436
9405884,-21.0,0.4061460494995117
9406768,-21.0,0.3941202759742737
9407616,-21.0,0.37648582458496094
9408495,-21.0,0.41163644194602966
9409312,-21.0,0.4454779624938965
9410131,-21.0,0.4227529466152191
9410920,-21.0,0.389565646648407
9411739,-21.0,0.43240851163864136
9412499,-21.0,0.35859957337379456
9413346,-21.0,0.3592359125614166
9414247,-20.0,0.39246875047683716
9415037,-21.0,0.39952170848846436
9415876,-21.0,0.3692900836467743
9416701,-21.0,0.3726981282234192
9417582,-21.0,0.3760550916194916
9418342,-21.0,0.42394858598709106
9419160,-21.0,0.36568114161491394
9420040,-21.0,0.3706538677215576
9420876,-21.0,0.39247602224349976
9421771,-20.0,0.38095974922180176
9422594,-21.0,0.3810895085334778
9423437,-21.0,0.39942705631256104
9424255,-21.0,0.394050657749176
9425075,-21.0,0.433546781539917
9425897,-21.0,0.40368497371673584
9426715,-21.0,0.3731309175491333
9427490,-21.0,0.3801228702068329
9428310,-21.0,0.3986026346683502
9429191,-21.0,0.3884890377521515
9430103,-20.0,0.4062044024467468
9430925,-21.0,0.3970215320587158
9432013,-18.0,0.3820638954639435
9433038,-19.0,0.40070316195487976
9433920,-21.0,0.3713729977607727
9434765,-21.0,0.35453665256500244
9435612,-21.0,0.4200664758682251
9436462,-21.0,0.38513052463531494
9437282,-21.0,0.43330177664756775
9438121,-20.0,0.3777921497821808
9438942,-21.0,0.3960232138633728
9439764,-21.0,0.3977447748184204
9440612,-21.0,0.39260900020599365
9441432,-21.0,0.35200005769729614
9442250,-21.0,0.38500186800956726
9443096,-21.0,0.4292527735233307
9443917,-21.0,0.41097408533096313
9444734,-21.0,0.3720085024833679
9445521,-21.0,0.353304386138916
9446342,-21.0,0.38334086537361145
9447225,-21.0,0.3541802763938904
9448048,-21.0,0.37269508838653564
9448872,-21.0,0.3867872953414917
9449690,-21.0,0.42655888199806213
9450509,-21.0,0.3560846447944641
9451391,-21.0,0.4589170813560486
9452210,-21.0,0.3694467842578888
9453030,-21.0,0.3930663764476776
9453909,-21.0,0.40815889835357666
9454759,-21.0,0.37861210107803345
9455628,-20.0,0.4113837480545044
9456452,-21.0,0.39246243238449097
9457294,-20.0,0.4274802803993225
9458083,-21.0,0.39479321241378784
9458925,-21.0,0.41693443059921265
9459837,-21.0,0.41481250524520874
9460655,-21.0,0.4039609134197235
9461479,-21.0,0.41069352626800537
9462239,-21.0,0.35583603382110596
9463122,-21.0,0.37930527329444885
9464066,-21.0,0.4221941828727722
9465036,-21.0,0.4216945171356201
9465859,-21.0,0.37215596437454224
9466760,-20.0,0.3953748345375061
9467722,-20.0,0.35380685329437256
9468588,-20.0,0.4173927307128906
9469528,-21.0,0.36115556955337524
9470406,-21.0,0.39496326446533203
9471188,-21.0,0.34890565276145935
9472050,-21.0,0.40479230880737305
9473258,-19.0,0.4061277210712433
9474081,-21.0,0.38284263014793396
9474899,-21.0,0.3531183898448944
9475662,-21.0,0.427139014005661
9476485,-21.0,0.3756202459335327
9477370,-21.0,0.3877848982810974
9478193,-21.0,0.39130905270576477
9479017,-21.0,0.41849255561828613
9479835,-21.0,0.3937535285949707
9480655,-21.0,0.3938969075679779
9481593,-19.0,0.4260377287864685
9482445,-21.0,0.4089513421058655
9483328,-21.0,0.4217588007450104
9484146,-21.0,0.3567950129508972
9484907,-21.0,0.3807133436203003
9485716,-21.0,0.4007527828216553
9486541,-21.0,0.43424975872039795
9487388,-21.0,0.3647784888744354
9488175,-21.0,0.38899049162864685
9489054,-21.0,0.35631263256073
9490128,-20.0,0.362186074256897
9490980,-21.0,0.3937920331954956
9491756,-21.0,0.38092559576034546
9492580,-21.0,0.3706132769584656
9493415,-20.0,0.41060829162597656
9494294,-21.0,0.32966792583465576
9495119,-21.0,0.38950926065444946
9495966,-21.0,0.40771743655204773
9496836,-20.0,0.38649752736091614
9497654,-21.0,0.4056972563266754
9498476,-21.0,0.4072635769844055
9499421,-21.0,0.3776373863220215
9500304,-21.0,0.38286659121513367
9501156,-21.0,0.4193532466888428
9501976,-21.0,0.4116975665092468
9502871,-20.0,0.43565019965171814
9503752,-21.0,0.40418124198913574
9504573,-21.0,0.42421603202819824
9505394,-21.0,0.3998726010322571
9506277,-21.0,0.3611412048339844
9507128,-21.0,0.3885568678379059
9507976,-21.0,0.40695685148239136
9508856,-21.0,0.3759765625
9509673,-21.0,0.3647593557834625
9510498,-21.0,0.3848719894886017
9511319,-21.0,0.3989630341529846
9512201,-21.0,0.39980900287628174
9513022,-21.0,0.3868415951728821
9513844,-21.0,0.4055888056755066
9514666,-21.0,0.4172782301902771
9515573,-21.0,0.37550410628318787
9516455,-21.0,0.44458991289138794
9517274,-21.0,0.39960065484046936
9518100,-21.0,0.4109423756599426
9518919,-21.0,0.40269145369529724
9519769,-21.0,0.3708166778087616
9520655,-21.0,0.38705193996429443
9521505,-21.0,0.425711989402771
9522328,-21.0,0.38802623748779297
9523153,-21.0,0.4123162031173706
9523989,-21.0,0.37819552421569824
9524835,-21.0,0.35501331090927124
9525654,-21.0,0.3529098927974701
9526475,-21.0,0.38046693801879883
9527294,-21.0,0.3638080954551697
9528112,-21.0,0.3830837905406952
9528932,-21.0,0.37696996331214905
9529816,-21.0,0.41157016158103943
9530667,-21.0,0.42159849405288696
9531629,-20.0,0.3916826844215393
9532480,-21.0,0.38247162103652954
9533344,-21.0,0.4401213526725769
9534163,-21.0,0.37422847747802734
9534987,-21.0,0.3656177222728729
9535826,-21.0,0.3915107846260071
9536672,-21.0,0.34326422214508057
9537494,-21.0,0.3787481486797333
9538342,-21.0,0.37396422028541565
9539223,-21.0,0.39449262619018555
9540138,-20.0,0.3526144027709961
9540957,-21.0,0.35337191820144653
9541795,-21.0,0.3743058443069458
9542620,-21.0,0.4174286127090454
9543466,-21.0,0.387076735496521
9544288,-21.0,0.38065025210380554
9545110,-21.0,0.392800509929657
9546031,-20.0,0.3720813989639282
9546855,-21.0,0.40614354610443115
9547672,-21.0,0.38055741786956787
9548494,-21.0,0.3739534020423889
9549519,-19.0,0.37359699606895447
9550337,-21.0,0.385555624961853
9551250,-21.0,0.380122572183609
9552070,-21.0,0.3901611864566803
9552949,-21.0,0.3652646243572235
9553911,-20.0,0.38741979002952576
9554731,-21.0,0.39176908135414124
9555646,-20.0,0.36800986528396606
9556495,-21.0,0.36321917176246643
9557320,-21.0,0.40610411763191223
9558165,-21.0,0.375446081161499
9558985,-21.0,0.40863803029060364
9559864,-21.0,0.3755709230899811
9560689,-21.0,0.39485108852386475
9561510,-21.0,0.36571067571640015
9562332,-21.0,0.4006391167640686
9563154,-21.0,0.421795129776001
9563944,-21.0,0.40113139152526855
9564763,-21.0,0.33065712451934814
9565583,-21.0,0.4149302542209625
9566375,-21.0,0.4229896068572998
9567328,-20.0,0.43364545702934265
9568171,-21.0,0.40996140241622925
9568931,-21.0,0.402293860912323
9569746,-21.0,0.4083411693572998
9570568,-21.0,0.3940078020095825
9571447,-21.0,0.3844210207462311
9572266,-21.0,0.34608224034309387
9573169,-21.0,0.39692020416259766
9574006,-21.0,0.342637836933136
9574826,-21.0,0.3664981424808502
9575754,-20.0,0.33625322580337524
9576576,-21.0,0.34399527311325073
9577760,-17.0,0.3981526494026184
9578603,-20.0,0.4189150929450989
9579422,-21.0,0.4031636714935303
9580246,-21.0,0.3888442814350128
9581066,-21.0,0.3942839503288269
9581890,-21.0,0.38163039088249207
9582678,-21.0,0.374456524848938
9583500,-21.0,0.42480501532554626
9584323,-21.0,0.36582523584365845
9585143,-21.0,0.3636409044265747
9585965,-21.0,0.3904911279678345
9586860,-20.0,0.34520888328552246
9587819,-20.0,0.4128795266151428
9588668,-21.0,0.36997103691101074
9589486,-21.0,0.3851078748703003
9590711,-18.0,0.38244345784187317
9591533,-21.0,0.42325660586357117
9592357,-21.0,0.3582625687122345
9593240,-21.0,0.3950728178024292
9594079,-21.0,0.38032686710357666
9595014,-21.0,0.35968002676963806
9595800,-21.0,0.34818682074546814
9596621,-21.0,0.395496129989624
9597506,-21.0,0.43375614285469055
9598475,-21.0,0.4075084626674652
9599419,-21.0,0.36154600977897644
9600245,-21.0,0.3920058012008667
9601093,-21.0,0.42066600918769836
9601869,-21.0,0.38742172718048096
9602747,-21.0,0.36504799127578735
9603702,-21.0,0.4348270893096924
9604520,-21.0,0.37323206663131714
9605366,-21.0,0.3887779116630554
9606206,-20.0,0.39023101329803467
9607046,-21.0,0.37956544756889343
9607863,-21.0,0.427767813205719
9608778,-20.0,0.3742637634277344
9609599,-21.0,0.3919857144355774
9610478,-21.0,0.4100070893764496
9611314,-20.0,0.3644123375415802
9612135,-21.0,0.41117218136787415
9612987,-21.0,0.36884763836860657
9613963,-20.0,0.36883631348609924
9614846,-21.0,0.37725353240966797
9615671,-21.0,0.4096612334251404
9616491,-21.0,0.40999478101730347
9617359,-20.0,0.3696252107620239
9618237,-21.0,0.34247255325317383
9619060,-21.0,0.3843510150909424
9619881,-21.0,0.3661491870880127
9620726,-21.0,0.3978816568851471
9621578,-21.0,0.3978186249732971
9622396,-21.0,0.35412347316741943
9623218,-21.0,0.38236337900161743
9624081,-20.0,0.37849169969558716
9624960,-21.0,0.4149840176105499
9625802,-21.0,0.4558950662612915
9626625,-21.0,0.39535290002822876
9627526,-20.0,0.3700743317604065
9628347,-21.0,0.4014992415904999
9629171,-21.0,0.3754355311393738
9630019,-21.0,0.37173664569854736
9630839,-21.0,0.4259182810783386
9631780,-21.0,0.39897000789642334
9632604,-21.0,0.3720444440841675
9633422,-21.0,0.3915133476257324
9634246,-21.0,0.39247453212738037
9635129,-21.0,0.3563367426395416
9636048,-20.0,0.40998655557632446
9636866,-21.0,0.37872588634490967
9637688,-21.0,0.3677738308906555
9638510,-21.0,0.3804694712162018
9639335,-21.0,0.3930189609527588
9640159,-21.0,0.40946316719055176
9640978,-21.0,0.38722628355026245
9641798,-21.0,0.38098740577697754
9642793,-19.0,0.34817206859588623
9643696,-21.0,0.380540132522583
9644457,-21.0,0.41839733719825745
9645278,-21.0,0.4268530607223511
9646099,-21.0,0.38901466131210327
9646924,-21.0,0.37286001443862915
9647775,-21.0,0.3885992765426636
9648594,-21.0,0.3951566815376282
9649357,-21.0,0.3755558133125305
9650260,-20.0,0.40596744418144226
9651078,-21.0,0.37710312008857727
9651957,-21.0,0.3803602457046509
9652775,-21.0,0.4076731204986572
9653597,-21.0,0.40465253591537476
9654419,-21.0,0.3818618655204773
9655244,-21.0,0.3554760813713074
9656065,-21.0,0.3951576054096222
9656888,-21.0,0.37566566467285156
9657709,-21.0,0.3817979097366333
9658561,-21.0,0.4240649938583374
9659480,-20.0,0.37391918897628784
9660239,-21.0,0.38774600625038147
9661062,-21.0,0.38197755813598633
9661916,-21.0,0.3640267252922058
9662708,-21.0,0.3616742789745331
9663529,-21.0,0.36102423071861267
9664352,-21.0,0.3908812403678894
9665172,-21.0,0.3592352569103241
9665996,-21.0,0.3785743713378906
9666784,-21.0,0.374398410320282
9667608,-21.0,0.36417728662490845
9668455,-21.0,0.3856380581855774
9669278,-21.0,0.3955692648887634
9670101,-21.0,0.3693787753582001
9671012,-21.0,0.4186706244945526
9671831,-21.0,0.3957231342792511
9672649,-21.0,0.38196808099746704
9673468,-21.0,0.40698665380477905
9674412,-21.0,0.37406080961227417
9675261,-21.0,0.4102470278739929
9676084,-21.0,0.35375386476516724
9676930,-21.0,0.4130123257637024
9677750,-21.0,0.37803196907043457
9678575,-21.0,0.4252871572971344
9679400,-21.0,0.41524428129196167
9680221,-21.0,0.3843744993209839
9681043,-21.0,0.40822067856788635
9681861,-21.0,0.38407155871391296
9682680,-21.0,0.36310070753097534
9683532,-21.0,0.3859519958496094
9684352,-21.0,0.40280669927597046
9685296,-21.0,0.39448124170303345
9686148,-21.0,0.3907208740711212
9686911,-21.0,0.362929105758667
9687732,-21.0,0.3511629104614258
9688550,-21.0,0.36747366189956665
9689433,-21.0,0.3868681788444519
9690253,-21.0,0.3865482807159424
9691073,-21.0,0.36325305700302124
9691912,-20.0,0.3646588921546936
9692734,-21.0,0.41414380073547363
9693616,-21.0,0.37782543897628784
9694466,-21.0,0.3679230511188507
9695283,-21.0,0.3746803402900696
9696165,-21.0,0.38089561462402344
9697016,-21.0,0.40809768438339233
9697801,-21.0,0.43069320917129517
9698622,-21.0,0.3697938919067383
9699442,-21.0,0.37958917021751404
9700319,-21.0,0.3750845789909363
9701111,-21.0,0.428696870803833
9701898,-21.0,0.3591763377189636
9702717,-21.0,0.3902828097343445
9703722,-20.0,0.387960821390152
9704574,-21.0,0.38186487555503845
9705395,-21.0,0.35601097345352173
9706184,-21.0,0.3725791275501251
9707000,-21.0,0.41438519954681396
9707820,-21.0,0.4291778802871704
9708643,-21.0,0.36936166882514954
9709540,-21.0,0.37494808435440063
9710481,-21.0,0.37822768092155457
9711396,-20.0,0.38564592599868774
9712218,-21.0,0.372271865606308
9713042,-21.0,0.43416425585746765
9713861,-21.0,0.34535670280456543
9714682,-21.0,0.3890557885169983
9715528,-21.0,0.37729936838150024
9716379,-21.0,0.4288151264190674
9717198,-21.0,0.3607251048088074
9718016,-21.0,0.4039895534515381
9718837,-21.0,0.39701414108276367
9719662,-21.0,0.4028298258781433
9720570,-21.0,0.3610401153564453
9721476,-21.0,0.4072761535644531
9722298,-21.0,0.3888903260231018
9723123,-21.0,0.36881232261657715
9723970,-21.0,0.3859039545059204
9724852,-21.0,0.39535218477249146
9725671,-21.0,0.3739813566207886
9726492,-21.0,0.35177886486053467
9727249,-21.0,0.3749020993709564
9728134,-21.0,0.3854038715362549
9728982,-21.0,0.39474231004714966
9729832,-21.0,0.36725467443466187
9730654,-21.0,0.39584115147590637
9731505,-21.0,0.4022434949874878
9732267,-21.0,0.4201211929321289
9733104,-20.0,0.4017884135246277
9734003,-20.0,0.41251012682914734
9735136,-19.0,0.4059962034225464
9735955,-21.0,0.39596402645111084
9736779,-21.0,0.3845047056674957
9737664,-21.0,0.3588017225265503
9738487,-21.0,0.38681668043136597
9739461,-20.0,0.40006643533706665
9740427,-21.0,0.3855302631855011
9741218,-21.0,0.3902265727519989
9742195,-20.0,0.38471975922584534
9743158,-19.0,0.3765122890472412
9744138,-20.0,0.39702925086021423
9744958,-21.0,0.4125087857246399
9745779,-21.0,0.3903186619281769
9746691,-21.0,0.3879096806049347
9747572,-21.0,0.3560088574886322
9748393,-21.0,0.363384872674942
9749217,-21.0,0.39586228132247925
9750036,-21.0,0.41415831446647644
9750915,-21.0,0.3951924443244934
9751740,-21.0,0.4287967383861542
9752681,-20.0,0.3760683238506317
9753532,-21.0,0.333754301071167
9754355,-21.0,0.3702924847602844
9755202,-21.0,0.44441360235214233
9756024,-21.0,0.3693315088748932
9756847,-21.0,0.41154587268829346
9757685,-21.0,0.36914876103401184
9758521,-20.0,0.42595016956329346
9759339,-21.0,0.40375009179115295
9760219,-21.0,0.3647879958152771
9761038,-21.0,0.4030989408493042
9761871,-20.0,0.37847548723220825
9762779,-21.0,0.422452449798584
9763564,-21.0,0.3592430353164673
9764383,-21.0,0.38906314969062805
9765175,-21.0,0.4098743200302124
9766056,-21.0,0.3668292164802551
9766877,-21.0,0.3798716366291046
9767636,-21.0,0.3986004590988159
9768460,-21.0,0.38761717081069946
9769277,-21.0,0.38818976283073425
9770159,-21.0,0.3638005256652832
9770994,-20.0,0.36717933416366577
9771814,-21.0,0.3914809823036194
9772803,-21.0,0.4203335642814636
9773622,-21.0,0.41780003905296326
9774443,-21.0,0.3805338740348816
9775385,-19.0,0.357756108045578
9776295,-21.0,0.3546186685562134
9777117,-21.0,0.4265329837799072
9777940,-21.0,0.3693876564502716
9778698,-21.0,0.351581871509552
9779515,-21.0,0.4047622084617615
9780430,-20.0,0.3954225778579712
9781281,-21.0,0.3549186587333679
9782133,-21.0,0.40049704909324646
9782955,-21.0,0.39901548624038696
9783778,-21.0,0.3885825276374817
9784657,-21.0,0.38009923696517944
9785504,-21.0,0.3993707001209259
9786324,-21.0,0.37886250019073486
9787143,-21.0,0.3865158259868622
9787963,-21.0,0.4445503056049347
9788799,-20.0,0.3883408010005951
9789620,-21.0,0.4142352342605591
9790439,-21.0,0.37010347843170166
9791260,-21.0,0.40016597509384155
9792017,-21.0,0.38527268171310425
9793096,-20.0,0.3806120455265045
9793884,-21.0,0.3674623370170593
9794672,-21.0,0.3793867826461792
9795490,-21.0,0.3847559690475464
9796407,-20.0,0.3834831714630127
9797313,-21.0,0.3692605495452881
9798137,-21.0,0.38065776228904724
9799018,-21.0,0.36100876331329346
9799837,-21.0,0.3864293098449707
9800625,-21.0,0.3461974263191223
9801510,-21.0,0.38955438137054443
9802334,-21.0,0.4080750346183777
9803126,-21.0,0.372907817363739
9803975,-21.0,0.3909865617752075
9804861,-21.0,0.37405717372894287
9805685,-21.0,0.39019864797592163
9806506,-21.0,0.36209625005722046
9807519,-19.0,0.37978142499923706
9808341,-21.0,0.38071250915527344
9809238,-20.0,0.3644391894340515
9810030,-21.0,0.36498481035232544
9810848,-21.0,0.3511461019515991
9811667,-21.0,0.3853546977043152
9812568,-20.0,0.3694467842578888
9813388,-21.0,0.3987918496131897
9814213,-21.0,0.40815526247024536
9815030,-21.0,0.3821814954280853
9815791,-21.0,0.39245590567588806
9816610,-21.0,0.33449530601501465
9817428,-21.0,0.3449156880378723
9818279,-21.0,0.38506025075912476
9819066,-21.0,0.4165251553058624
9819916,-21.0,0.3172370195388794
9820695,-21.0,0.42110955715179443
9821518,-21.0,0.40116065740585327
9822303,-21.0,0.3892155587673187
9823066,-21.0,0.37799912691116333
9823888,-21.0,0.4220409691333771
9824735,-21.0,0.39464834332466125
9825520,-21.0,0.43064209818840027
9826371,-21.0,0.4271763265132904
9827380,-19.0,0.3628738224506378
9828167,-21.0,0.38917386531829834
9828990,-21.0,0.3802017867565155
9829811,-21.0,0.3467560112476349
9830694,-21.0,0.42941007018089294
9831513,-21.0,0.4022316336631775
9832335,-21.0,0.3596550226211548
9833328,-19.0,0.3827923536300659
9834304,-20.0,0.42827141284942627
9835280,-20.0,0.35324040055274963
9836232,-20.0,0.3718526065349579
9837052,-21.0,0.40985989570617676
9837890,-21.0,0.40077701210975647
9838725,-20.0,0.41399097442626953
9839548,-21.0,0.381747841835022
9840369,-21.0,0.37523919343948364
9841249,-21.0,0.365028440952301
9842245,-19.0,0.3824442923069
9843064,-21.0,0.3679003119468689
9844109,-19.0,0.4386902451515198
9844961,-21.0,0.39899957180023193
9845782,-21.0,0.3860558271408081
9846708,-20.0,0.34946125745773315
9847527,-21.0,0.3477713465690613
9848345,-21.0,0.39784306287765503
9849165,-21.0,0.33718448877334595
9849986,-21.0,0.39317190647125244
9850834,-21.0,0.37936002016067505
9851754,-19.0,0.40139228105545044
9852578,-21.0,0.3937148451805115
9853498,-20.0,0.36668381094932556
9854323,-21.0,0.38509273529052734
9855160,-21.0,0.4083095192909241
9855921,-21.0,0.36981284618377686
9856745,-21.0,0.4119289517402649
9857569,-21.0,0.34091752767562866
9858387,-21.0,0.40361687541007996
9859523,-18.0,0.40693897008895874
9860405,-21.0,0.41914939880371094
9861227,-21.0,0.398301362991333
9862110,-21.0,0.3890972137451172
9862989,-21.0,0.40429964661598206
9863825,-20.0,0.3797772526741028
9864645,-21.0,0.4548655152320862
9865465,-21.0,0.40048718452453613
9866226,-21.0,0.42750585079193115
9867046,-21.0,0.3840900659561157
9867867,-21.0,0.3923918604850769
9868813,-21.0,0.35644206404685974
9869637,-21.0,0.43379074335098267
9870477,-20.0,0.3954022526741028
9871299,-21.0,0.36597925424575806
9872147,-21.0,0.37925755977630615
9872966,-21.0,0.35381507873535156
9873846,-21.0,0.4114307761192322
9874666,-21.0,0.4347955882549286
9875430,-21.0,0.3845706284046173
9876255,-21.0,0.37379539012908936
9877105,-21.0,0.38971826434135437
9877924,-21.0,0.38725849986076355
9878684,-21.0,0.36676740646362305
9879562,-21.0,0.35919150710105896
9880462,-20.0,0.4141928553581238
9881287,-21.0,0.41458791494369507
9882045,-21.0,0.36362525820732117
9882929,-21.0,0.3430832624435425
9883750,-21.0,0.37047117948532104
9884661,-21.0,0.40443676710128784
9885438,-21.0,0.4008640944957733
9886260,-21.0,0.37790364027023315
9887080,-21.0,0.44195273518562317
9887960,-21.0,0.38121962547302246
9888780,-21.0,0.4191342890262604
9889600,-21.0,0.3777426481246948
9890448,-21.0,0.37637782096862793
9891268,-21.0,0.3547237515449524
9892090,-21.0,0.4241124093532562
9892910,-21.0,0.373518168926239
9893731,-21.0,0.3766249418258667
9894552,-21.0,0.3820420801639557
9895374,-21.0,0.4026648998260498
9896273,-20.0,0.4131092429161072
9897122,-21.0,0.3835740387439728
9897943,-21.0,0.4109022915363312
9898873,-21.0,0.38247013092041016
9899797,-20.0,0.4272058606147766
9900620,-21.0,0.4178236722946167
9901444,-21.0,0.3858978748321533
9902230,-21.0,0.38625073432922363
9903366,-19.0,0.36542755365371704
9904247,-21.0,0.4135279655456543
9905070,-21.0,0.377381294965744
9905893,-21.0,0.35101473331451416
9906716,-21.0,0.37642866373062134
9907558,-21.0,0.37178802490234375
9908338,-21.0,0.3612317442893982
9909155,-21.0,0.4030698537826538
9909976,-21.0,0.42028388381004333
9910968,-19.0,0.38497257232666016
9911789,-21.0,0.3774007558822632
9912613,-21.0,0.3633630573749542
9913431,-21.0,0.3587688207626343
9914253,-21.0,0.3696194887161255
9915304,-20.0,0.3899540603160858
9916185,-21.0,0.42169731855392456
9917007,-21.0,0.42164111137390137
9918045,-20.0,0.33781546354293823
9918881,-21.0,0.3749868869781494
9919701,-21.0,0.43580982089042664
9920525,-21.0,0.41673600673675537
9921344,-21.0,0.40753453969955444
9922258,-20.0,0.3852648138999939
9923034,-21.0,0.3885762095451355
9923857,-21.0,0.3632793426513672
9924646,-21.0,0.3652353286743164
9925567,-20.0,0.3885843753814697
9926520,-21.0,0.3892139494419098
9927340,-21.0,0.37985754013061523
9928223,-21.0,0.3964107036590576
9929045,-21.0,0.38534343242645264
9929805,-21.0,0.4063332676887512
9930562,-21.0,0.41192173957824707
9931321,-21.0,0.40355345606803894
9932141,-21.0,0.40186983346939087
9932964,-21.0,0.37622886896133423
9933783,-21.0,0.41569364070892334
9934685,-21.0,0.40576666593551636
9935765,-21.0,0.3919551968574524
9936648,-21.0,0.35599276423454285
9937466,-21.0,0.39503300189971924
9938287,-21.0,0.38547998666763306
9939169,-21.0,0.39574551582336426
9939986,-21.0,0.39167553186416626
9940804,-21.0,0.3982107639312744
9941650,-21.0,0.3587327301502228
9942532,-21.0,0.41383546590805054
9943318,-21.0,0.3721221387386322
9944200,-21.0,0.3504396080970764
9945178,-20.0,0.3794785737991333
9946085,-21.0,0.4135282039642334
9947032,-20.0,0.4178277850151062
9947852,-21.0,0.3755301535129547
9948705,-21.0,0.4091421663761139
9949523,-21.0,0.3598591089248657
9950347,-21.0,0.392382949590683
9951167,-21.0,0.38824039697647095
9951987,-21.0,0.3960934579372406
9952807,-21.0,0.3903019428253174
9953586,-21.0,0.4338963031768799
9954405,-21.0,0.40382522344589233
9955230,-21.0,0.3514662981033325
9956054,-21.0,0.38984429836273193
9956873,-21.0,0.39151930809020996
9957691,-21.0,0.4135918617248535
9958500,-21.0,0.3603569269180298
9959320,-21.0,0.3832830488681793
9960144,-21.0,0.40359625220298767
9960963,-21.0,0.37816479802131653
9961786,-21.0,0.41795051097869873
9962604,-21.0,0.3798028826713562
9963548,-21.0,0.41998961567878723
9964433,-21.0,0.39259475469589233
9965272,-20.0,0.37203794717788696
9966036,-21.0,0.3709108233451843
9966859,-21.0,0.46236225962638855
9967621,-21.0,0.34979450702667236
9968398,-21.0,0.3877686560153961
9969161,-21.0,0.3811953663825989
9969982,-21.0,0.3978727459907532
9970805,-21.0,0.40005946159362793
9971626,-21.0,0.40038663148880005
9972466,-20.0,0.3793623149394989
9973317,-21.0,0.439299076795578
9974077,-21.0,0.43259507417678833
9974896,-21.0,0.4454028904438019
9975656,-21.0,0.36897873878479004
9976493,-20.0,0.3711102306842804
9977317,-21.0,0.4167984127998352
9978141,-21.0,0.42427051067352295
9978900,-21.0,0.41189059615135193
9979725,-21.0,0.40651050209999084
9980489,-21.0,0.3667733371257782
9981313,-21.0,0.405122846364975
9982159,-21.0,0.3714748024940491
9983117,-20.0,0.37076687812805176
9983921,-21.0,0.3574555218219757
9984740,-21.0,0.39953476190567017
9985562,-21.0,0.40420329570770264
9986387,-21.0,0.38440853357315063
9987364,-20.0,0.4433897137641907
9988189,-21.0,0.42469143867492676
9989075,-21.0,0.38368964195251465
9989912,-20.0,0.38953787088394165
9990885,-20.0,0.37723925709724426
9991704,-21.0,0.40689095854759216
9992588,-21.0,0.4181559383869171
9993468,-21.0,0.44713568687438965
9994292,-21.0,0.4068511724472046
9995175,-21.0,0.4401952624320984
9995996,-21.0,0.4136461615562439
9996898,-21.0,0.3964085578918457
9997717,-21.0,0.3771333694458008
9998626,-21.0,0.39182037115097046
9999449,-21.0,0.3940979838371277
10000330,-21.0,0.37177056074142456
10001093,-21.0,0.37940773367881775
10001994,-20.0,0.3769226670265198
10002878,-21.0,0.3674378991127014
10003700,-21.0,0.36656445264816284
10004520,-21.0,0.38910824060440063
10005340,-21.0,0.4040278196334839
10006161,-21.0,0.3592134416103363
10006999,-21.0,0.35935908555984497
10007822,-21.0,0.38174399733543396
10008705,-21.0,0.39491546154022217
10009524,-21.0,0.37173712253570557
10010346,-21.0,0.40653347969055176
10011163,-21.0,0.38599732518196106
10012046,-21.0,0.4152621030807495
10012961,-20.0,0.3630814552307129
10013806,-21.0,0.36988365650177
10014683,-21.0,0.35954540967941284
10015506,-21.0,0.44364893436431885
10016329,-21.0,0.3741501271724701
10017148,-21.0,0.38576728105545044
10017972,-21.0,0.3708674907684326
10018758,-21.0,0.38106054067611694
10019577,-21.0,0.36544668674468994
10020549,-20.0,0.3683152198791504
10021413,-20.0,0.3894979953765869
10022296,-21.0,0.40087568759918213
10023143,-21.0,0.4226560592651367
10023995,-21.0,0.4054621458053589
10024846,-21.0,0.3907250165939331
10025760,-21.0,0.38373059034347534
10026579,-21.0,0.3989506661891937
10027402,-21.0,0.3897794485092163
10028221,-21.0,0.43404144048690796
10029060,-20.0,0.3981749713420868
10029939,-21.0,0.40048766136169434
10030762,-21.0,0.40986886620521545
10031735,-20.0,0.4010455012321472
10032552,-21.0,0.3715223968029022
10033376,-21.0,0.4140254259109497
10034194,-21.0,0.4040071368217468
10035015,-21.0,0.3679305911064148
10035894,-21.0,0.36394914984703064
10036682,-21.0,0.38973361253738403
10037533,-21.0,0.3332500755786896
10038688,-18.0,0.37134453654289246
10039450,-21.0,0.3659023940563202
10040271,-21.0,0.37028104066848755
10041092,-21.0,0.39375755190849304
10041914,-21.0,0.38151678442955017
10042891,-20.0,0.39396631717681885
10043680,-21.0,0.3953997492790222
10044503,-21.0,0.40575873851776123
10045384,-21.0,0.38631463050842285
10046233,-21.0,0.3745938539505005
10047270,-20.0,0.41391897201538086
10048326,-19.0,0.4039190709590912
10049146,-21.0,0.45882827043533325
10049968,-21.0,0.4441908597946167
10050789,-21.0,0.37993738055229187
10051629,-20.0,0.4112802743911743
10052387,-21.0,0.3927571773529053
10053272,-21.0,0.3684353232383728
10054152,-21.0,0.3771183490753174
10054970,-21.0,0.37247124314308167
10055848,-21.0,0.3613913059234619
10056685,-20.0,0.40903764963150024
10057503,-21.0,0.41542911529541016
10058321,-21.0,0.39167478680610657
10059236,-20.0,0.3593980669975281
10060059,-21.0,0.4163172245025635
10060973,-20.0,0.3891870379447937
10061797,-21.0,0.4209287166595459
10062715,-20.0,0.34950870275497437
10063557,-21.0,0.3656257390975952
10064364,-21.0,0.39856311678886414
10065211,-21.0,0.37436574697494507
10066037,-21.0,0.40848514437675476
10066861,-21.0,0.3816922605037689
10067684,-21.0,0.3928191661834717
10068594,-21.0,0.37071743607521057
10069412,-21.0,0.3686784505844116
10070293,-21.0,0.37961745262145996
10071117,-21.0,0.3742687702178955
10071998,-21.0,0.37205618619918823
10072817,-21.0,0.431362509727478
10073609,-21.0,0.35297638177871704
10074430,-21.0,0.3992106318473816
10075194,-21.0,0.36297744512557983
10076076,-21.0,0.38876909017562866
10076861,-21.0,0.4031517505645752
10077679,-21.0,0.37076807022094727
10078521,-21.0,0.3606151342391968
10079468,-21.0,0.41378095746040344
10080285,-21.0,0.42250168323516846
10081183,-20.0,0.40051332116127014
10082062,-21.0,0.3580242395401001
10082886,-21.0,0.4291566014289856
10083922,-20.0,0.3957035541534424
10084682,-21.0,0.38502562046051025
10085502,-21.0,0.4056374430656433
10086369,-21.0,0.39885348081588745
10087190,-21.0,0.3993573784828186
10087980,-21.0,0.40671437978744507
10088803,-21.0,0.44175243377685547
10089622,-21.0,0.36890435218811035
10090447,-21.0,0.368825227022171
10091268,-21.0,0.3732225298881531
10092086,-21.0,0.3796289265155792
10092988,-20.0,0.3949180245399475
10093872,-21.0,0.39492639899253845
10094695,-21.0,0.3768569827079773
10095613,-20.0,0.3727777302265167
10096591,-20.0,0.3796299695968628
10097441,-21.0,0.4247547388076782
10098260,-21.0,0.4011407494544983
10099085,-21.0,0.41392451524734497
10099878,-21.0,0.3973073363304138
10100701,-21.0,0.3721076250076294
10101582,-21.0,0.3973201513290405
10102469,-21.0,0.4028775095939636
10103294,-21.0,0.4106893837451935
10104145,-21.0,0.38850218057632446
10105185,-20.0,0.40539681911468506
10106070,-21.0,0.39753258228302
10106920,-21.0,0.39716941118240356
10107701,-21.0,0.3959169387817383
10108583,-21.0,0.39323729276657104
10109406,-21.0,0.3770495653152466
10110351,-21.0,0.37887755036354065
10111174,-21.0,0.3410496115684509
10112025,-21.0,0.40497204661369324
10112904,-21.0,0.4156149625778198
10113662,-21.0,0.4090612828731537
10114481,-21.0,0.3860994279384613
10115267,-21.0,0.3718928098678589
10116152,-21.0,0.3942050337791443
10117031,-21.0,0.3847179412841797
10117913,-21.0,0.40273961424827576
10118733,-21.0,0.3666014075279236
10119556,-21.0,0.3601575791835785
10120435,-21.0,0.3676334321498871
10121315,-21.0,0.3890744745731354
10122202,-21.0,0.4179001450538635
10123087,-21.0,0.3937220871448517
10123945,-21.0,0.40395212173461914
10124829,-21.0,0.40928128361701965
10125649,-21.0,0.40606310963630676
10126489,-20.0,0.3971424996852875
10127313,-21.0,0.3533533811569214
10128137,-21.0,0.3760572075843811
10128958,-21.0,0.3987649977207184
10129840,-21.0,0.40908288955688477
10130687,-21.0,0.3694213330745697
10131570,-21.0,0.37478914856910706
10132391,-21.0,0.36638134717941284
10133233,-21.0,0.3798624873161316
10134023,-21.0,0.3718109130859375
10134841,-21.0,0.3737632632255554
10135663,-21.0,0.3835919499397278
10136485,-21.0,0.4127122759819031
10137386,-20.0,0.37883323431015015
10138204,-21.0,0.38868141174316406
10139023,-21.0,0.39105212688446045
10139872,-21.0,0.41347557306289673
10140692,-21.0,0.3880753517150879
10141451,-21.0,0.3813053369522095
10142272,-21.0,0.42291831970214844
10143092,-21.0,0.4113249182701111
10143913,-21.0,0.39896315336227417
10145173,-17.0,0.3811204433441162
10146127,-20.0,0.36663955450057983
10146968,-20.0,0.3560079336166382
10147792,-21.0,0.40135544538497925
10148615,-21.0,0.3827633857727051
10149434,-21.0,0.3827756643295288
10150259,-21.0,0.3758309483528137
10151138,-21.0,0.3702320456504822
10151963,-21.0,0.4141545295715332
10152872,-21.0,0.3570176362991333
10153692,-21.0,0.36914291977882385
10154515,-21.0,0.3761107325553894
10155494,-20.0,0.3874399662017822
10156312,-21.0,0.3762616515159607
10157131,-21.0,0.3643403947353363
10158013,-21.0,0.40106576681137085
10158836,-21.0,0.3984906077384949
10159739,-21.0,0.40328508615493774
10160503,-21.0,0.39204907417297363
10161263,-21.0,0.3988713324069977
10162080,-21.0,0.4024898409843445
10162898,-21.0,0.38102826476097107
10163736,-20.0,0.4371679425239563
10164558,-21.0,0.4250009059906006
10165399,-20.0,0.40478360652923584
10166220,-21.0,0.3549519181251526
10167041,-21.0,0.41221755743026733
10167798,-21.0,0.39615365862846375
10168589,-21.0,0.4043300449848175
10169409,-21.0,0.41466695070266724
10170172,-21.0,0.3931492865085602
10170995,-21.0,0.38842344284057617
10171816,-21.0,0.3845840096473694
10172633,-21.0,0.37182366847991943
10173458,-21.0,0.37542861700057983
10174307,-21.0,0.36216050386428833
10175128,-21.0,0.3758890628814697
10175915,-21.0,0.3585253357887268
10176820,-21.0,0.44438686966896057
10177699,-21.0,0.3914194405078888
10178834,-19.0,0.37696149945259094
10179654,-21.0,0.3954887390136719
10180476,-21.0,0.40753841400146484
10181234,-21.0,0.35907262563705444
10182113,-21.0,0.37221387028694153
10182935,-21.0,0.3905112147331238
10183755,-21.0,0.39856448769569397
10184636,-21.0,0.38808923959732056
10185394,-21.0,0.3825035095214844
10186219,-21.0,0.3703776001930237
10187171,-20.0,0.3898214101791382
10188017,-21.0,0.3698354661464691
10188869,-21.0,0.42373937368392944
10189692,-21.0,0.3996633291244507
10190514,-21.0,0.355663925409317
10191333,-21.0,0.40738505125045776
10192213,-21.0,0.39658355712890625
10193032,-21.0,0.39236775040626526
10193854,-21.0,0.4091871678829193
10194673,-21.0,0.3909655809402466
10195498,-21.0,0.40991801023483276
10196318,-21.0,0.3887307941913605
10197216,-20.0,0.38135671615600586
10198033,-21.0,0.39471161365509033
10198858,-21.0,0.4031742513179779
10199680,-21.0,0.3732009530067444
10200658,-20.0,0.3810155391693115
10201479,-21.0,0.3735901117324829
10202304,-21.0,0.3989259600639343
10203439,-18.0,0.38431358337402344
10204200,-21.0,0.39752161502838135
10205025,-21.0,0.3875567317008972
10205850,-21.0,0.43223583698272705
10206673,-21.0,0.36723336577415466
10207521,-21.0,0.3906996250152588
10208405,-21.0,0.3910676836967468
10209296,-20.0,0.3953268527984619
10210118,-21.0,0.35098955035209656
10210940,-21.0,0.40833574533462524
10211764,-21.0,0.38763272762298584
10212584,-21.0,0.4165818691253662
10213407,-21.0,0.4318225383758545
10214228,-21.0,0.4109036922454834
10215049,-21.0,0.39575859904289246
10215870,-21.0,0.4061097502708435
10216718,-21.0,0.4320719242095947
10217557,-21.0,0.4304281771183014
10218381,-21.0,0.41681331396102905
10219199,-21.0,0.3566506505012512
10220084,-21.0,0.39810848236083984
10220994,-21.0,0.3631609082221985
10221814,-21.0,0.38250160217285156
10222632,-21.0,0.43109703063964844
10223453,-21.0,0.38702040910720825
10224271,-21.0,0.3710269331932068
10225185,-20.0,0.393697053194046
10226099,-20.0,0.35023558139801025
10226983,-21.0,0.3820264935493469
10227823,-21.0,0.3608904480934143
10228730,-21.0,0.39915817975997925
10229733,-21.0,0.4311453104019165
10230559,-21.0,0.416853666305542
10231524,-20.0,0.386197566986084
10232346,-21.0,0.36170637607574463
10233357,-19.0,0.4282461404800415
10234238,-21.0,0.41953420639038086
10235091,-21.0,0.38749778270721436
10235909,-21.0,0.4105162024497986
10236735,-21.0,0.4343753457069397
10237553,-21.0,0.39996740221977234
10238497,-21.0,0.39495930075645447
10239317,-21.0,0.3886333107948303
10240137,-21.0,0.38554224371910095
10240961,-21.0,0.39373886585235596
10241739,-21.0,0.4244951605796814
10242503,-21.0,0.3729248046875
10243419,-20.0,0.3888019919395447
10244378,-20.0,0.35326486825942993
10245198,-21.0,0.40212756395339966
10246023,-21.0,0.4104149639606476
10246846,-21.0,0.352719783782959
10247741,-20.0,0.4305923581123352
10248642,-20.0,0.3715211749076843
10249464,-21.0,0.4211340844631195
10250287,-21.0,0.41631627082824707
10251165,-21.0,0.4027854800224304
10251927,-21.0,0.3806154727935791
10252802,-21.0,0.43351346254348755
10253625,-21.0,0.3992234468460083
10254446,-21.0,0.3982267677783966
10255270,-21.0,0.39742162823677063
10256057,-21.0,0.3750671148300171
10256848,-21.0,0.368429571390152
10257611,-21.0,0.3872261643409729
10258428,-21.0,0.3699977397918701
10259218,-21.0,0.3696017265319824
10260037,-21.0,0.4224627614021301
10260919,-21.0,0.3611580431461334
10261736,-21.0,0.3690182566642761
10262652,-20.0,0.3878169357776642
10263494,-21.0,0.42706114053726196
10264409,-20.0,0.3721734583377838
10265249,-21.0,0.38531962037086487
10266073,-21.0,0.35129931569099426
10266969,-20.0,0.3568440079689026
10267791,-21.0,0.4237072169780731
10268553,-21.0,0.42109179496765137
10269404,-21.0,0.4270394444465637
10270227,-21.0,0.37292784452438354
10271140,-21.0,0.37615716457366943
10272007,-20.0,0.39010876417160034
10273049,-19.0,0.44483888149261475
10273807,-21.0,0.35988834500312805
10274848,-20.0,0.39609062671661377
10275765,-20.0,0.35844701528549194
10276645,-21.0,0.40463119745254517
10277527,-21.0,0.40255245566368103
10278366,-21.0,0.35002803802490234
10279228,-21.0,0.4105771481990814
10280051,-21.0,0.39924493432044983
10280897,-21.0,0.3604114353656769
10281779,-21.0,0.38455986976623535
10282707,-20.0,0.3628484010696411
10283526,-21.0,0.3529214859008789
10284376,-21.0,0.39078596234321594
10285194,-21.0,0.3470248281955719
10286040,-21.0,0.3908059597015381
10286889,-21.0,0.4028873145580292
10287736,-21.0,0.39123862981796265
10288637,-21.0,0.3974788784980774
10289551,-21.0,0.425117552280426
10290370,-21.0,0.391462504863739
10291252,-21.0,0.38825106620788574
10292074,-21.0,0.390888512134552
10292897,-21.0,0.4106202721595764
10293906,-19.0,0.3835291266441345
10294729,-21.0,0.3946884870529175
10295660,-20.0,0.41143998503685
10296465,-21.0,0.43430572748184204
10297254,-21.0,0.403146892786026
10298076,-21.0,0.3712942600250244
10298894,-21.0,0.3399031162261963
10299711,-21.0,0.41268330812454224
10300592,-21.0,0.3997892737388611
10301416,-21.0,0.377806156873703
10302173,-21.0,0.3844360113143921
10302935,-21.0,0.3658818006515503
10303816,-21.0,0.40618839859962463
10304698,-21.0,0.3760322332382202
10305515,-21.0,0.39853769540786743
10306339,-21.0,0.4336480498313904
10307163,-21.0,0.37507757544517517
10307986,-21.0,0.44134271144866943
10309020,-20.0,0.37766191363334656
10309904,-21.0,0.3946060836315155
10310696,-21.0,0.3596171736717224
10311637,-21.0,0.4158670902252197
10312458,-21.0,0.39695581793785095
10313277,-21.0,0.3953818082809448
10314096,-21.0,0.3841892182826996
10314913,-21.0,0.3706408739089966
10315794,-21.0,0.42722225189208984
10316892,-20.0,0.4292232394218445
10317893,-21.0,0.3808214068412781
10318729,-21.0,0.41557252407073975
10319611,-21.0,0.391476035118103
10320529,-20.0,0.41145744919776917
10321352,-21.0,0.3893997371196747
10322172,-21.0,0.37370914220809937
10323073,-20.0,0.3769998550415039
10323895,-21.0,0.3679962158203125
10324716,-21.0,0.42894744873046875
10325537,-21.0,0.35980576276779175
10326387,-21.0,0.3937397599220276
10327229,-21.0,0.3797849416732788
10328065,-21.0,0.4391586184501648
10328884,-21.0,0.37892329692840576
10329763,-21.0,0.3884109854698181
10330587,-21.0,0.4125780463218689
10331471,-21.0,0.4202696681022644
10332384,-20.0,0.3945139944553375
10333202,-21.0,0.4244154691696167
10334024,-21.0,0.4292766749858856
10334846,-21.0,0.3838194012641907
10335669,-21.0,0.416291207075119
10336553,-21.0,0.41327905654907227
10337374,-21.0,0.38013049960136414
10338193,-21.0,0.40695396065711975
10339152,-19.0,0.38710862398147583
10339943,-21.0,0.3891160488128662
10340859,-20.0,0.3951496481895447
10341621,-21.0,0.3808829188346863
10342505,-21.0,0.4117596447467804
10343330,-21.0,0.39750105142593384
10344270,-21.0,0.40567100048065186
10345091,-21.0,0.39121532440185547
10345878,-21.0,0.3693980872631073
10346793,-20.0,0.37071824073791504
10347813,-20.0,0.37372878193855286
10348632,-21.0,0.41267237067222595
10349456,-21.0,0.3745422959327698
10350278,-21.0,0.4101773500442505
10351096,-21.0,0.401554673910141
10351916,-21.0,0.36607420444488525
10352738,-21.0,0.37451857328414917
10353562,-21.0,0.4117397367954254
10354321,-21.0,0.4072413146495819
10355202,-21.0,0.383436381816864
10356022,-21.0,0.41000205278396606
10356861,-21.0,0.3550862669944763
10357899,-20.0,0.38072824478149414
10358744,-21.0,0.39323604106903076
10359625,-21.0,0.34607431292533875
10360521,-20.0,0.40398842096328735
10361431,-21.0,0.38877636194229126
10362250,-21.0,0.3834914565086365
10363086,-20.0,0.4127224087715149
10363906,-21.0,0.3637847900390625
10364790,-21.0,0.4029948115348816
10365614,-21.0,0.39665138721466064
10366433,-21.0,0.44268283247947693
10367373,-20.0,0.43487805128097534
10368317,-21.0,0.39236539602279663
10369141,-21.0,0.4066310524940491
10370024,-21.0,0.41884925961494446
10370848,-21.0,0.3964848220348358
10371712,-21.0,0.39812958240509033
10372594,-21.0,0.4263378977775574
10373629,-20.0,0.38277751207351685
10374389,-21.0,0.3937051296234131
10375209,-21.0,0.40662288665771484
10376029,-21.0,0.36203497648239136
10376851,-21.0,0.42991751432418823
10377669,-21.0,0.42735984921455383
10378490,-21.0,0.3850597143173218
10379250,-21.0,0.4294140338897705
10380073,-21.0,0.4325558543205261
10380895,-21.0,0.3829314708709717
10381721,-21.0,0.37577715516090393
10382479,-21.0,0.39309608936309814
10383299,-21.0,0.4031931757926941
10384124,-21.0,0.3644387423992157
10385004,-21.0,0.3938710689544678
10385983,-20.0,0.3766435384750366
10386804,-21.0,0.40541157126426697
10387684,-21.0,0.40685564279556274
10388506,-21.0,0.4135201871395111
10389388,-21.0,0.37260615825653076
10390266,-21.0,0.42186662554740906
10391163,-20.0,0.4150916635990143
10391982,-21.0,0.4255428612232208
10392803,-21.0,0.4128885865211487
10393654,-21.0,0.4131854474544525
10394533,-21.0,0.38753771781921387
10395350,-21.0,0.3714461326599121
10396173,-21.0,0.394350528717041
10396996,-21.0,0.4230409562587738
10397938,-21.0,0.3890606760978699
10398755,-21.0,0.4122743606567383
10399650,-20.0,0.41064977645874023
10400474,-21.0,0.3601837158203125
10401294,-21.0,0.3754238188266754
10402119,-21.0,0.36781105399131775
10402940,-21.0,0.4073571562767029
10403884,-21.0,0.39788901805877686
10404897,-19.0,0.37075290083885193
10405805,-21.0,0.4074118733406067
10406722,-20.0,0.3984086215496063
10407593,-21.0,0.41456538438796997
10408475,-21.0,0.3735622763633728
10409293,-21.0,0.4105483889579773
10410113,-21.0,0.40346407890319824
10410937,-21.0,0.4097512662410736
10411756,-21.0,0.35785600543022156
10412577,-21.0,0.3879321813583374
10413461,-21.0,0.3544237017631531
10414284,-21.0,0.3855692148208618
10415104,-21.0,0.3871660828590393
10415927,-21.0,0.37825530767440796
10417000,-19.0,0.4015709161758423
10417901,-20.0,0.3849688172340393
10418721,-21.0,0.40739136934280396
10419605,-21.0,0.4028072953224182
10420429,-21.0,0.4184349477291107
10421250,-21.0,0.42241525650024414
10422090,-20.0,0.3907843828201294
10422911,-21.0,0.4197654724121094
10423734,-21.0,0.38438406586647034
10424559,-21.0,0.39738962054252625
10425445,-21.0,0.3817761540412903
10426390,-20.0,0.3960714340209961
10427209,-21.0,0.3721359670162201
10428046,-20.0,0.34236565232276917
10428805,-21.0,0.3953321576118469
10429971,-18.0,0.4110742509365082
10430854,-21.0,0.34848886728286743
10431834,-19.0,0.41326379776000977
10432687,-21.0,0.3903881311416626
10433509,-21.0,0.3948059380054474
10434356,-21.0,0.38506442308425903
10435176,-21.0,0.4063246250152588
10435994,-21.0,0.3700464069843292
10436819,-21.0,0.379369854927063
10437703,-21.0,0.3799114227294922
10438529,-21.0,0.36856353282928467
10439411,-21.0,0.38139405846595764
10440291,-21.0,0.40014588832855225
10441113,-21.0,0.42038100957870483
10441935,-21.0,0.36426591873168945
10442759,-21.0,0.3788735270500183
10443579,-21.0,0.3966478705406189
10444396,-21.0,0.3846849799156189
10445218,-21.0,0.35385948419570923
10446129,-21.0,0.38835567235946655
10446892,-21.0,0.4037129580974579
10447716,-21.0,0.3869234621524811
10448540,-21.0,0.41148149967193604
10449427,-21.0,0.33712875843048096
10450329,-20.0,0.422880619764328
10451093,-21.0,0.42277562618255615
10451943,-21.0,0.43456363677978516
10452762,-21.0,0.4223299026489258
10453595,-20.0,0.41972625255584717
10454419,-21.0,0.40960463881492615
10455206,-21.0,0.3467944264411926
10456028,-21.0,0.39397376775741577
10456912,-21.0,0.39402902126312256
10457731,-21.0,0.37662044167518616
10458581,-21.0,0.3365042209625244
10459554,-21.0,0.41025078296661377
10460372,-21.0,0.3730284571647644
10461198,-21.0,0.3880085349082947
10462021,-21.0,0.40336519479751587
10462842,-21.0,0.38951653242111206
10463662,-21.0,0.3765677809715271
10464484,-21.0,0.41907694935798645
10465307,-21.0,0.3430994749069214
10466146,-20.0,0.4080977439880371
10466935,-21.0,0.3750004768371582
10467816,-21.0,0.4021856188774109
10468601,-21.0,0.38895416259765625
10469420,-21.0,0.37282514572143555
10470241,-21.0,0.36699390411376953
10471000,-21.0,0.39307332038879395
10471819,-21.0,0.4255824089050293
10472637,-21.0,0.3982611298561096
10473425,-21.0,0.40032851696014404
10474244,-21.0,0.40466541051864624
10475007,-21.0,0.3571745753288269
10475827,-21.0,0.38570308685302734
10476727,-20.0,0.4029805064201355
10477640,-20.0,0.3643696904182434
10478466,-21.0,0.43281590938568115
10479287,-21.0,0.3725774884223938
10480109,-21.0,0.4133507013320923
10480929,-21.0,0.3805403709411621
10481752,-21.0,0.3953777551651001
10482575,-21.0,0.428191214799881
10483366,-21.0,0.38591158390045166
10484153,-21.0,0.3737642168998718
10484914,-21.0,0.39649486541748047
10485732,-21.0,0.3657378554344177
10486555,-21.0,0.4218635559082031
10487403,-21.0,0.3967094421386719
10488226,-21.0,0.3661156892776489
10488985,-21.0,0.43880495429039
10489808,-21.0,0.3986976742744446
10490716,-21.0,0.4157504141330719
10491750,-20.0,0.38842082023620605
10492570,-21.0,0.38366448879241943
10493392,-21.0,0.3679357171058655
10494340,-20.0,0.37502729892730713
10495164,-21.0,0.39576244354248047
10495987,-21.0,0.35843878984451294
10496810,-21.0,0.4000975489616394
10497693,-21.0,0.4086841940879822
10498604,-21.0,0.38745447993278503
10499422,-21.0,0.3754481077194214
10500244,-21.0,0.393284410238266
10501067,-21.0,0.3560018539428711
10501915,-21.0,0.3797122538089752
10502816,-20.0,0.37263745069503784
10503700,-21.0,0.4388304352760315
10504667,-19.0,0.3950594663619995
10505502,-20.0,0.3745547831058502
10506344,-21.0,0.39072996377944946
10507167,-21.0,0.39872121810913086
10508018,-21.0,0.3877394199371338
10508843,-21.0,0.3916766345500946
10509662,-21.0,0.45396167039871216
10510540,-21.0,0.3818987011909485
10511361,-21.0,0.35881921648979187
10512242,-21.0,0.42241567373275757
10513066,-21.0,0.3728176951408386
10513884,-21.0,0.3670424520969391
10514732,-21.0,0.35454460978507996
10515580,-21.0,0.4123847782611847
10516432,-21.0,0.4028088450431824
10517257,-21.0,0.3764505386352539
10518082,-21.0,0.40486598014831543
10518903,-21.0,0.368958055973053
10519724,-21.0,0.39622604846954346
10520549,-21.0,0.3879450559616089
10521313,-21.0,0.3835236430168152
10522196,-21.0,0.3692716360092163
10523015,-21.0,0.37443768978118896
10523865,-21.0,0.38680779933929443
10524685,-21.0,0.3635820746421814
10525538,-21.0,0.3924807012081146
10526357,-21.0,0.3866977095603943
10527193,-20.0,0.3782934546470642
10527984,-21.0,0.38717928528785706
10529058,-19.0,0.39896881580352783
10529822,-21.0,0.3942944407463074
10530648,-21.0,0.3844410479068756
10531526,-21.0,0.3981168866157532
10532345,-21.0,0.36555275321006775
10533210,-20.0,0.36205238103866577
10534029,-21.0,0.3853020668029785
10534879,-21.0,0.3769250810146332
10535761,-21.0,0.4045853316783905
10536580,-21.0,0.3838682174682617
10537401,-21.0,0.3659934997558594
10538222,-21.0,0.3868890106678009
10539068,-21.0,0.3963722884654999
10539920,-21.0,0.4160037338733673
10540739,-21.0,0.36640018224716187
10541559,-21.0,0.47835999727249146
10542499,-21.0,0.40909990668296814
10543380,-21.0,0.37298476696014404
10544230,-21.0,0.391941636800766
10545145,-20.0,0.41412755846977234
10546268,-21.0,0.39686310291290283
10547166,-20.0,0.4134266972541809
10547956,-21.0,0.4385945200920105
10548838,-21.0,0.4167343080043793
10549738,-21.0,0.40203624963760376
10550715,-20.0,0.36637401580810547
10551534,-21.0,0.38570600748062134
10552322,-21.0,0.4172589182853699
10553139,-21.0,0.38590872287750244
10554020,-21.0,0.38909149169921875
10554814,-21.0,0.36822593212127686
10555635,-21.0,0.37036508321762085
10556454,-21.0,0.39826709032058716
10557272,-21.0,0.3789963126182556
10558218,-21.0,0.37458735704421997
10559163,-21.0,0.41832610964775085
10560013,-21.0,0.4137229025363922
10560835,-21.0,0.3586199879646301
10561659,-21.0,0.41360974311828613
10562480,-21.0,0.41155216097831726
10563301,-21.0,0.4382072389125824
10564122,-21.0,0.4301314949989319
10564943,-21.0,0.3922172784805298
10565705,-21.0,0.4289262890815735
10566574,-20.0,0.3991977572441101
10567455,-21.0,0.41352444887161255
10568475,-21.0,0.36805880069732666
10569262,-21.0,0.38414067029953003
10570190,-21.0,0.40786948800086975
10571009,-21.0,0.4246782660484314
10571833,-21.0,0.40665221214294434
10572653,-21.0,0.42710644006729126
10573470,-21.0,0.38748401403427124
10574289,-21.0,0.38735830783843994
10575111,-21.0,0.39239442348480225
10575898,-21.0,0.3687981963157654
10576716,-21.0,0.39259713888168335
10577540,-21.0,0.3886202573776245
10578331,-21.0,0.3865348696708679
10579211,-21.0,0.3375978469848633
10580033,-21.0,0.3806712031364441
10580858,-21.0,0.4356461763381958
10581736,-21.0,0.37773358821868896
10582556,-21.0,0.4188815951347351
10583468,-21.0,0.42265063524246216
10584320,-21.0,0.4049348831176758
10585217,-20.0,0.3843168616294861
10586053,-20.0,0.3532436490058899
10586871,-21.0,0.4044457674026489
10587694,-21.0,0.37040770053863525
10588518,-21.0,0.3725776970386505
10589372,-21.0,0.392169713973999
10590196,-21.0,0.3621219992637634
10591126,-21.0,0.36930686235427856
10591944,-21.0,0.4357786774635315
10592764,-21.0,0.41667261719703674
10593588,-21.0,0.3790590167045593
10594412,-21.0,0.3825855255126953
10595233,-21.0,0.3942336440086365
10596054,-21.0,0.38875219225883484
10596904,-21.0,0.38961049914360046
10597757,-21.0,0.3796561062335968
10598558,-21.0,0.4017549753189087
10599378,-21.0,0.3673957586288452
10600166,-21.0,0.3848160207271576
10600990,-21.0,0.3946150541305542
10601753,-21.0,0.3841279149055481
10602577,-21.0,0.35491275787353516
10603396,-21.0,0.3855881690979004
10604220,-21.0,0.4267541170120239
10605045,-21.0,0.3880259394645691
10605923,-21.0,0.385079950094223
10606810,-21.0,0.3928084969520569
10607693,-21.0,0.38308173418045044
10608571,-21.0,0.4312880039215088
10609389,-21.0,0.38609522581100464
10610287,-20.0,0.4254645109176636
10611106,-21.0,0.38073521852493286
10611989,-21.0,0.38822951912879944
10612850,-21.0,0.3690468668937683
10613752,-20.0,0.35918551683425903
10614575,-21.0,0.42663082480430603
10615536,-20.0,0.39736121892929077
10616357,-21.0,0.377693235874176
10617269,-21.0,0.37255507707595825
10618209,-20.0,0.4157499372959137
10619033,-21.0,0.4439657926559448
10619881,-21.0,0.4054650664329529
10620760,-21.0,0.39928191900253296
10621641,-21.0,0.36443209648132324
10622460,-21.0,0.37987715005874634
10623285,-21.0,0.389836847782135
10624166,-21.0,0.3919294476509094
10624986,-21.0,0.3662228584289551
10625871,-21.0,0.3979746103286743
10626712,-20.0,0.4200119972229004
10627533,-21.0,0.37877678871154785
10628353,-21.0,0.3819528818130493
10629113,-21.0,0.40681442618370056
10629934,-21.0,0.3744710385799408
10630876,-21.0,0.38042768836021423
10631699,-21.0,0.381137490272522
10632523,-21.0,0.3879236578941345
10633347,-21.0,0.3880682587623596
10634291,-21.0,0.39750856161117554
10635112,-21.0,0.3851538300514221
10635931,-21.0,0.3972741961479187
10636816,-21.0,0.4127817153930664
10637642,-21.0,0.38046592473983765
10638463,-21.0,0.43003568053245544
10639287,-21.0,0.38695746660232544
10640112,-21.0,0.3862331807613373
10640936,-21.0,0.4060685932636261
10641760,-21.0,0.34460142254829407
10642580,-21.0,0.4006875157356262
10643404,-21.0,0.38333889842033386
10644226,-21.0,0.39725226163864136
10645079,-21.0,0.39875537157058716
10645975,-20.0,0.3892001211643219
10646765,-21.0,0.414814829826355
10647606,-21.0,0.35476166009902954
10648429,-21.0,0.3736233711242676
10649186,-21.0,0.3917568325996399
10650063,-21.0,0.3792441487312317
10650885,-21.0,0.35698652267456055
10651705,-21.0,0.3885875344276428
10652552,-21.0,0.4008921980857849
10653372,-21.0,0.3998504877090454
10654312,-21.0,0.39912188053131104
10655148,-20.0,0.3994605839252472
10655986,-20.0,0.4077984094619751
10656810,-21.0,0.42020970582962036
10657630,-21.0,0.44459646940231323
10658513,-21.0,0.358682245016098
10659334,-21.0,0.41179758310317993
10660401,-19.0,0.36256325244903564
10661222,-21.0,0.3942093849182129
10662068,-21.0,0.36500781774520874
10662889,-21.0,0.37114417552948
10663712,-21.0,0.37358808517456055
10664533,-21.0,0.4340088665485382
10665606,-19.0,0.3766268491744995
10666425,-21.0,0.37629297375679016
10667246,-21.0,0.4150657057762146
10668066,-21.0,0.35614293813705444
10668885,-21.0,0.372629851102829
10669705,-21.0,0.42460721731185913
10670524,-21.0,0.3862747550010681
10671341,-21.0,0.36024370789527893
10672188,-21.0,0.3703751564025879
10673072,-21.0,0.39166486263275146
10673894,-21.0,0.3650228977203369
10674916,-20.0,0.37869980931282043
10675735,-21.0,0.42828893661499023
10676558,-21.0,0.4316111207008362
10677475,-20.0,0.37633615732192993
10678300,-21.0,0.4111868143081665
10679152,-21.0,0.3385559022426605
10680097,-21.0,0.3905079662799835
10680914,-21.0,0.440555214881897
10681855,-21.0,0.39894533157348633
10682737,-21.0,0.4151257872581482
10683617,-21.0,0.38434118032455444
10684604,-20.0,0.42328178882598877
10685396,-21.0,0.3935001790523529
10686218,-21.0,0.3474726676940918
10686978,-21.0,0.373543381690979
10687800,-21.0,0.3652893304824829
10688622,-21.0,0.3792092204093933
10689445,-21.0,0.39880460500717163
10690330,-21.0,0.36428752541542053
10691148,-21.0,0.4150143265724182
10691967,-21.0,0.40091413259506226
10692849,-21.0,0.3960376977920532
10693672,-21.0,0.377327561378479
10694524,-21.0,0.3942379057407379
10695409,-21.0,0.4052807688713074
10696231,-21.0,0.3638083040714264
10697041,-21.0,0.36284852027893066
10697867,-21.0,0.4127432107925415
10698751,-21.0,0.3984016180038452
10699634,-21.0,0.3823026418685913
10700514,-21.0,0.3767731189727783
10701274,-21.0,0.3937379717826843
10702098,-21.0,0.39429837465286255
10702935,-20.0,0.3902837932109833
10703756,-21.0,0.36721086502075195
10704637,-21.0,0.3546430468559265
10705538,-20.0,0.39729732275009155
10706362,-21.0,0.3947150707244873
10707184,-21.0,0.4090391993522644
10708002,-21.0,0.4156721830368042
10708839,-21.0,0.4157978594303131
10709657,-21.0,0.4059875011444092
10710612,-20.0,0.37294501066207886
10711557,-21.0,0.4176693260669708
10712378,-21.0,0.38735485076904297
10713198,-21.0,0.35177499055862427
10714035,-20.0,0.4303433895111084
10714887,-21.0,0.3962576687335968
10715770,-21.0,0.3881847858428955
10716588,-21.0,0.4222921133041382
10717410,-21.0,0.3740888833999634
10718171,-21.0,0.39227110147476196
10718990,-21.0,0.39621883630752563
10719811,-21.0,0.3542238473892212
10720633,-21.0,0.35560357570648193
10721456,-21.0,0.3800871968269348
10722276,-21.0,0.4226076602935791
10723099,-21.0,0.3848390579223633
10723921,-21.0,0.4073896110057831
10724743,-21.0,0.3586154282093048
10725564,-21.0,0.3726273775100708
10726386,-21.0,0.3517962694168091
10727235,-21.0,0.3864302635192871
10728061,-21.0,0.384641170501709
10728882,-21.0,0.406465619802475
10729762,-21.0,0.3633388876914978
10730581,-21.0,0.43222880363464355
10731407,-21.0,0.42619192600250244
10732227,-21.0,0.38656795024871826
10733078,-21.0,0.3893789052963257
10733926,-21.0,0.406802237033844
10734683,-21.0,0.4115176200866699
10735530,-21.0,0.38249582052230835
10736348,-21.0,0.3955942988395691
10737169,-21.0,0.33413389325141907
10737962,-21.0,0.353004515171051
10738782,-21.0,0.3751766085624695
10739607,-21.0,0.3931611180305481
10740429,-21.0,0.3935694694519043
10741249,-21.0,0.37506797909736633
10742073,-21.0,0.4016430079936981
10742986,-21.0,0.34552472829818726
10743804,-21.0,0.35736510157585144
10744684,-21.0,0.4085525572299957
10745662,-20.0,0.35961270332336426
10746483,-21.0,0.39500224590301514
10747365,-21.0,0.3572733998298645
10748323,-20.0,0.38515666127204895
10749146,-21.0,0.37991249561309814
10749933,-21.0,0.3630715012550354
10750752,-21.0,0.38767558336257935
10751952,-17.0,0.36816173791885376
10752919,-21.0,0.3713744878768921
10753864,-20.0,0.3429701328277588
10754685,-21.0,0.4170888662338257
10755658,-21.0,0.37637510895729065
10756481,-21.0,0.3824922740459442
10757303,-21.0,0.41573506593704224
10758124,-21.0,0.3693590760231018
10758946,-21.0,0.3628796935081482
10759830,-21.0,0.38501840829849243
10760651,-21.0,0.428453266620636
10761489,-20.0,0.38759371638298035
10762368,-21.0,0.4108043909072876
10763264,-20.0,0.39435434341430664
10764084,-21.0,0.36992621421813965
10764907,-21.0,0.3776663541793823
10765879,-20.0,0.41287511587142944
10766700,-21.0,0.3918244242668152
10767521,-21.0,0.36977505683898926
10768340,-21.0,0.38782402873039246
10769163,-21.0,0.3913852274417877
10770048,-21.0,0.37755608558654785
10770884,-20.0,0.38916563987731934
10771703,-21.0,0.3843933641910553
10772556,-21.0,0.40675055980682373
10773374,-21.0,0.40273743867874146
10774219,-21.0,0.4122563600540161
10775043,-21.0,0.3451649248600006
10775894,-21.0,0.40204811096191406
10776743,-21.0,0.3477663993835449
10777747,-21.0,0.371830552816391
10778628,-21.0,0.3764021694660187
10779512,-21.0,0.4139178693294525
10780715,-17.0,0.3803747892379761
10781595,-21.0,0.36556291580200195
10782585,-19.0,0.40737971663475037
10783453,-20.0,0.4267616868019104
10784272,-21.0,0.39439523220062256
10785150,-21.0,0.41584888100624084
10786000,-21.0,0.3902261257171631
10786913,-20.0,0.4020313620567322
10787732,-21.0,0.39181774854660034
10788624,-20.0,0.41537678241729736
10789460,-21.0,0.4129161834716797
10790281,-21.0,0.43636107444763184
10791238,-20.0,0.39858391880989075
10792110,-21.0,0.395874559879303
10792929,-21.0,0.43185579776763916
10793754,-21.0,0.3975931406021118
10794512,-21.0,0.39421218633651733
10795334,-21.0,0.41356176137924194
10796158,-21.0,0.3857693374156952
10797005,-21.0,0.37330594658851624
10797824,-21.0,0.38825565576553345
10798649,-21.0,0.3778466582298279
10799472,-21.0,0.41058874130249023
10800261,-21.0,0.4046615958213806
10801275,-20.0,0.38523268699645996
10802160,-21.0,0.35142871737480164
10802920,-21.0,0.38483086228370667
10803743,-21.0,0.386557936668396
10804593,-21.0,0.3838600218296051
10805430,-20.0,0.37876588106155396
10806250,-21.0,0.38242048025131226
10807071,-21.0,0.39789295196533203
10807891,-21.0,0.40899717807769775
10808710,-21.0,0.3860788345336914
10809529,-21.0,0.40754857659339905
10810305,-21.0,0.36746451258659363
10811190,-21.0,0.3767390847206116
10812014,-21.0,0.39553502202033997
10812833,-21.0,0.39429157972335815
10813715,-21.0,0.41246432065963745
10814614,-21.0,0.4085646867752075
10815438,-21.0,0.3818950355052948
10816196,-21.0,0.3548871874809265
10817033,-20.0,0.3669452667236328
10817857,-21.0,0.4068261682987213
10818679,-21.0,0.37317371368408203
10819558,-21.0,0.4156656861305237
10820380,-21.0,0.40592676401138306
10821202,-21.0,0.43239063024520874
10822022,-21.0,0.36559081077575684
10822808,-21.0,0.3903725743293762
10823656,-21.0,0.3761107921600342
10824539,-21.0,0.386435866355896
10825356,-21.0,0.4052584171295166
10826181,-21.0,0.3579031825065613
10826961,-21.0,0.37293243408203125
10827842,-21.0,0.38906407356262207
10828633,-21.0,0.40246397256851196
10829516,-21.0,0.41461077332496643
10830393,-21.0,0.39159679412841797
10831212,-21.0,0.3600436747074127
10832003,-21.0,0.3708047866821289
10832823,-21.0,0.3800579905509949
10833598,-21.0,0.44798868894577026
10834379,-21.0,0.3566594421863556
10835289,-21.0,0.3685690462589264
10836174,-21.0,0.4025777578353882
10837067,-20.0,0.3813744783401489
10837889,-21.0,0.4045300781726837
10838653,-21.0,0.39415866136550903
10839474,-21.0,0.3976014256477356
10840297,-21.0,0.3760751187801361
10841277,-20.0,0.3890320062637329
10842058,-21.0,0.37092161178588867
10842881,-21.0,0.3718838393688202
10843700,-21.0,0.3907732665538788
10844551,-21.0,0.3687385320663452
10845434,-21.0,0.43034419417381287
10846251,-21.0,0.3996676206588745
10847252,-20.0,0.3777831196784973
10848076,-21.0,0.3505387306213379
10848900,-21.0,0.3969154953956604
10849724,-21.0,0.4311649203300476
10850559,-20.0,0.4608551263809204
10851376,-21.0,0.36170250177383423
10852198,-21.0,0.38151055574417114
10853021,-21.0,0.39370793104171753
10853904,-21.0,0.37907707691192627
10854739,-20.0,0.43098941445350647
10855563,-21.0,0.3816295564174652
10856533,-21.0,0.4254691004753113
10857519,-19.0,0.43948930501937866
10858339,-21.0,0.3792344629764557
10859230,-20.0,0.3555697798728943
10860068,-21.0,0.3673953115940094
10860885,-21.0,0.3551467955112457
10861642,-21.0,0.3805472254753113
10862402,-21.0,0.40824007987976074
10863192,-21.0,0.4004174470901489
10864016,-21.0,0.37730368971824646
10864856,-21.0,0.39305275678634644
10865703,-21.0,0.41419124603271484
10866493,-21.0,0.40247344970703125
10867315,-21.0,0.3907187581062317
10868133,-21.0,0.3537195920944214
10869103,-21.0,0.35031843185424805
10870016,-21.0,0.4313959777355194
10871017,-20.0,0.37531226873397827
10871836,-21.0,0.3587573170661926
10872660,-21.0,0.37887927889823914
10873479,-21.0,0.3870137631893158
10874302,-21.0,0.33682316541671753
10875218,-20.0,0.39135146141052246
10876068,-21.0,0.39449790120124817
10876951,-21.0,0.4165217876434326
10877834,-21.0,0.41107985377311707
10878685,-21.0,0.36900192499160767
10879445,-21.0,0.4133407473564148
10880262,-21.0,0.40265071392059326
10881079,-21.0,0.4483759105205536
10881843,-21.0,0.383068323135376
10882723,-21.0,0.4605359137058258
10883540,-21.0,0.3818771243095398
10884381,-20.0,0.4068991541862488
10885198,-21.0,0.39826133847236633
10886016,-21.0,0.398805171251297
10886835,-21.0,0.44442108273506165
10887625,-21.0,0.38381075859069824
10888412,-21.0,0.3878142833709717
10889294,-21.0,0.4015994369983673
10890114,-21.0,0.3986680209636688
10890900,-21.0,0.4218063950538635
10891845,-21.0,0.3929585814476013
10892664,-21.0,0.41847139596939087
10893569,-21.0,0.40272456407546997
10894326,-21.0,0.42926025390625
10895223,-20.0,0.367646723985672
10896041,-21.0,0.38351404666900635
10896859,-21.0,0.4057480990886688
10897681,-21.0,0.3856329023838043
10898443,-21.0,0.41498643159866333
10899493,-19.0,0.39519673585891724
10900316,-21.0,0.4155508279800415
10901138,-21.0,0.37760820984840393
10901974,-20.0,0.42674678564071655
10902793,-21.0,0.3928859233856201
10903552,-21.0,0.42335641384124756
10904400,-21.0,0.43486288189888
10905223,-21.0,0.40794092416763306
10906163,-21.0,0.3792455494403839
10907121,-20.0,0.38206642866134644
10907944,-21.0,0.36322855949401855
10908767,-21.0,0.3895418047904968
10909612,-21.0,0.40792763233184814
10910397,-21.0,0.39660024642944336
10911279,-21.0,0.3893299102783203
10912128,-21.0,0.42843514680862427
10913006,-21.0,0.3802347183227539
10913767,-21.0,0.4036141037940979
10914586,-21.0,0.4152504801750183
10915471,-21.0,0.4241652190685272
10916295,-21.0,0.34846651554107666
10917117,-21.0,0.38944339752197266
10917938,-21.0,0.3919105529785156
10918758,-21.0,0.4045290946960449
10919704,-20.0,0.3743476867675781
10920529,-21.0,0.36184847354888916
10921411,-21.0,0.3960033655166626
10922232,-21.0,0.3824933171272278
10923053,-21.0,0.42349934577941895
10924011,-20.0,0.3795872926712036
10924771,-21.0,0.42385685443878174
10925764,-21.0,0.4230641722679138
10926648,-21.0,0.3924412131309509
10927466,-21.0,0.38685959577560425
10928289,-21.0,0.39343351125717163
10929129,-20.0,0.39552992582321167
10930010,-21.0,0.3975052237510681
10930894,-21.0,0.3924000859260559
10931747,-21.0,0.3794401288032532
10932525,-21.0,0.4093471169471741
10933344,-21.0,0.3750647306442261
10934164,-21.0,0.367592990398407
10935012,-21.0,0.4012121558189392
10935830,-21.0,0.38898956775665283
10936669,-20.0,0.40845268964767456
10937451,-21.0,0.3934478163719177
10938273,-21.0,0.4005213677883148
10939172,-20.0,0.37860143184661865
10939994,-21.0,0.36687222123146057
10940814,-21.0,0.38788872957229614
10941662,-21.0,0.39811044931411743
10942541,-21.0,0.3756852149963379
10943364,-21.0,0.37411242723464966
10944183,-21.0,0.370156854391098
10945165,-20.0,0.3884454369544983
10945987,-21.0,0.3834349513053894
10946807,-21.0,0.38642168045043945
10947631,-21.0,0.3991739749908447
10948393,-21.0,0.35780903697013855
10949179,-21.0,0.3846343755722046
10949998,-21.0,0.3910837769508362
10950831,-20.0,0.4358638525009155
10951653,-21.0,0.4361777901649475
10952477,-21.0,0.43287163972854614
10953295,-21.0,0.37047386169433594
10954236,-21.0,0.41875433921813965
10955057,-21.0,0.36135807633399963
10955945,-21.0,0.3817129135131836
10956769,-21.0,0.41346997022628784
10957688,-20.0,0.4307093024253845
10958509,-21.0,0.364458829164505
10959332,-21.0,0.38232871890068054
10960169,-21.0,0.4021359384059906
10960992,-21.0,0.3924839496612549
10961875,-21.0,0.36095815896987915
10962665,-21.0,0.4337162673473358
10963560,-20.0,0.3787176012992859
10964489,-20.0,0.37171149253845215
10965312,-21.0,0.3893926441669464
10966260,-20.0,0.3891163468360901
10967079,-21.0,0.3970889449119568
10967901,-21.0,0.39768338203430176
10968782,-21.0,0.38048356771469116
10969604,-21.0,0.41039347648620605
10970486,-21.0,0.418101966381073
10971331,-21.0,0.3971322476863861
10972153,-21.0,0.38160592317581177
10972972,-21.0,0.3995266556739807
10973783,-21.0,0.36555248498916626
10974606,-21.0,0.3949339985847473
10975427,-21.0,0.3586738109588623
10976248,-21.0,0.3961424231529236
10977067,-21.0,0.3993913233280182
10977884,-21.0,0.39427629113197327
10978706,-21.0,0.357269287109375
10979587,-21.0,0.3830198645591736
10980408,-21.0,0.38746803998947144
10981348,-21.0,0.38292622566223145
10982212,-20.0,0.3995627760887146
10983050,-20.0,0.40075382590293884
10983873,-21.0,0.39462554454803467
10984815,-20.0,0.39550551772117615
10985661,-21.0,0.3680393695831299
10986482,-21.0,0.39425259828567505
10987304,-21.0,0.37564340233802795
10988127,-21.0,0.3997201919555664
10988986,-20.0,0.45545583963394165
10989870,-21.0,0.3876053988933563
10990656,-21.0,0.37655508518218994
10991504,-21.0,0.35706448554992676
10992386,-21.0,0.38158440589904785
10993269,-21.0,0.44514375925064087
10994087,-21.0,0.37501949071884155
10994969,-21.0,0.389374315738678
10995728,-21.0,0.3941110670566559
10996551,-21.0,0.3799437880516052
10997430,-21.0,0.368894100189209
10998251,-21.0,0.39385655522346497
10999135,-21.0,0.4006829261779785
11000000,-20.0,0.42653918266296387
